call_id,date,time,agent,department,answered,resolved,speed_of_answer,avg_talk_duration,satisfaction_rating
ID0001,2015-01-01,09:12:58,Diane,Washing Machine,yes,yes,109.0,143.0,3.0
ID0002,2015-01-01,09:12:58,Becky,Air Conditioner,yes,no,70.0,242.0,3.0
ID0003,2015-01-01,09:47:31,Stewart,Washing Machine,yes,yes,10.0,131.0,3.0
ID0004,2015-01-01,09:47:31,Greg,Washing Machine,yes,yes,53.0,37.0,2.0
ID0005,2015-01-01,10:00:29,Becky,Toaster,yes,yes,95.0,60.0,3.0
ID0006,2015-01-01,10:00:29,Stewart,Air Conditioner,no,no,,,
ID0007,2015-01-01,10:22:05,Diane,Toaster,yes,yes,24.0,220.0,2.0
ID0008,2015-01-01,10:22:05,Diane,Toaster,yes,yes,22.0,38.0,4.0
ID0009,2015-01-01,11:13:55,Greg,Fridge,yes,yes,15.0,398.0,4.0
ID0010,2015-01-01,11:13:55,Jim,Television,yes,yes,78.0,63.0,3.0
ID0011,2015-01-01,11:15:22,Joe,Toaster,no,no,,,
ID0012,2015-01-01,11:15:22,Greg,Toaster,yes,yes,50.0,31.0,4.0
ID0013,2015-01-01,11:52:48,Joe,Toaster,yes,yes,84.0,213.0,3.0
ID0014,2015-01-01,11:52:48,Martha,Washing Machine,yes,yes,89.0,343.0,3.0
ID0015,2015-01-01,11:55:41,Becky,Fridge,yes,yes,48.0,227.0,4.0
ID0016,2015-01-01,11:55:41,Becky,Fridge,yes,yes,63.0,326.0,2.0
ID0017,2015-01-01,11:57:07,Greg,Air Conditioner,yes,yes,45.0,332.0,5.0
ID0018,2015-01-01,11:57:07,Becky,Fridge,no,no,,,
ID0019,2015-01-01,12:01:26,Jim,Television,no,no,,,
ID0020,2015-01-01,12:01:26,Jim,Washing Machine,yes,yes,101.0,147.0,3.0
ID0021,2015-01-01,12:02:53,Jim,Air Conditioner,yes,yes,74.0,322.0,5.0
ID0022,2015-01-01,12:02:53,Dan,Fridge,yes,yes,89.0,350.0,5.0
ID0023,2015-01-01,12:02:53,Martha,Air Conditioner,no,no,,,
ID0024,2015-01-01,12:02:53,Joe,Air Conditioner,yes,yes,68.0,324.0,2.0
ID0025,2015-01-01,12:30:14,Diane,Television,yes,yes,97.0,248.0,3.0
ID0026,2015-01-01,12:30:14,Dan,Toaster,no,no,,,
ID0027,2015-01-01,12:40:19,Joe,Television,yes,yes,39.0,239.0,3.0
ID0028,2015-01-01,12:40:19,Martha,Washing Machine,yes,yes,51.0,153.0,4.0
ID0029,2015-01-01,12:40:19,Joe,Air Conditioner,yes,yes,106.0,129.0,4.0
ID0030,2015-01-01,12:40:19,Stewart,Television,yes,yes,107.0,355.0,3.0
ID0031,2015-01-01,13:24:58,Joe,Fridge,yes,yes,22.0,308.0,3.0
ID0032,2015-01-01,13:24:58,Joe,Television,yes,yes,122.0,127.0,4.0
ID0033,2015-01-01,13:33:36,Diane,Air Conditioner,yes,yes,57.0,409.0,3.0
ID0034,2015-01-01,13:33:36,Jim,Toaster,yes,no,53.0,103.0,2.0
ID0035,2015-01-01,13:42:14,Becky,Television,yes,yes,119.0,91.0,5.0
ID0036,2015-01-01,13:42:14,Diane,Television,no,no,,,
ID0037,2015-01-01,13:42:14,Martha,Air Conditioner,yes,no,20.0,71.0,2.0
ID0038,2015-01-01,13:42:14,Joe,Air Conditioner,yes,yes,52.0,36.0,3.0
ID0039,2015-01-01,14:38:24,Stewart,Washing Machine,yes,yes,74.0,400.0,1.0
ID0040,2015-01-01,14:38:24,Greg,Air Conditioner,yes,yes,49.0,149.0,3.0
ID0041,2015-01-01,14:47:02,Jim,Air Conditioner,yes,yes,27.0,129.0,5.0
ID0042,2015-01-01,14:47:02,Greg,Washing Machine,yes,yes,100.0,294.0,5.0
ID0043,2015-01-01,14:47:02,Diane,Air Conditioner,yes,yes,45.0,380.0,3.0
ID0044,2015-01-01,14:47:02,Becky,Toaster,yes,yes,98.0,194.0,5.0
ID0045,2015-01-01,15:44:38,Diane,Fridge,yes,yes,25.0,312.0,5.0
ID0046,2015-01-01,15:44:38,Jim,Washing Machine,no,no,,,
ID0047,2015-01-01,17:13:55,Dan,Fridge,yes,yes,107.0,142.0,3.0
ID0048,2015-01-01,17:13:55,Martha,Washing Machine,no,no,,,
ID0049,2015-01-01,17:25:26,Joe,Air Conditioner,yes,yes,104.0,215.0,5.0
ID0050,2015-01-01,17:25:26,Dan,Air Conditioner,no,no,,,
ID0051,2015-01-01,17:35:31,Martha,Washing Machine,no,no,,,
ID0052,2015-01-01,17:35:31,Jim,Fridge,no,no,,,
ID0053,2015-01-01,17:36:58,Stewart,Toaster,yes,yes,13.0,75.0,5.0
ID0054,2015-01-01,17:36:58,Dan,Toaster,yes,yes,119.0,151.0,5.0
ID0055,2015-01-01,17:44:10,Becky,Television,yes,yes,35.0,79.0,3.0
ID0056,2015-01-01,17:44:10,Dan,Television,yes,yes,83.0,404.0,4.0
ID0057,2015-01-01,17:57:07,Jim,Air Conditioner,yes,yes,48.0,171.0,2.0
ID0058,2015-01-01,17:57:07,Stewart,Fridge,yes,yes,45.0,202.0,5.0
ID0059,2015-01-02,09:05:46,Dan,Air Conditioner,yes,yes,65.0,360.0,5.0
ID0060,2015-01-02,09:05:46,Dan,Washing Machine,yes,yes,50.0,266.0,3.0
ID0061,2015-01-02,09:18:43,Diane,Television,yes,yes,17.0,375.0,3.0
ID0062,2015-01-02,09:18:43,Joe,Air Conditioner,no,no,,,
ID0063,2015-01-02,09:20:10,Dan,Television,yes,yes,96.0,405.0,1.0
ID0064,2015-01-02,09:20:10,Stewart,Television,yes,yes,90.0,382.0,3.0
ID0065,2015-01-02,09:38:53,Jim,Washing Machine,yes,yes,98.0,384.0,2.0
ID0066,2015-01-02,09:38:53,Diane,Air Conditioner,yes,no,90.0,83.0,4.0
ID0067,2015-01-02,10:04:48,Jim,Washing Machine,yes,yes,98.0,348.0,5.0
ID0068,2015-01-02,10:04:48,Jim,Washing Machine,yes,yes,70.0,192.0,5.0
ID0069,2015-01-02,10:33:36,Diane,Washing Machine,yes,yes,69.0,284.0,4.0
ID0070,2015-01-02,10:33:36,Diane,Fridge,no,no,,,
ID0071,2015-01-02,11:08:10,Joe,Air Conditioner,yes,yes,120.0,130.0,4.0
ID0072,2015-01-02,11:08:10,Stewart,Fridge,yes,yes,113.0,351.0,5.0
ID0073,2015-01-02,11:26:53,Greg,Toaster,yes,no,10.0,138.0,5.0
ID0074,2015-01-02,11:26:53,Becky,Washing Machine,yes,yes,122.0,292.0,1.0
ID0075,2015-01-02,11:42:43,Stewart,Air Conditioner,yes,no,125.0,97.0,3.0
ID0076,2015-01-02,11:42:43,Diane,Fridge,no,no,,,
ID0077,2015-01-02,11:47:02,Martha,Air Conditioner,yes,yes,33.0,397.0,2.0
ID0078,2015-01-02,11:47:02,Dan,Washing Machine,yes,yes,51.0,382.0,2.0
ID0079,2015-01-02,11:54:14,Becky,Washing Machine,yes,yes,58.0,208.0,3.0
ID0080,2015-01-02,11:54:14,Dan,Fridge,yes,yes,121.0,287.0,5.0
ID0081,2015-01-02,12:00:00,Diane,Fridge,yes,yes,118.0,125.0,4.0
ID0082,2015-01-02,12:00:00,Greg,Toaster,yes,yes,52.0,416.0,4.0
ID0083,2015-01-02,12:20:10,Stewart,Fridge,yes,yes,55.0,284.0,3.0
ID0084,2015-01-02,12:20:10,Dan,Washing Machine,yes,yes,68.0,358.0,4.0
ID0085,2015-01-02,12:41:46,Becky,Air Conditioner,yes,yes,106.0,262.0,5.0
ID0086,2015-01-02,12:41:46,Martha,Air Conditioner,yes,yes,32.0,275.0,3.0
ID0087,2015-01-02,12:44:38,Jim,Toaster,no,no,,,
ID0088,2015-01-02,12:44:38,Martha,Fridge,yes,no,45.0,85.0,4.0
ID0089,2015-01-02,12:59:02,Joe,Air Conditioner,yes,yes,119.0,212.0,4.0
ID0090,2015-01-02,12:59:02,Dan,Television,no,no,,,
ID0091,2015-01-02,13:03:22,Jim,Washing Machine,yes,yes,46.0,340.0,1.0
ID0092,2015-01-02,13:03:22,Stewart,Air Conditioner,yes,yes,101.0,88.0,3.0
ID0093,2015-01-02,13:04:48,Jim,Air Conditioner,yes,yes,56.0,171.0,3.0
ID0094,2015-01-02,13:04:48,Becky,Air Conditioner,yes,yes,80.0,53.0,3.0
ID0095,2015-01-02,13:13:26,Diane,Television,yes,yes,24.0,96.0,3.0
ID0096,2015-01-02,13:13:26,Stewart,Toaster,yes,yes,113.0,234.0,2.0
ID0097,2015-01-02,13:20:38,Greg,Washing Machine,yes,yes,19.0,122.0,4.0
ID0098,2015-01-02,13:20:38,Martha,Television,no,no,,,
ID0099,2015-01-02,13:20:38,Dan,Washing Machine,yes,yes,45.0,397.0,3.0
ID0100,2015-01-02,13:20:38,Diane,Air Conditioner,yes,yes,95.0,311.0,1.0
ID0101,2015-01-02,13:45:07,Becky,Air Conditioner,no,no,,,
ID0102,2015-01-02,13:45:07,Martha,Air Conditioner,yes,no,79.0,330.0,1.0
ID0103,2015-01-02,13:49:26,Diane,Toaster,yes,yes,22.0,236.0,2.0
ID0104,2015-01-02,13:49:26,Martha,Washing Machine,yes,yes,38.0,395.0,1.0
ID0105,2015-01-02,13:53:46,Becky,Air Conditioner,yes,yes,112.0,205.0,5.0
ID0106,2015-01-02,13:53:46,Becky,Toaster,yes,yes,65.0,297.0,3.0
ID0107,2015-01-02,14:22:34,Joe,Television,no,no,,,
ID0108,2015-01-02,14:22:34,Becky,Washing Machine,yes,no,55.0,151.0,1.0
ID0109,2015-01-02,14:52:48,Stewart,Fridge,no,no,,,
ID0110,2015-01-02,14:52:48,Joe,Television,yes,yes,19.0,158.0,2.0
ID0111,2015-01-02,15:10:05,Becky,Air Conditioner,yes,yes,53.0,56.0,3.0
ID0112,2015-01-02,15:10:05,Diane,Air Conditioner,yes,yes,24.0,365.0,5.0
ID0113,2015-01-02,15:36:00,Martha,Television,yes,yes,73.0,360.0,3.0
ID0114,2015-01-02,15:36:00,Stewart,Air Conditioner,no,no,,,
ID0115,2015-01-02,17:36:58,Jim,Air Conditioner,yes,yes,55.0,347.0,5.0
ID0116,2015-01-02,17:36:58,Greg,Toaster,no,no,,,
ID0117,2015-01-02,17:47:02,Diane,Television,no,no,,,
ID0118,2015-01-02,17:47:02,Martha,Television,yes,yes,23.0,317.0,4.0
ID0119,2015-01-03,09:10:05,Dan,Toaster,yes,no,124.0,142.0,5.0
ID0120,2015-01-03,09:10:05,Dan,Washing Machine,no,no,,,
ID0121,2015-01-03,09:47:31,Dan,Air Conditioner,yes,yes,103.0,61.0,4.0
ID0122,2015-01-03,09:47:31,Martha,Washing Machine,yes,yes,69.0,225.0,4.0
ID0123,2015-01-03,10:29:17,Joe,Television,yes,yes,78.0,71.0,3.0
ID0124,2015-01-03,10:29:17,Martha,Air Conditioner,yes,yes,78.0,205.0,5.0
ID0125,2015-01-03,10:37:55,Martha,Air Conditioner,no,no,,,
ID0126,2015-01-03,10:37:55,Diane,Toaster,yes,yes,44.0,338.0,4.0
ID0127,2015-01-03,10:52:19,Martha,Fridge,yes,yes,35.0,165.0,4.0
ID0128,2015-01-03,10:52:19,Becky,Fridge,yes,yes,102.0,325.0,4.0
ID0129,2015-01-03,10:52:19,Jim,Washing Machine,yes,yes,99.0,351.0,3.0
ID0130,2015-01-03,10:52:19,Jim,Fridge,yes,yes,29.0,249.0,3.0
ID0131,2015-01-03,10:58:05,Becky,Fridge,yes,no,42.0,58.0,5.0
ID0132,2015-01-03,10:58:05,Diane,Toaster,yes,yes,113.0,339.0,4.0
ID0133,2015-01-03,11:02:24,Dan,Fridge,yes,yes,124.0,53.0,2.0
ID0134,2015-01-03,11:02:24,Jim,Air Conditioner,no,no,,,
ID0135,2015-01-03,11:03:50,Dan,Toaster,yes,yes,55.0,132.0,1.0
ID0136,2015-01-03,11:03:50,Greg,Air Conditioner,yes,no,105.0,358.0,3.0
ID0137,2015-01-03,11:06:43,Stewart,Washing Machine,yes,no,112.0,191.0,5.0
ID0138,2015-01-03,11:06:43,Martha,Washing Machine,no,no,,,
ID0139,2015-01-03,11:16:48,Becky,Air Conditioner,yes,yes,43.0,380.0,5.0
ID0140,2015-01-03,11:16:48,Joe,Toaster,yes,yes,20.0,104.0,3.0
ID0141,2015-01-03,11:26:53,Greg,Air Conditioner,yes,yes,84.0,102.0,5.0
ID0142,2015-01-03,11:26:53,Jim,Washing Machine,yes,yes,20.0,164.0,4.0
ID0143,2015-01-03,11:38:24,Greg,Television,yes,yes,101.0,136.0,3.0
ID0144,2015-01-03,11:38:24,Diane,Air Conditioner,yes,yes,31.0,175.0,5.0
ID0145,2015-01-03,11:52:48,Jim,Washing Machine,yes,yes,56.0,249.0,5.0
ID0146,2015-01-03,11:52:48,Joe,Washing Machine,no,no,,,
ID0147,2015-01-03,11:55:41,Joe,Toaster,yes,yes,77.0,87.0,5.0
ID0148,2015-01-03,11:55:41,Jim,Toaster,yes,yes,46.0,49.0,4.0
ID0149,2015-01-03,11:58:34,Stewart,Fridge,yes,yes,88.0,266.0,3.0
ID0150,2015-01-03,11:58:34,Diane,Toaster,yes,yes,88.0,57.0,1.0
ID0151,2015-01-03,12:33:07,Joe,Air Conditioner,yes,yes,124.0,362.0,1.0
ID0152,2015-01-03,12:33:07,Stewart,Washing Machine,no,no,,,
ID0153,2015-01-03,12:54:43,Martha,Toaster,yes,no,52.0,419.0,4.0
ID0154,2015-01-03,12:54:43,Joe,Fridge,yes,yes,67.0,370.0,5.0
ID0155,2015-01-03,13:12:00,Martha,Toaster,yes,yes,119.0,256.0,3.0
ID0156,2015-01-03,13:12:00,Dan,Fridge,yes,yes,98.0,277.0,2.0
ID0157,2015-01-03,13:14:53,Jim,Air Conditioner,no,no,,,
ID0158,2015-01-03,13:14:53,Joe,Air Conditioner,yes,yes,118.0,257.0,3.0
ID0159,2015-01-03,13:27:50,Becky,Fridge,yes,yes,123.0,75.0,3.0
ID0160,2015-01-03,13:27:50,Becky,Television,yes,no,86.0,337.0,1.0
ID0161,2015-01-03,13:35:02,Greg,Fridge,yes,yes,104.0,128.0,3.0
ID0162,2015-01-03,13:35:02,Greg,Toaster,yes,yes,69.0,92.0,2.0
ID0163,2015-01-03,13:58:05,Dan,Washing Machine,yes,yes,113.0,157.0,1.0
ID0164,2015-01-03,13:58:05,Joe,Television,yes,yes,88.0,202.0,5.0
ID0165,2015-01-03,13:58:05,Joe,Television,no,no,,,
ID0166,2015-01-03,13:58:05,Stewart,Toaster,no,no,,,
ID0167,2015-01-03,14:03:50,Joe,Toaster,yes,yes,84.0,58.0,2.0
ID0168,2015-01-03,14:03:50,Diane,Television,yes,yes,113.0,82.0,3.0
ID0169,2015-01-03,14:47:02,Joe,Television,yes,yes,38.0,330.0,4.0
ID0170,2015-01-03,14:47:02,Dan,Television,yes,yes,14.0,374.0,4.0
ID0171,2015-01-03,15:34:34,Martha,Television,yes,no,25.0,331.0,4.0
ID0172,2015-01-03,15:34:34,Dan,Washing Machine,no,no,,,
ID0173,2015-01-03,16:29:17,Diane,Air Conditioner,no,no,,,
ID0174,2015-01-03,16:29:17,Joe,Toaster,yes,yes,117.0,127.0,4.0
ID0175,2015-01-03,17:31:12,Stewart,Toaster,yes,no,57.0,360.0,2.0
ID0176,2015-01-03,17:31:12,Martha,Air Conditioner,yes,yes,119.0,319.0,5.0
ID0177,2015-01-04,09:01:26,Martha,Washing Machine,no,no,,,
ID0178,2015-01-04,09:01:26,Diane,Television,yes,yes,93.0,392.0,5.0
ID0179,2015-01-04,09:31:41,Martha,Toaster,yes,yes,86.0,64.0,4.0
ID0180,2015-01-04,09:31:41,Joe,Television,no,no,,,
ID0181,2015-01-04,09:43:12,Dan,Washing Machine,yes,yes,92.0,178.0,3.0
ID0182,2015-01-04,09:43:12,Greg,Television,no,no,,,
ID0183,2015-01-04,10:03:22,Martha,Air Conditioner,yes,yes,106.0,341.0,3.0
ID0184,2015-01-04,10:03:22,Stewart,Air Conditioner,yes,yes,67.0,164.0,3.0
ID0185,2015-01-04,10:27:50,Jim,Television,yes,yes,90.0,256.0,3.0
ID0186,2015-01-04,10:27:50,Diane,Air Conditioner,no,no,,,
ID0187,2015-01-04,11:09:36,Becky,Television,yes,no,50.0,229.0,4.0
ID0188,2015-01-04,11:09:36,Diane,Fridge,yes,no,89.0,256.0,3.0
ID0189,2015-01-04,11:13:55,Jim,Fridge,yes,yes,74.0,377.0,3.0
ID0190,2015-01-04,11:13:55,Martha,Toaster,yes,yes,63.0,142.0,2.0
ID0191,2015-01-04,11:18:14,Becky,Washing Machine,yes,yes,45.0,390.0,5.0
ID0192,2015-01-04,11:18:14,Martha,Air Conditioner,no,no,,,
ID0193,2015-01-04,11:22:34,Dan,Toaster,yes,yes,31.0,402.0,2.0
ID0194,2015-01-04,11:22:34,Joe,Television,no,no,,,
ID0195,2015-01-04,11:32:38,Joe,Washing Machine,yes,yes,43.0,223.0,5.0
ID0196,2015-01-04,11:32:38,Martha,Television,yes,yes,50.0,341.0,4.0
ID0197,2015-01-04,12:02:53,Dan,Air Conditioner,yes,yes,48.0,311.0,4.0
ID0198,2015-01-04,12:02:53,Martha,Fridge,yes,yes,113.0,163.0,5.0
ID0199,2015-01-04,12:15:50,Jim,Television,no,no,,,
ID0200,2015-01-04,12:15:50,Joe,Air Conditioner,yes,yes,103.0,400.0,5.0
ID0201,2015-01-04,12:15:50,Becky,Air Conditioner,yes,no,95.0,267.0,3.0
ID0202,2015-01-04,12:15:50,Joe,Fridge,yes,yes,30.0,303.0,1.0
ID0203,2015-01-04,13:32:10,Greg,Fridge,yes,yes,124.0,198.0,3.0
ID0204,2015-01-04,13:32:10,Diane,Fridge,yes,yes,17.0,122.0,5.0
ID0205,2015-01-04,13:45:07,Stewart,Television,yes,yes,113.0,359.0,3.0
ID0206,2015-01-04,13:45:07,Jim,Air Conditioner,yes,yes,25.0,147.0,5.0
ID0207,2015-01-04,13:56:38,Jim,Fridge,yes,yes,52.0,262.0,5.0
ID0208,2015-01-04,13:56:38,Dan,Fridge,yes,yes,28.0,163.0,5.0
ID0209,2015-01-04,14:25:26,Greg,Air Conditioner,yes,yes,69.0,184.0,3.0
ID0210,2015-01-04,14:25:26,Martha,Television,yes,yes,106.0,231.0,3.0
ID0211,2015-01-04,14:28:19,Jim,Air Conditioner,no,no,,,
ID0212,2015-01-04,14:28:19,Joe,Toaster,yes,yes,26.0,299.0,3.0
ID0213,2015-01-04,14:31:12,Joe,Toaster,yes,yes,53.0,355.0,4.0
ID0214,2015-01-04,14:31:12,Martha,Air Conditioner,yes,yes,77.0,250.0,2.0
ID0215,2015-01-04,14:49:55,Jim,Washing Machine,yes,yes,45.0,182.0,3.0
ID0216,2015-01-04,14:49:55,Becky,Air Conditioner,no,no,,,
ID0217,2015-01-04,15:23:02,Greg,Television,yes,yes,56.0,256.0,4.0
ID0218,2015-01-04,15:23:02,Stewart,Fridge,yes,yes,13.0,236.0,2.0
ID0219,2015-01-04,15:48:58,Stewart,Fridge,yes,yes,120.0,409.0,5.0
ID0220,2015-01-04,15:48:58,Diane,Toaster,yes,yes,22.0,50.0,1.0
ID0221,2015-01-04,16:48:00,Martha,Toaster,yes,yes,81.0,200.0,4.0
ID0222,2015-01-04,16:48:00,Jim,Television,no,no,,,
ID0223,2015-01-04,16:49:26,Martha,Washing Machine,yes,yes,71.0,47.0,2.0
ID0224,2015-01-04,16:49:26,Stewart,Toaster,yes,yes,75.0,92.0,4.0
ID0225,2015-01-04,16:49:26,Martha,Air Conditioner,yes,yes,77.0,162.0,4.0
ID0226,2015-01-04,16:49:26,Joe,Television,yes,yes,88.0,386.0,4.0
ID0227,2015-01-04,17:35:31,Stewart,Fridge,yes,yes,82.0,184.0,2.0
ID0228,2015-01-04,17:35:31,Jim,Air Conditioner,yes,yes,110.0,389.0,3.0
ID0229,2015-01-04,17:39:50,Martha,Fridge,yes,no,70.0,91.0,3.0
ID0230,2015-01-04,17:39:50,Becky,Fridge,yes,yes,117.0,219.0,3.0
ID0231,2015-01-05,09:08:38,Joe,Television,yes,yes,18.0,50.0,3.0
ID0232,2015-01-05,09:08:38,Joe,Television,yes,yes,113.0,156.0,4.0
ID0233,2015-01-05,09:25:55,Stewart,Washing Machine,yes,no,68.0,209.0,5.0
ID0234,2015-01-05,09:25:55,Greg,Toaster,yes,yes,67.0,254.0,5.0
ID0235,2015-01-05,09:33:07,Joe,Air Conditioner,yes,yes,36.0,67.0,5.0
ID0236,2015-01-05,09:33:07,Stewart,Television,no,no,,,
ID0237,2015-01-05,10:00:29,Becky,Air Conditioner,yes,yes,33.0,150.0,1.0
ID0238,2015-01-05,10:00:29,Dan,Washing Machine,yes,yes,113.0,119.0,5.0
ID0239,2015-01-05,10:49:26,Greg,Washing Machine,yes,yes,106.0,378.0,3.0
ID0240,2015-01-05,10:49:26,Joe,Television,yes,yes,23.0,298.0,3.0
ID0241,2015-01-05,11:31:12,Joe,Television,no,no,,,
ID0242,2015-01-05,11:31:12,Greg,Toaster,yes,yes,11.0,282.0,1.0
ID0243,2015-01-05,11:41:17,Greg,Washing Machine,yes,yes,73.0,284.0,5.0
ID0244,2015-01-05,11:41:17,Dan,Fridge,yes,yes,109.0,288.0,5.0
ID0245,2015-01-05,11:49:55,Martha,Toaster,yes,yes,29.0,253.0,4.0
ID0246,2015-01-05,11:49:55,Dan,Television,no,no,,,
ID0247,2015-01-05,11:49:55,Becky,Fridge,yes,yes,81.0,74.0,4.0
ID0248,2015-01-05,11:49:55,Greg,Washing Machine,yes,yes,59.0,232.0,1.0
ID0249,2015-01-05,12:00:00,Becky,Television,yes,yes,32.0,388.0,4.0
ID0250,2015-01-05,12:00:00,Martha,Fridge,yes,yes,116.0,42.0,4.0
ID0251,2015-01-05,12:12:58,Diane,Toaster,yes,yes,92.0,114.0,5.0
ID0252,2015-01-05,12:12:58,Greg,Television,yes,yes,62.0,361.0,5.0
ID0253,2015-01-05,13:04:48,Joe,Toaster,yes,yes,83.0,112.0,5.0
ID0254,2015-01-05,13:04:48,Joe,Fridge,yes,yes,71.0,150.0,3.0
ID0255,2015-01-05,13:59:31,Greg,Fridge,yes,no,74.0,271.0,3.0
ID0256,2015-01-05,13:59:31,Joe,Air Conditioner,yes,yes,96.0,346.0,4.0
ID0257,2015-01-05,14:42:43,Diane,Fridge,yes,yes,110.0,101.0,1.0
ID0258,2015-01-05,14:42:43,Jim,Television,yes,no,110.0,158.0,3.0
ID0259,2015-01-05,15:18:43,Dan,Air Conditioner,yes,yes,117.0,182.0,4.0
ID0260,2015-01-05,15:18:43,Becky,Fridge,yes,yes,44.0,352.0,3.0
ID0261,2015-01-05,15:20:10,Diane,Washing Machine,yes,yes,47.0,362.0,4.0
ID0262,2015-01-05,15:20:10,Greg,Fridge,yes,yes,97.0,75.0,3.0
ID0263,2015-01-05,15:31:41,Greg,Television,yes,yes,67.0,159.0,4.0
ID0264,2015-01-05,15:31:41,Diane,Television,yes,yes,72.0,407.0,3.0
ID0265,2015-01-05,15:31:41,Becky,Washing Machine,yes,yes,68.0,261.0,3.0
ID0266,2015-01-05,15:31:41,Joe,Toaster,yes,yes,98.0,381.0,5.0
ID0267,2015-01-05,15:37:26,Joe,Television,yes,yes,120.0,55.0,3.0
ID0268,2015-01-05,15:37:26,Dan,Toaster,yes,yes,13.0,152.0,1.0
ID0269,2015-01-05,15:44:38,Jim,Fridge,yes,yes,95.0,107.0,5.0
ID0270,2015-01-05,15:44:38,Martha,Toaster,yes,yes,31.0,41.0,5.0
ID0271,2015-01-05,16:06:14,Dan,Television,yes,yes,113.0,381.0,3.0
ID0272,2015-01-05,16:06:14,Martha,Air Conditioner,yes,yes,116.0,280.0,3.0
ID0273,2015-01-05,16:16:19,Martha,Fridge,yes,no,94.0,328.0,5.0
ID0274,2015-01-05,16:16:19,Martha,Fridge,yes,no,51.0,282.0,4.0
ID0275,2015-01-05,16:27:50,Diane,Air Conditioner,yes,yes,60.0,247.0,4.0
ID0276,2015-01-05,16:27:50,Diane,Washing Machine,yes,yes,59.0,364.0,2.0
ID0277,2015-01-05,17:25:26,Stewart,Air Conditioner,no,no,,,
ID0278,2015-01-05,17:25:26,Greg,Toaster,no,no,,,
ID0279,2015-01-05,17:29:46,Joe,Air Conditioner,no,no,,,
ID0280,2015-01-05,17:29:46,Dan,Washing Machine,yes,yes,16.0,212.0,4.0
ID0281,2015-01-05,17:38:24,Diane,Air Conditioner,yes,yes,81.0,111.0,3.0
ID0282,2015-01-05,17:38:24,Joe,Television,yes,yes,65.0,406.0,1.0
ID0283,2015-01-05,17:44:10,Martha,Television,yes,yes,55.0,184.0,2.0
ID0284,2015-01-05,17:44:10,Martha,Air Conditioner,no,no,,,
ID0285,2015-01-05,17:57:07,Martha,Air Conditioner,yes,yes,31.0,144.0,4.0
ID0286,2015-01-05,17:57:07,Diane,Television,yes,yes,45.0,312.0,2.0
ID0287,2015-01-06,09:08:38,Greg,Air Conditioner,no,no,,,
ID0288,2015-01-06,09:08:38,Stewart,Toaster,yes,yes,43.0,128.0,5.0
ID0289,2015-01-06,10:06:14,Stewart,Air Conditioner,yes,yes,55.0,356.0,4.0
ID0290,2015-01-06,10:06:14,Stewart,Washing Machine,yes,yes,63.0,139.0,3.0
ID0291,2015-01-06,10:07:41,Joe,Toaster,no,no,,,
ID0292,2015-01-06,10:07:41,Jim,Washing Machine,yes,yes,122.0,352.0,1.0
ID0293,2015-01-06,10:32:10,Stewart,Washing Machine,yes,yes,71.0,158.0,4.0
ID0294,2015-01-06,10:32:10,Jim,Air Conditioner,yes,yes,54.0,296.0,4.0
ID0295,2015-01-06,10:42:14,Stewart,Television,yes,yes,74.0,202.0,4.0
ID0296,2015-01-06,10:42:14,Stewart,Fridge,yes,yes,125.0,287.0,4.0
ID0297,2015-01-06,11:12:29,Dan,Toaster,yes,yes,110.0,223.0,3.0
ID0298,2015-01-06,11:12:29,Becky,Television,no,no,,,
ID0299,2015-01-06,11:29:46,Martha,Air Conditioner,yes,yes,74.0,91.0,5.0
ID0300,2015-01-06,11:29:46,Diane,Toaster,yes,yes,80.0,267.0,4.0
ID0301,2015-01-06,11:38:24,Dan,Toaster,no,no,,,
ID0302,2015-01-06,11:38:24,Joe,Washing Machine,yes,yes,110.0,234.0,2.0
ID0303,2015-01-06,11:45:36,Stewart,Toaster,yes,yes,26.0,188.0,3.0
ID0304,2015-01-06,11:45:36,Greg,Air Conditioner,no,no,,,
ID0305,2015-01-06,12:05:46,Joe,Fridge,yes,yes,97.0,107.0,3.0
ID0306,2015-01-06,12:05:46,Dan,Fridge,yes,no,82.0,340.0,3.0
ID0307,2015-01-06,12:07:12,Becky,Television,yes,no,102.0,352.0,5.0
ID0308,2015-01-06,12:07:12,Jim,Fridge,yes,yes,120.0,52.0,5.0
ID0309,2015-01-06,13:30:43,Greg,Television,yes,yes,70.0,319.0,3.0
ID0310,2015-01-06,13:30:43,Diane,Fridge,no,no,,,
ID0311,2015-01-06,13:58:05,Stewart,Toaster,yes,yes,122.0,175.0,3.0
ID0312,2015-01-06,13:58:05,Martha,Television,no,no,,,
ID0313,2015-01-06,14:03:50,Joe,Toaster,yes,yes,19.0,55.0,1.0
ID0314,2015-01-06,14:03:50,Greg,Toaster,yes,yes,71.0,156.0,4.0
ID0315,2015-01-06,14:13:55,Joe,Air Conditioner,yes,yes,24.0,299.0,1.0
ID0316,2015-01-06,14:13:55,Martha,Air Conditioner,yes,yes,67.0,335.0,1.0
ID0317,2015-01-06,14:32:38,Martha,Television,yes,no,57.0,254.0,3.0
ID0318,2015-01-06,14:32:38,Diane,Television,yes,yes,108.0,302.0,4.0
ID0319,2015-01-06,14:57:07,Stewart,Toaster,yes,yes,99.0,248.0,4.0
ID0320,2015-01-06,14:57:07,Stewart,Toaster,yes,yes,56.0,292.0,1.0
ID0321,2015-01-06,15:02:53,Stewart,Toaster,yes,yes,121.0,236.0,3.0
ID0322,2015-01-06,15:02:53,Greg,Fridge,no,no,,,
ID0323,2015-01-06,15:12:58,Joe,Washing Machine,yes,yes,72.0,359.0,1.0
ID0324,2015-01-06,15:12:58,Greg,Washing Machine,yes,yes,54.0,374.0,4.0
ID0325,2015-01-06,16:17:46,Martha,Fridge,yes,yes,30.0,275.0,3.0
ID0326,2015-01-06,16:17:46,Jim,Toaster,yes,yes,44.0,63.0,2.0
ID0327,2015-01-06,16:22:05,Greg,Toaster,yes,no,97.0,117.0,4.0
ID0328,2015-01-06,16:22:05,Jim,Television,yes,yes,47.0,108.0,3.0
ID0329,2015-01-06,16:27:50,Dan,Television,yes,yes,53.0,102.0,3.0
ID0330,2015-01-06,16:27:50,Dan,Washing Machine,no,no,,,
ID0331,2015-01-06,16:35:02,Martha,Toaster,no,no,,,
ID0332,2015-01-06,16:35:02,Jim,Television,no,no,,,
ID0333,2015-01-06,16:39:22,Stewart,Fridge,yes,yes,81.0,224.0,3.0
ID0334,2015-01-06,16:39:22,Diane,Washing Machine,yes,yes,11.0,34.0,4.0
ID0335,2015-01-06,17:00:58,Martha,Toaster,yes,yes,48.0,52.0,5.0
ID0336,2015-01-06,17:00:58,Stewart,Washing Machine,yes,yes,37.0,414.0,5.0
ID0337,2015-01-06,17:19:41,Martha,Air Conditioner,yes,yes,115.0,153.0,4.0
ID0338,2015-01-06,17:19:41,Greg,Toaster,yes,yes,81.0,53.0,4.0
ID0339,2015-01-06,17:21:07,Becky,Washing Machine,no,no,,,
ID0340,2015-01-06,17:21:07,Jim,Fridge,yes,yes,12.0,191.0,5.0
ID0341,2015-01-06,17:22:34,Stewart,Fridge,yes,yes,75.0,170.0,3.0
ID0342,2015-01-06,17:22:34,Jim,Washing Machine,yes,yes,42.0,76.0,4.0
ID0343,2015-01-06,17:24:00,Greg,Fridge,yes,yes,96.0,105.0,5.0
ID0344,2015-01-06,17:24:00,Stewart,Toaster,yes,yes,58.0,110.0,5.0
ID0345,2015-01-07,09:04:19,Dan,Washing Machine,yes,yes,62.0,316.0,5.0
ID0346,2015-01-07,09:04:19,Greg,Toaster,yes,yes,74.0,130.0,5.0
ID0347,2015-01-07,09:07:12,Becky,Air Conditioner,yes,yes,26.0,70.0,3.0
ID0348,2015-01-07,09:07:12,Diane,Air Conditioner,no,no,,,
ID0349,2015-01-07,09:20:10,Joe,Air Conditioner,yes,yes,40.0,308.0,2.0
ID0350,2015-01-07,09:20:10,Joe,Television,yes,yes,12.0,294.0,3.0
ID0351,2015-01-07,10:14:53,Joe,Washing Machine,yes,yes,114.0,221.0,5.0
ID0352,2015-01-07,10:14:53,Becky,Washing Machine,yes,yes,85.0,208.0,4.0
ID0353,2015-01-07,10:23:31,Diane,Fridge,yes,yes,52.0,114.0,5.0
ID0354,2015-01-07,10:23:31,Greg,Television,yes,yes,60.0,257.0,3.0
ID0355,2015-01-07,10:33:36,Joe,Fridge,yes,yes,76.0,307.0,4.0
ID0356,2015-01-07,10:33:36,Stewart,Washing Machine,no,no,,,
ID0357,2015-01-07,10:48:00,Becky,Television,no,no,,,
ID0358,2015-01-07,10:48:00,Joe,Television,yes,yes,25.0,80.0,5.0
ID0359,2015-01-07,11:36:58,Greg,Television,yes,yes,37.0,152.0,3.0
ID0360,2015-01-07,11:36:58,Dan,Fridge,yes,yes,71.0,340.0,3.0
ID0361,2015-01-07,11:42:43,Jim,Fridge,yes,yes,76.0,276.0,1.0
ID0362,2015-01-07,11:42:43,Stewart,Air Conditioner,yes,yes,66.0,409.0,3.0
ID0363,2015-01-07,11:47:02,Diane,Fridge,yes,yes,72.0,204.0,3.0
ID0364,2015-01-07,11:47:02,Jim,Fridge,yes,yes,47.0,396.0,5.0
ID0365,2015-01-07,12:08:38,Jim,Toaster,no,no,,,
ID0366,2015-01-07,12:08:38,Greg,Toaster,yes,yes,29.0,171.0,5.0
ID0367,2015-01-07,12:36:00,Dan,Television,no,no,,,
ID0368,2015-01-07,12:36:00,Becky,Washing Machine,yes,yes,122.0,99.0,4.0
ID0369,2015-01-07,12:48:58,Greg,Air Conditioner,yes,yes,52.0,246.0,5.0
ID0370,2015-01-07,12:48:58,Martha,Fridge,yes,yes,33.0,266.0,4.0
ID0371,2015-01-07,13:26:24,Joe,Toaster,yes,yes,123.0,144.0,3.0
ID0372,2015-01-07,13:26:24,Greg,Air Conditioner,yes,yes,23.0,122.0,4.0
ID0373,2015-01-07,13:30:43,Becky,Television,no,no,,,
ID0374,2015-01-07,13:30:43,Stewart,Fridge,yes,no,29.0,205.0,5.0
ID0375,2015-01-07,13:42:14,Greg,Washing Machine,no,no,,,
ID0376,2015-01-07,13:42:14,Becky,Television,yes,yes,54.0,228.0,5.0
ID0377,2015-01-07,13:45:07,Dan,Television,yes,yes,14.0,282.0,4.0
ID0378,2015-01-07,13:45:07,Dan,Toaster,yes,yes,11.0,264.0,3.0
ID0379,2015-01-07,14:31:12,Joe,Toaster,yes,yes,84.0,298.0,1.0
ID0380,2015-01-07,14:31:12,Martha,Toaster,yes,yes,21.0,170.0,4.0
ID0381,2015-01-07,15:53:17,Martha,Air Conditioner,yes,no,81.0,309.0,3.0
ID0382,2015-01-07,15:53:17,Dan,Toaster,no,no,,,
ID0383,2015-01-07,16:07:41,Diane,Fridge,no,no,,,
ID0384,2015-01-07,16:07:41,Stewart,Air Conditioner,yes,yes,84.0,382.0,4.0
ID0385,2015-01-07,16:29:17,Martha,Television,yes,yes,118.0,215.0,2.0
ID0386,2015-01-07,16:29:17,Becky,Air Conditioner,yes,yes,35.0,375.0,2.0
ID0387,2015-01-07,16:40:48,Dan,Toaster,yes,yes,82.0,132.0,3.0
ID0388,2015-01-07,16:40:48,Jim,Television,yes,yes,119.0,182.0,4.0
ID0389,2015-01-07,17:03:50,Jim,Washing Machine,yes,yes,107.0,405.0,2.0
ID0390,2015-01-07,17:03:50,Joe,Washing Machine,yes,yes,86.0,41.0,4.0
ID0391,2015-01-07,17:39:50,Diane,Television,yes,yes,76.0,82.0,4.0
ID0392,2015-01-07,17:39:50,Stewart,Television,yes,no,78.0,187.0,3.0
ID0393,2015-01-07,17:47:02,Jim,Fridge,yes,yes,118.0,32.0,3.0
ID0394,2015-01-07,17:47:02,Diane,Air Conditioner,no,no,,,
ID0395,2015-01-07,17:48:29,Joe,Fridge,yes,yes,47.0,122.0,5.0
ID0396,2015-01-07,17:48:29,Diane,Fridge,yes,yes,86.0,178.0,2.0
ID0397,2015-01-07,17:55:41,Greg,Air Conditioner,yes,yes,76.0,352.0,3.0
ID0398,2015-01-07,17:55:41,Jim,Toaster,yes,yes,32.0,203.0,4.0
ID0399,2015-01-08,09:00:00,Joe,Fridge,yes,yes,98.0,213.0,5.0
ID0400,2015-01-08,09:00:00,Jim,Air Conditioner,yes,yes,86.0,36.0,4.0
ID0401,2015-01-08,09:24:29,Diane,Air Conditioner,yes,yes,37.0,65.0,3.0
ID0402,2015-01-08,09:24:29,Greg,Fridge,yes,yes,15.0,267.0,5.0
ID0403,2015-01-08,09:47:31,Diane,Washing Machine,yes,yes,114.0,253.0,5.0
ID0404,2015-01-08,09:47:31,Stewart,Toaster,no,no,,,
ID0405,2015-01-08,09:59:02,Jim,Air Conditioner,no,no,,,
ID0406,2015-01-08,09:59:02,Martha,Television,no,no,,,
ID0407,2015-01-08,10:42:14,Martha,Television,yes,no,23.0,135.0,3.0
ID0408,2015-01-08,10:42:14,Dan,Toaster,no,no,,,
ID0409,2015-01-08,10:49:26,Joe,Fridge,yes,yes,69.0,341.0,3.0
ID0410,2015-01-08,10:49:26,Stewart,Washing Machine,yes,yes,15.0,370.0,4.0
ID0411,2015-01-08,10:49:26,Becky,Air Conditioner,yes,yes,119.0,327.0,3.0
ID0412,2015-01-08,10:49:26,Becky,Television,yes,yes,68.0,316.0,1.0
ID0413,2015-01-08,11:00:58,Diane,Washing Machine,yes,yes,115.0,370.0,3.0
ID0414,2015-01-08,11:00:58,Joe,Washing Machine,yes,yes,84.0,70.0,5.0
ID0415,2015-01-08,11:16:48,Dan,Washing Machine,yes,no,59.0,76.0,4.0
ID0416,2015-01-08,11:16:48,Diane,Air Conditioner,yes,no,112.0,214.0,4.0
ID0417,2015-01-08,11:16:48,Dan,Washing Machine,no,no,,,
ID0418,2015-01-08,11:16:48,Dan,Fridge,yes,yes,39.0,291.0,3.0
ID0419,2015-01-08,12:12:58,Jim,Television,yes,yes,31.0,395.0,5.0
ID0420,2015-01-08,12:12:58,Dan,Television,yes,yes,112.0,221.0,2.0
ID0421,2015-01-08,12:14:24,Greg,Television,yes,yes,49.0,144.0,4.0
ID0422,2015-01-08,12:14:24,Greg,Air Conditioner,yes,yes,18.0,398.0,3.0
ID0423,2015-01-08,12:38:53,Stewart,Air Conditioner,yes,yes,80.0,163.0,4.0
ID0424,2015-01-08,12:38:53,Dan,Fridge,yes,yes,57.0,153.0,3.0
ID0425,2015-01-08,12:48:58,Stewart,Washing Machine,no,no,,,
ID0426,2015-01-08,12:48:58,Diane,Washing Machine,yes,no,87.0,377.0,4.0
ID0427,2015-01-08,13:10:34,Diane,Toaster,no,no,,,
ID0428,2015-01-08,13:10:34,Greg,Television,yes,yes,81.0,355.0,3.0
ID0429,2015-01-08,13:10:34,Joe,Air Conditioner,no,no,,,
ID0430,2015-01-08,13:10:34,Jim,Television,yes,yes,47.0,131.0,5.0
ID0431,2015-01-08,13:17:46,Joe,Television,yes,yes,57.0,374.0,4.0
ID0432,2015-01-08,13:17:46,Becky,Toaster,no,no,,,
ID0433,2015-01-08,13:43:41,Joe,Washing Machine,yes,yes,104.0,234.0,4.0
ID0434,2015-01-08,13:43:41,Becky,Fridge,yes,yes,16.0,345.0,3.0
ID0435,2015-01-08,15:37:26,Greg,Television,yes,yes,37.0,253.0,4.0
ID0436,2015-01-08,15:37:26,Diane,Fridge,no,no,,,
ID0437,2015-01-08,15:43:12,Stewart,Air Conditioner,yes,yes,61.0,126.0,4.0
ID0438,2015-01-08,15:43:12,Stewart,Fridge,yes,no,41.0,190.0,4.0
ID0439,2015-01-08,15:53:17,Diane,Television,yes,yes,40.0,81.0,4.0
ID0440,2015-01-08,15:53:17,Diane,Fridge,yes,yes,55.0,320.0,2.0
ID0441,2015-01-08,15:54:43,Greg,Fridge,yes,yes,92.0,52.0,3.0
ID0442,2015-01-08,15:54:43,Dan,Washing Machine,yes,yes,118.0,98.0,5.0
ID0443,2015-01-08,16:37:55,Dan,Television,yes,yes,82.0,343.0,3.0
ID0444,2015-01-08,16:37:55,Dan,Television,yes,yes,83.0,80.0,3.0
ID0445,2015-01-08,18:00:00,Jim,Toaster,yes,yes,78.0,312.0,2.0
ID0446,2015-01-08,18:00:00,Diane,Toaster,yes,no,111.0,314.0,5.0
ID0447,2015-01-09,09:07:12,Jim,Washing Machine,yes,yes,107.0,321.0,4.0
ID0448,2015-01-09,09:07:12,Martha,Television,yes,yes,108.0,242.0,2.0
ID0449,2015-01-09,09:24:29,Greg,Toaster,yes,yes,97.0,158.0,5.0
ID0450,2015-01-09,09:24:29,Dan,Television,yes,yes,31.0,379.0,5.0
ID0451,2015-01-09,09:34:34,Martha,Toaster,yes,yes,20.0,109.0,4.0
ID0452,2015-01-09,09:34:34,Jim,Fridge,yes,yes,110.0,412.0,3.0
ID0453,2015-01-09,10:22:05,Dan,Air Conditioner,yes,yes,86.0,301.0,5.0
ID0454,2015-01-09,10:22:05,Becky,Television,yes,yes,77.0,131.0,4.0
ID0455,2015-01-09,10:29:17,Diane,Television,yes,yes,119.0,406.0,3.0
ID0456,2015-01-09,10:29:17,Martha,Fridge,no,no,,,
ID0457,2015-01-09,10:32:10,Jim,Air Conditioner,yes,yes,13.0,185.0,3.0
ID0458,2015-01-09,10:32:10,Stewart,Toaster,yes,yes,106.0,147.0,5.0
ID0459,2015-01-09,10:58:05,Joe,Toaster,yes,yes,35.0,324.0,3.0
ID0460,2015-01-09,10:58:05,Martha,Washing Machine,yes,no,46.0,322.0,3.0
ID0461,2015-01-09,11:05:17,Stewart,Fridge,yes,no,24.0,375.0,3.0
ID0462,2015-01-09,11:05:17,Stewart,Television,yes,yes,88.0,392.0,5.0
ID0463,2015-01-09,11:11:02,Joe,Fridge,yes,yes,81.0,161.0,3.0
ID0464,2015-01-09,11:11:02,Jim,Toaster,yes,yes,96.0,273.0,3.0
ID0465,2015-01-09,11:16:48,Becky,Fridge,yes,yes,46.0,364.0,3.0
ID0466,2015-01-09,11:16:48,Dan,Washing Machine,yes,yes,25.0,100.0,4.0
ID0467,2015-01-09,11:25:26,Stewart,Fridge,yes,yes,81.0,127.0,4.0
ID0468,2015-01-09,11:25:26,Dan,Toaster,no,no,,,
ID0469,2015-01-09,11:48:29,Dan,Air Conditioner,yes,yes,97.0,409.0,1.0
ID0470,2015-01-09,11:48:29,Martha,Air Conditioner,yes,yes,116.0,195.0,5.0
ID0471,2015-01-09,11:48:29,Joe,Toaster,no,no,,,
ID0472,2015-01-09,11:48:29,Dan,Fridge,no,no,,,
ID0473,2015-01-09,11:48:29,Becky,Toaster,yes,yes,87.0,345.0,5.0
ID0474,2015-01-09,11:48:29,Dan,Air Conditioner,yes,yes,43.0,34.0,4.0
ID0475,2015-01-09,11:55:41,Greg,Washing Machine,yes,yes,102.0,288.0,3.0
ID0476,2015-01-09,11:55:41,Dan,Toaster,yes,yes,95.0,349.0,5.0
ID0477,2015-01-09,12:31:41,Dan,Air Conditioner,yes,yes,108.0,284.0,3.0
ID0478,2015-01-09,12:31:41,Dan,Fridge,yes,yes,80.0,131.0,4.0
ID0479,2015-01-09,12:33:07,Diane,Toaster,yes,yes,61.0,36.0,5.0
ID0480,2015-01-09,12:33:07,Greg,Washing Machine,yes,yes,18.0,305.0,5.0
ID0481,2015-01-09,12:40:19,Joe,Toaster,no,no,,,
ID0482,2015-01-09,12:40:19,Becky,Fridge,yes,no,10.0,54.0,4.0
ID0483,2015-01-09,12:50:24,Diane,Toaster,yes,yes,92.0,144.0,3.0
ID0484,2015-01-09,12:50:24,Jim,Air Conditioner,no,no,,,
ID0485,2015-01-09,13:03:22,Becky,Washing Machine,yes,yes,120.0,267.0,1.0
ID0486,2015-01-09,13:03:22,Dan,Air Conditioner,yes,yes,63.0,298.0,3.0
ID0487,2015-01-09,13:39:22,Becky,Television,no,no,,,
ID0488,2015-01-09,13:39:22,Joe,Television,yes,yes,101.0,329.0,3.0
ID0489,2015-01-09,13:59:31,Joe,Toaster,yes,yes,105.0,79.0,1.0
ID0490,2015-01-09,13:59:31,Joe,Washing Machine,yes,yes,21.0,98.0,4.0
ID0491,2015-01-09,14:12:29,Joe,Toaster,yes,yes,34.0,310.0,4.0
ID0492,2015-01-09,14:12:29,Stewart,Air Conditioner,yes,yes,78.0,204.0,1.0
ID0493,2015-01-09,14:19:41,Diane,Television,yes,yes,44.0,173.0,3.0
ID0494,2015-01-09,14:19:41,Joe,Fridge,yes,yes,98.0,103.0,1.0
ID0495,2015-01-09,14:51:22,Martha,Toaster,yes,yes,23.0,202.0,1.0
ID0496,2015-01-09,14:51:22,Stewart,Fridge,yes,yes,28.0,379.0,3.0
ID0497,2015-01-09,15:43:12,Joe,Air Conditioner,no,no,,,
ID0498,2015-01-09,15:43:12,Martha,Fridge,yes,yes,43.0,63.0,5.0
ID0499,2015-01-09,16:58:05,Stewart,Television,no,no,,,
ID0500,2015-01-09,16:58:05,Martha,Washing Machine,no,no,,,
ID0501,2015-01-09,17:05:17,Diane,Toaster,yes,yes,119.0,50.0,4.0
ID0502,2015-01-09,17:05:17,Dan,Toaster,yes,yes,32.0,173.0,5.0
ID0503,2015-01-09,17:21:07,Greg,Television,yes,no,50.0,257.0,3.0
ID0504,2015-01-09,17:21:07,Jim,Fridge,no,no,,,
ID0505,2015-01-09,17:22:34,Joe,Toaster,yes,yes,35.0,285.0,4.0
ID0506,2015-01-09,17:22:34,Jim,Washing Machine,yes,yes,27.0,163.0,3.0
ID0507,2015-01-09,17:24:00,Stewart,Television,yes,yes,121.0,200.0,4.0
ID0508,2015-01-09,17:24:00,Becky,Television,yes,yes,42.0,417.0,2.0
ID0509,2015-01-09,17:28:19,Greg,Air Conditioner,no,no,,,
ID0510,2015-01-09,17:28:19,Dan,Air Conditioner,no,no,,,
ID0511,2015-01-09,17:32:38,Greg,Toaster,yes,yes,107.0,65.0,5.0
ID0512,2015-01-09,17:32:38,Martha,Television,yes,yes,116.0,211.0,4.0
ID0513,2015-01-09,17:42:43,Dan,Air Conditioner,yes,no,60.0,125.0,3.0
ID0514,2015-01-09,17:42:43,Jim,Toaster,yes,yes,116.0,277.0,4.0
ID0515,2015-01-10,09:00:00,Stewart,Toaster,yes,yes,19.0,370.0,5.0
ID0516,2015-01-10,09:00:00,Martha,Washing Machine,yes,yes,75.0,349.0,3.0
ID0517,2015-01-10,09:08:38,Becky,Fridge,yes,yes,23.0,47.0,3.0
ID0518,2015-01-10,09:08:38,Diane,Air Conditioner,yes,yes,69.0,233.0,3.0
ID0519,2015-01-10,10:06:14,Jim,Television,yes,yes,64.0,262.0,5.0
ID0520,2015-01-10,10:06:14,Martha,Television,yes,yes,117.0,203.0,3.0
ID0521,2015-01-10,10:35:02,Jim,Television,yes,yes,12.0,393.0,4.0
ID0522,2015-01-10,10:35:02,Diane,Fridge,yes,yes,102.0,157.0,4.0
ID0523,2015-01-10,11:11:02,Dan,Air Conditioner,yes,yes,46.0,392.0,4.0
ID0524,2015-01-10,11:11:02,Martha,Television,yes,no,47.0,87.0,4.0
ID0525,2015-01-10,11:18:14,Dan,Television,yes,yes,98.0,143.0,4.0
ID0526,2015-01-10,11:18:14,Jim,Washing Machine,yes,yes,84.0,256.0,4.0
ID0527,2015-01-10,11:29:46,Greg,Television,yes,yes,12.0,133.0,3.0
ID0528,2015-01-10,11:29:46,Greg,Toaster,yes,yes,88.0,205.0,4.0
ID0529,2015-01-10,11:31:12,Stewart,Washing Machine,yes,yes,97.0,352.0,1.0
ID0530,2015-01-10,11:31:12,Joe,Fridge,yes,yes,51.0,355.0,3.0
ID0531,2015-01-10,11:47:02,Becky,Fridge,no,no,,,
ID0532,2015-01-10,11:47:02,Dan,Television,yes,yes,106.0,156.0,4.0
ID0533,2015-01-10,12:27:22,Diane,Fridge,yes,yes,34.0,232.0,4.0
ID0534,2015-01-10,12:27:22,Stewart,Television,no,no,,,
ID0535,2015-01-10,12:33:07,Dan,Air Conditioner,yes,yes,51.0,333.0,3.0
ID0536,2015-01-10,12:33:07,Greg,Air Conditioner,yes,yes,74.0,293.0,4.0
ID0537,2015-01-10,12:56:10,Greg,Washing Machine,yes,yes,29.0,76.0,3.0
ID0538,2015-01-10,12:56:10,Martha,Fridge,yes,yes,123.0,374.0,3.0
ID0539,2015-01-10,13:13:26,Becky,Washing Machine,yes,yes,100.0,41.0,4.0
ID0540,2015-01-10,13:13:26,Dan,Television,yes,yes,43.0,413.0,3.0
ID0541,2015-01-10,13:48:00,Becky,Air Conditioner,yes,yes,24.0,268.0,4.0
ID0542,2015-01-10,13:48:00,Jim,Television,yes,yes,78.0,373.0,4.0
ID0543,2015-01-10,13:52:19,Joe,Toaster,yes,yes,28.0,366.0,5.0
ID0544,2015-01-10,13:52:19,Joe,Fridge,yes,yes,36.0,88.0,3.0
ID0545,2015-01-10,14:09:36,Joe,Toaster,no,no,,,
ID0546,2015-01-10,14:09:36,Jim,Toaster,yes,yes,10.0,271.0,2.0
ID0547,2015-01-10,14:16:48,Dan,Television,yes,yes,43.0,402.0,3.0
ID0548,2015-01-10,14:16:48,Stewart,Air Conditioner,yes,yes,19.0,38.0,3.0
ID0549,2015-01-10,14:25:26,Diane,Fridge,yes,yes,74.0,393.0,3.0
ID0550,2015-01-10,14:25:26,Jim,Television,yes,yes,71.0,245.0,1.0
ID0551,2015-01-10,14:32:38,Joe,Fridge,yes,yes,117.0,375.0,5.0
ID0552,2015-01-10,14:32:38,Joe,Washing Machine,yes,yes,61.0,301.0,3.0
ID0553,2015-01-10,14:58:34,Joe,Washing Machine,yes,yes,118.0,200.0,3.0
ID0554,2015-01-10,14:58:34,Martha,Fridge,yes,yes,87.0,258.0,4.0
ID0555,2015-01-10,15:56:10,Diane,Toaster,yes,yes,48.0,66.0,4.0
ID0556,2015-01-10,15:56:10,Joe,Washing Machine,yes,yes,112.0,134.0,1.0
ID0557,2015-01-10,16:00:29,Stewart,Washing Machine,yes,yes,99.0,164.0,5.0
ID0558,2015-01-10,16:00:29,Becky,Air Conditioner,yes,yes,103.0,176.0,4.0
ID0559,2015-01-10,16:37:55,Joe,Toaster,yes,yes,102.0,38.0,5.0
ID0560,2015-01-10,16:37:55,Joe,Toaster,yes,yes,74.0,415.0,5.0
ID0561,2015-01-10,16:37:55,Greg,Toaster,yes,yes,28.0,88.0,1.0
ID0562,2015-01-10,16:37:55,Joe,Washing Machine,yes,yes,64.0,152.0,4.0
ID0563,2015-01-10,16:42:14,Diane,Washing Machine,no,no,,,
ID0564,2015-01-10,16:42:14,Becky,Toaster,yes,yes,81.0,395.0,4.0
ID0565,2015-01-10,16:58:05,Becky,Television,yes,yes,121.0,63.0,3.0
ID0566,2015-01-10,16:58:05,Joe,Air Conditioner,yes,yes,117.0,170.0,4.0
ID0567,2015-01-10,17:24:00,Diane,Toaster,yes,yes,55.0,253.0,4.0
ID0568,2015-01-10,17:24:00,Stewart,Air Conditioner,no,no,,,
ID0569,2015-01-10,17:25:26,Becky,Television,yes,yes,79.0,149.0,3.0
ID0570,2015-01-10,17:25:26,Martha,Air Conditioner,yes,yes,120.0,128.0,1.0
ID0571,2015-01-10,17:31:12,Stewart,Washing Machine,yes,yes,50.0,160.0,2.0
ID0572,2015-01-10,17:31:12,Martha,Fridge,yes,no,15.0,182.0,1.0
ID0573,2015-01-10,17:35:31,Dan,Television,yes,yes,10.0,298.0,3.0
ID0574,2015-01-10,17:35:31,Greg,Air Conditioner,yes,yes,110.0,253.0,3.0
ID0575,2015-01-10,17:39:50,Greg,Toaster,yes,yes,69.0,46.0,3.0
ID0576,2015-01-10,17:39:50,Jim,Washing Machine,yes,no,122.0,168.0,1.0
ID0577,2015-01-10,17:48:29,Diane,Washing Machine,yes,yes,47.0,58.0,3.0
ID0578,2015-01-10,17:48:29,Greg,Air Conditioner,yes,no,124.0,405.0,5.0
ID0579,2015-01-11,09:30:14,Martha,Television,yes,yes,92.0,120.0,3.0
ID0580,2015-01-11,09:30:14,Becky,Toaster,yes,yes,110.0,331.0,2.0
ID0581,2015-01-11,09:37:26,Stewart,Television,yes,yes,84.0,144.0,4.0
ID0582,2015-01-11,09:37:26,Stewart,Fridge,no,no,,,
ID0583,2015-01-11,09:38:53,Diane,Fridge,yes,yes,81.0,261.0,5.0
ID0584,2015-01-11,09:38:53,Greg,Toaster,yes,yes,116.0,129.0,4.0
ID0585,2015-01-11,09:38:53,Diane,Toaster,no,no,,,
ID0586,2015-01-11,09:38:53,Joe,Television,yes,yes,63.0,248.0,3.0
ID0587,2015-01-11,09:48:58,Dan,Television,no,no,,,
ID0588,2015-01-11,09:48:58,Joe,Television,yes,yes,30.0,270.0,3.0
ID0589,2015-01-11,10:04:48,Diane,Fridge,yes,yes,22.0,341.0,3.0
ID0590,2015-01-11,10:04:48,Stewart,Air Conditioner,yes,yes,31.0,319.0,3.0
ID0591,2015-01-11,10:13:26,Diane,Toaster,yes,yes,47.0,152.0,3.0
ID0592,2015-01-11,10:13:26,Dan,Air Conditioner,yes,yes,88.0,273.0,3.0
ID0593,2015-01-11,10:20:38,Martha,Television,yes,yes,106.0,218.0,4.0
ID0594,2015-01-11,10:20:38,Diane,Toaster,yes,yes,70.0,87.0,5.0
ID0595,2015-01-11,10:26:24,Martha,Toaster,yes,yes,77.0,336.0,3.0
ID0596,2015-01-11,10:26:24,Joe,Television,yes,yes,82.0,400.0,3.0
ID0597,2015-01-11,10:32:10,Greg,Washing Machine,yes,yes,84.0,285.0,3.0
ID0598,2015-01-11,10:32:10,Martha,Air Conditioner,yes,yes,50.0,365.0,4.0
ID0599,2015-01-11,11:05:17,Martha,Fridge,no,no,,,
ID0600,2015-01-11,11:05:17,Becky,Washing Machine,yes,yes,73.0,44.0,3.0
ID0601,2015-01-11,11:28:19,Greg,Washing Machine,yes,yes,79.0,323.0,3.0
ID0602,2015-01-11,11:28:19,Dan,Washing Machine,yes,yes,124.0,238.0,5.0
ID0603,2015-01-11,11:29:46,Stewart,Fridge,no,no,,,
ID0604,2015-01-11,11:29:46,Becky,Air Conditioner,yes,no,75.0,212.0,4.0
ID0605,2015-01-11,11:36:58,Becky,Air Conditioner,yes,yes,34.0,271.0,3.0
ID0606,2015-01-11,11:36:58,Stewart,Toaster,no,no,,,
ID0607,2015-01-11,11:47:02,Stewart,Television,yes,yes,116.0,236.0,3.0
ID0608,2015-01-11,11:47:02,Dan,Toaster,yes,yes,20.0,32.0,3.0
ID0609,2015-01-11,12:10:05,Jim,Television,yes,yes,105.0,398.0,1.0
ID0610,2015-01-11,12:10:05,Diane,Toaster,yes,yes,25.0,52.0,3.0
ID0611,2015-01-11,12:20:10,Diane,Toaster,yes,yes,16.0,381.0,4.0
ID0612,2015-01-11,12:20:10,Martha,Washing Machine,yes,yes,64.0,160.0,4.0
ID0613,2015-01-11,12:24:29,Stewart,Fridge,yes,yes,82.0,410.0,3.0
ID0614,2015-01-11,12:24:29,Dan,Television,yes,yes,13.0,128.0,5.0
ID0615,2015-01-11,12:43:12,Jim,Washing Machine,yes,yes,15.0,44.0,5.0
ID0616,2015-01-11,12:43:12,Greg,Washing Machine,yes,yes,42.0,368.0,2.0
ID0617,2015-01-11,12:43:12,Jim,Toaster,no,no,,,
ID0618,2015-01-11,12:43:12,Martha,Toaster,yes,yes,32.0,341.0,3.0
ID0619,2015-01-11,12:57:36,Dan,Toaster,yes,yes,75.0,249.0,3.0
ID0620,2015-01-11,12:57:36,Stewart,Washing Machine,yes,no,123.0,170.0,3.0
ID0621,2015-01-11,13:19:12,Stewart,Television,yes,yes,22.0,327.0,5.0
ID0622,2015-01-11,13:19:12,Greg,Air Conditioner,yes,yes,21.0,118.0,2.0
ID0623,2015-01-11,13:55:12,Greg,Television,yes,yes,15.0,370.0,4.0
ID0624,2015-01-11,13:55:12,Diane,Television,yes,yes,76.0,234.0,4.0
ID0625,2015-01-11,14:09:36,Joe,Fridge,yes,yes,92.0,319.0,3.0
ID0626,2015-01-11,14:09:36,Greg,Air Conditioner,no,no,,,
ID0627,2015-01-11,14:13:55,Martha,Air Conditioner,no,no,,,
ID0628,2015-01-11,14:13:55,Becky,Toaster,yes,no,62.0,238.0,4.0
ID0629,2015-01-11,14:19:41,Joe,Fridge,yes,yes,33.0,298.0,3.0
ID0630,2015-01-11,14:19:41,Stewart,Fridge,yes,yes,122.0,119.0,1.0
ID0631,2015-01-11,14:24:00,Stewart,Television,yes,no,47.0,274.0,1.0
ID0632,2015-01-11,14:24:00,Diane,Fridge,no,no,,,
ID0633,2015-01-11,14:26:53,Martha,Air Conditioner,no,no,,,
ID0634,2015-01-11,14:26:53,Joe,Washing Machine,no,no,,,
ID0635,2015-01-11,14:28:19,Stewart,Television,yes,yes,44.0,39.0,4.0
ID0636,2015-01-11,14:28:19,Martha,Washing Machine,yes,yes,48.0,281.0,3.0
ID0637,2015-01-11,14:32:38,Martha,Fridge,yes,yes,60.0,59.0,3.0
ID0638,2015-01-11,14:32:38,Diane,Television,no,no,,,
ID0639,2015-01-11,14:57:07,Jim,Air Conditioner,yes,yes,120.0,201.0,2.0
ID0640,2015-01-11,14:57:07,Stewart,Fridge,yes,yes,61.0,265.0,2.0
ID0641,2015-01-11,15:12:58,Greg,Air Conditioner,yes,yes,103.0,384.0,4.0
ID0642,2015-01-11,15:12:58,Becky,Washing Machine,no,no,,,
ID0643,2015-01-11,15:37:26,Jim,Toaster,yes,yes,32.0,180.0,2.0
ID0644,2015-01-11,15:37:26,Joe,Fridge,no,no,,,
ID0645,2015-01-11,15:59:02,Jim,Air Conditioner,yes,yes,53.0,276.0,1.0
ID0646,2015-01-11,15:59:02,Diane,Television,yes,yes,40.0,175.0,5.0
ID0647,2015-01-11,16:17:46,Stewart,Washing Machine,yes,no,58.0,193.0,3.0
ID0648,2015-01-11,16:17:46,Stewart,Air Conditioner,yes,yes,92.0,147.0,2.0
ID0649,2015-01-11,16:43:41,Diane,Toaster,no,no,,,
ID0650,2015-01-11,16:43:41,Dan,Television,yes,yes,124.0,49.0,5.0
ID0651,2015-01-11,17:06:43,Jim,Fridge,yes,yes,59.0,270.0,3.0
ID0652,2015-01-11,17:06:43,Greg,Television,yes,yes,44.0,301.0,1.0
ID0653,2015-01-11,17:22:34,Jim,Fridge,yes,yes,42.0,218.0,2.0
ID0654,2015-01-11,17:22:34,Stewart,Toaster,yes,yes,21.0,285.0,5.0
ID0655,2015-01-11,17:41:17,Stewart,Washing Machine,yes,yes,69.0,31.0,4.0
ID0656,2015-01-11,17:41:17,Stewart,Toaster,yes,yes,46.0,53.0,1.0
ID0657,2015-01-11,17:41:17,Martha,Toaster,yes,yes,24.0,360.0,5.0
ID0658,2015-01-11,17:41:17,Stewart,Television,yes,yes,101.0,285.0,2.0
ID0659,2015-01-11,17:48:29,Becky,Toaster,yes,yes,121.0,80.0,5.0
ID0660,2015-01-11,17:48:29,Stewart,Fridge,yes,yes,61.0,71.0,3.0
ID0661,2015-01-11,17:49:55,Becky,Washing Machine,yes,yes,45.0,80.0,4.0
ID0662,2015-01-11,17:49:55,Becky,Toaster,yes,yes,40.0,120.0,5.0
ID0663,2015-01-12,09:51:50,Dan,Air Conditioner,yes,yes,94.0,55.0,4.0
ID0664,2015-01-12,09:51:50,Greg,Television,yes,yes,85.0,314.0,5.0
ID0665,2015-01-12,09:57:36,Jim,Toaster,yes,yes,22.0,278.0,3.0
ID0666,2015-01-12,09:57:36,Becky,Washing Machine,yes,yes,119.0,411.0,5.0
ID0667,2015-01-12,10:12:00,Becky,Toaster,yes,yes,13.0,140.0,4.0
ID0668,2015-01-12,10:12:00,Martha,Washing Machine,yes,yes,60.0,260.0,4.0
ID0669,2015-01-12,10:16:19,Diane,Fridge,no,no,,,
ID0670,2015-01-12,10:16:19,Jim,Toaster,yes,yes,29.0,363.0,1.0
ID0671,2015-01-12,10:39:22,Diane,Toaster,yes,no,41.0,346.0,5.0
ID0672,2015-01-12,10:39:22,Martha,Washing Machine,yes,yes,87.0,340.0,5.0
ID0673,2015-01-12,10:48:00,Jim,Washing Machine,yes,yes,77.0,267.0,5.0
ID0674,2015-01-12,10:48:00,Jim,Toaster,no,no,,,
ID0675,2015-01-12,10:49:26,Dan,Fridge,yes,yes,30.0,165.0,4.0
ID0676,2015-01-12,10:49:26,Stewart,Toaster,no,no,,,
ID0677,2015-01-12,11:06:43,Jim,Toaster,yes,yes,81.0,329.0,3.0
ID0678,2015-01-12,11:06:43,Stewart,Washing Machine,yes,yes,76.0,142.0,4.0
ID0679,2015-01-12,11:41:17,Diane,Washing Machine,no,no,,,
ID0680,2015-01-12,11:41:17,Greg,Washing Machine,yes,yes,79.0,204.0,4.0
ID0681,2015-01-12,12:04:19,Joe,Fridge,yes,yes,114.0,330.0,3.0
ID0682,2015-01-12,12:04:19,Greg,Washing Machine,yes,yes,15.0,419.0,2.0
ID0683,2015-01-12,13:03:22,Becky,Television,yes,yes,43.0,200.0,4.0
ID0684,2015-01-12,13:03:22,Stewart,Air Conditioner,yes,yes,26.0,388.0,1.0
ID0685,2015-01-12,13:30:43,Greg,Air Conditioner,yes,yes,57.0,211.0,2.0
ID0686,2015-01-12,13:30:43,Stewart,Washing Machine,yes,yes,86.0,153.0,3.0
ID0687,2015-01-12,13:37:55,Diane,Toaster,yes,yes,110.0,285.0,3.0
ID0688,2015-01-12,13:37:55,Becky,Washing Machine,yes,yes,43.0,289.0,2.0
ID0689,2015-01-12,13:42:14,Martha,Air Conditioner,no,no,,,
ID0690,2015-01-12,13:42:14,Martha,Fridge,no,no,,,
ID0691,2015-01-12,14:12:29,Joe,Air Conditioner,yes,yes,105.0,180.0,2.0
ID0692,2015-01-12,14:12:29,Diane,Air Conditioner,no,no,,,
ID0693,2015-01-12,14:51:22,Greg,Fridge,yes,yes,79.0,48.0,4.0
ID0694,2015-01-12,14:51:22,Jim,Toaster,yes,no,42.0,208.0,3.0
ID0695,2015-01-12,15:08:38,Jim,Washing Machine,yes,no,100.0,56.0,4.0
ID0696,2015-01-12,15:08:38,Greg,Television,yes,yes,107.0,387.0,4.0
ID0697,2015-01-12,15:23:02,Martha,Toaster,yes,yes,96.0,226.0,5.0
ID0698,2015-01-12,15:23:02,Greg,Television,yes,no,116.0,255.0,5.0
ID0699,2015-01-12,15:47:31,Martha,Air Conditioner,yes,yes,54.0,174.0,3.0
ID0700,2015-01-12,15:47:31,Diane,Television,yes,yes,24.0,385.0,4.0
ID0701,2015-01-12,15:51:50,Dan,Washing Machine,yes,yes,52.0,175.0,5.0
ID0702,2015-01-12,15:51:50,Dan,Washing Machine,yes,yes,77.0,51.0,3.0
ID0703,2015-01-12,16:12:00,Diane,Fridge,yes,yes,91.0,100.0,3.0
ID0704,2015-01-12,16:12:00,Dan,Television,yes,no,104.0,103.0,3.0
ID0705,2015-01-12,16:45:07,Joe,Air Conditioner,yes,yes,111.0,156.0,3.0
ID0706,2015-01-12,16:45:07,Becky,Air Conditioner,no,no,,,
ID0707,2015-01-12,16:46:34,Jim,Toaster,yes,yes,55.0,308.0,4.0
ID0708,2015-01-12,16:46:34,Stewart,Fridge,no,no,,,
ID0709,2015-01-12,16:49:26,Joe,Washing Machine,yes,yes,124.0,325.0,4.0
ID0710,2015-01-12,16:49:26,Martha,Toaster,yes,yes,68.0,277.0,3.0
ID0711,2015-01-12,16:50:53,Dan,Air Conditioner,yes,no,40.0,272.0,3.0
ID0712,2015-01-12,16:50:53,Stewart,Toaster,yes,yes,119.0,155.0,4.0
ID0713,2015-01-12,16:52:19,Dan,Toaster,yes,yes,42.0,54.0,1.0
ID0714,2015-01-12,16:52:19,Joe,Fridge,yes,yes,30.0,234.0,4.0
ID0715,2015-01-12,17:06:43,Jim,Fridge,yes,yes,79.0,261.0,4.0
ID0716,2015-01-12,17:06:43,Becky,Washing Machine,yes,yes,44.0,416.0,1.0
ID0717,2015-01-12,18:00:00,Jim,Television,yes,yes,71.0,120.0,3.0
ID0718,2015-01-12,18:00:00,Greg,Television,no,no,,,
ID0719,2015-01-13,09:21:36,Joe,Fridge,yes,yes,21.0,385.0,5.0
ID0720,2015-01-13,09:21:36,Jim,Air Conditioner,yes,yes,122.0,288.0,4.0
ID0721,2015-01-13,09:44:38,Becky,Air Conditioner,no,no,,,
ID0722,2015-01-13,09:44:38,Becky,Fridge,yes,yes,62.0,145.0,3.0
ID0723,2015-01-13,09:46:05,Stewart,Washing Machine,yes,no,37.0,161.0,5.0
ID0724,2015-01-13,09:46:05,Diane,Washing Machine,yes,yes,112.0,416.0,2.0
ID0725,2015-01-13,09:56:10,Jim,Washing Machine,yes,yes,40.0,203.0,2.0
ID0726,2015-01-13,09:56:10,Joe,Television,yes,no,50.0,113.0,5.0
ID0727,2015-01-13,10:37:55,Dan,Television,yes,yes,88.0,249.0,4.0
ID0728,2015-01-13,10:37:55,Dan,Fridge,yes,yes,97.0,51.0,3.0
ID0729,2015-01-13,11:06:43,Diane,Toaster,no,no,,,
ID0730,2015-01-13,11:06:43,Becky,Television,yes,yes,110.0,282.0,4.0
ID0731,2015-01-13,11:09:36,Martha,Television,no,no,,,
ID0732,2015-01-13,11:09:36,Jim,Air Conditioner,yes,yes,104.0,203.0,5.0
ID0733,2015-01-13,11:45:36,Stewart,Washing Machine,yes,no,79.0,297.0,3.0
ID0734,2015-01-13,11:45:36,Becky,Toaster,yes,yes,70.0,91.0,3.0
ID0735,2015-01-13,11:54:14,Greg,Fridge,no,no,,,
ID0736,2015-01-13,11:54:14,Joe,Television,yes,yes,70.0,338.0,1.0
ID0737,2015-01-13,12:31:41,Martha,Washing Machine,yes,yes,33.0,51.0,3.0
ID0738,2015-01-13,12:31:41,Joe,Toaster,yes,yes,124.0,54.0,4.0
ID0739,2015-01-13,12:37:26,Diane,Toaster,yes,yes,77.0,124.0,3.0
ID0740,2015-01-13,12:37:26,Dan,Television,yes,yes,33.0,381.0,3.0
ID0741,2015-01-13,12:40:19,Jim,Washing Machine,yes,yes,96.0,66.0,5.0
ID0742,2015-01-13,12:40:19,Becky,Television,no,no,,,
ID0743,2015-01-13,14:02:24,Joe,Toaster,yes,yes,69.0,227.0,5.0
ID0744,2015-01-13,14:02:24,Dan,Fridge,yes,yes,58.0,391.0,4.0
ID0745,2015-01-13,14:26:53,Martha,Fridge,yes,no,112.0,39.0,3.0
ID0746,2015-01-13,14:26:53,Jim,Air Conditioner,yes,yes,61.0,263.0,3.0
ID0747,2015-01-13,14:48:29,Dan,Fridge,yes,yes,89.0,191.0,3.0
ID0748,2015-01-13,14:48:29,Becky,Toaster,yes,yes,84.0,192.0,5.0
ID0749,2015-01-13,15:14:24,Diane,Air Conditioner,yes,yes,53.0,215.0,3.0
ID0750,2015-01-13,15:14:24,Becky,Television,yes,yes,73.0,93.0,3.0
ID0751,2015-01-13,15:27:22,Stewart,Washing Machine,yes,yes,12.0,130.0,2.0
ID0752,2015-01-13,15:27:22,Martha,Fridge,yes,yes,90.0,391.0,4.0
ID0753,2015-01-13,15:34:34,Stewart,Air Conditioner,no,no,,,
ID0754,2015-01-13,15:34:34,Dan,Air Conditioner,yes,yes,23.0,253.0,5.0
ID0755,2015-01-13,15:40:19,Greg,Fridge,yes,yes,98.0,307.0,5.0
ID0756,2015-01-13,15:40:19,Diane,Washing Machine,yes,yes,28.0,63.0,2.0
ID0757,2015-01-13,17:58:34,Diane,Air Conditioner,yes,yes,123.0,268.0,3.0
ID0758,2015-01-13,17:58:34,Becky,Washing Machine,yes,yes,82.0,150.0,5.0
ID0759,2015-01-14,09:02:53,Martha,Air Conditioner,yes,yes,57.0,288.0,4.0
ID0760,2015-01-14,09:02:53,Stewart,Television,yes,yes,14.0,70.0,5.0
ID0761,2015-01-14,09:14:24,Joe,Air Conditioner,yes,yes,114.0,37.0,4.0
ID0762,2015-01-14,09:14:24,Jim,Toaster,yes,yes,53.0,260.0,5.0
ID0763,2015-01-14,09:17:17,Jim,Air Conditioner,no,no,,,
ID0764,2015-01-14,09:17:17,Dan,Air Conditioner,yes,yes,25.0,273.0,4.0
ID0765,2015-01-14,09:24:29,Greg,Fridge,yes,yes,86.0,200.0,2.0
ID0766,2015-01-14,09:24:29,Jim,Toaster,yes,yes,51.0,127.0,4.0
ID0767,2015-01-14,10:01:55,Stewart,Air Conditioner,yes,yes,31.0,56.0,4.0
ID0768,2015-01-14,10:01:55,Dan,Television,no,no,,,
ID0769,2015-01-14,10:53:46,Martha,Toaster,yes,yes,124.0,304.0,4.0
ID0770,2015-01-14,10:53:46,Jim,Television,yes,yes,116.0,407.0,2.0
ID0771,2015-01-14,11:19:41,Becky,Washing Machine,yes,yes,41.0,243.0,2.0
ID0772,2015-01-14,11:19:41,Greg,Washing Machine,yes,yes,53.0,278.0,2.0
ID0773,2015-01-14,11:32:38,Martha,Air Conditioner,yes,yes,85.0,123.0,4.0
ID0774,2015-01-14,11:32:38,Joe,Television,yes,yes,18.0,277.0,5.0
ID0775,2015-01-14,11:35:31,Stewart,Toaster,yes,yes,17.0,253.0,4.0
ID0776,2015-01-14,11:35:31,Joe,Air Conditioner,yes,yes,102.0,178.0,4.0
ID0777,2015-01-14,12:01:26,Jim,Air Conditioner,yes,yes,26.0,400.0,1.0
ID0778,2015-01-14,12:01:26,Joe,Toaster,yes,yes,107.0,381.0,3.0
ID0779,2015-01-14,12:05:46,Greg,Air Conditioner,no,no,,,
ID0780,2015-01-14,12:05:46,Greg,Television,yes,yes,35.0,264.0,5.0
ID0781,2015-01-14,12:11:31,Joe,Air Conditioner,yes,yes,100.0,324.0,2.0
ID0782,2015-01-14,12:11:31,Diane,Fridge,yes,yes,12.0,379.0,4.0
ID0783,2015-01-14,12:33:07,Jim,Toaster,yes,yes,43.0,234.0,4.0
ID0784,2015-01-14,12:33:07,Becky,Toaster,yes,yes,68.0,109.0,4.0
ID0785,2015-01-14,12:43:12,Joe,Television,yes,yes,81.0,114.0,3.0
ID0786,2015-01-14,12:43:12,Martha,Washing Machine,yes,no,49.0,381.0,5.0
ID0787,2015-01-14,13:01:55,Dan,Air Conditioner,yes,yes,101.0,369.0,3.0
ID0788,2015-01-14,13:01:55,Joe,Washing Machine,yes,yes,72.0,358.0,3.0
ID0789,2015-01-14,13:30:43,Martha,Air Conditioner,yes,yes,18.0,109.0,3.0
ID0790,2015-01-14,13:30:43,Diane,Washing Machine,yes,yes,86.0,273.0,5.0
ID0791,2015-01-14,13:35:02,Dan,Fridge,yes,yes,109.0,37.0,4.0
ID0792,2015-01-14,13:35:02,Martha,Air Conditioner,no,no,,,
ID0793,2015-01-14,14:09:36,Martha,Fridge,yes,yes,32.0,252.0,2.0
ID0794,2015-01-14,14:09:36,Dan,Washing Machine,yes,yes,68.0,314.0,3.0
ID0795,2015-01-14,14:38:24,Joe,Air Conditioner,yes,yes,10.0,417.0,4.0
ID0796,2015-01-14,14:38:24,Jim,Toaster,yes,yes,76.0,287.0,5.0
ID0797,2015-01-14,14:57:07,Dan,Toaster,yes,yes,124.0,392.0,3.0
ID0798,2015-01-14,14:57:07,Becky,Air Conditioner,yes,yes,28.0,251.0,3.0
ID0799,2015-01-14,15:20:10,Becky,Television,yes,yes,107.0,99.0,4.0
ID0800,2015-01-14,15:20:10,Martha,Fridge,no,no,,,
ID0801,2015-01-14,15:51:50,Diane,Television,no,no,,,
ID0802,2015-01-14,15:51:50,Martha,Fridge,no,no,,,
ID0803,2015-01-14,15:54:43,Stewart,Television,no,no,,,
ID0804,2015-01-14,15:54:43,Joe,Air Conditioner,no,no,,,
ID0805,2015-01-14,16:27:50,Diane,Washing Machine,yes,yes,21.0,100.0,4.0
ID0806,2015-01-14,16:27:50,Dan,Television,yes,yes,66.0,343.0,2.0
ID0807,2015-01-14,16:39:22,Becky,Air Conditioner,no,no,,,
ID0808,2015-01-14,16:39:22,Greg,Television,yes,yes,19.0,391.0,3.0
ID0809,2015-01-14,17:19:41,Greg,Washing Machine,yes,yes,100.0,358.0,4.0
ID0810,2015-01-14,17:19:41,Jim,Air Conditioner,yes,yes,108.0,384.0,4.0
ID0811,2015-01-14,17:22:34,Stewart,Air Conditioner,yes,yes,123.0,274.0,1.0
ID0812,2015-01-14,17:22:34,Greg,Washing Machine,no,no,,,
ID0813,2015-01-14,17:32:38,Dan,Washing Machine,yes,yes,76.0,127.0,2.0
ID0814,2015-01-14,17:32:38,Joe,Washing Machine,yes,yes,78.0,92.0,2.0
ID0815,2015-01-14,17:32:38,Becky,Television,yes,yes,17.0,153.0,1.0
ID0816,2015-01-14,17:32:38,Diane,Television,yes,yes,60.0,253.0,4.0
ID0817,2015-01-15,09:40:19,Jim,Washing Machine,yes,yes,76.0,107.0,3.0
ID0818,2015-01-15,09:40:19,Greg,Washing Machine,yes,yes,80.0,241.0,4.0
ID0819,2015-01-15,09:40:19,Greg,Fridge,yes,no,20.0,336.0,4.0
ID0820,2015-01-15,09:40:19,Becky,Fridge,yes,yes,82.0,381.0,3.0
ID0821,2015-01-15,09:50:24,Stewart,Air Conditioner,yes,yes,33.0,351.0,3.0
ID0822,2015-01-15,09:50:24,Stewart,Fridge,yes,yes,93.0,116.0,3.0
ID0823,2015-01-15,10:56:38,Diane,Television,yes,yes,29.0,180.0,4.0
ID0824,2015-01-15,10:56:38,Martha,Fridge,yes,yes,83.0,412.0,4.0
ID0825,2015-01-15,11:31:12,Stewart,Toaster,yes,yes,113.0,121.0,4.0
ID0826,2015-01-15,11:31:12,Stewart,Fridge,yes,yes,21.0,206.0,4.0
ID0827,2015-01-15,11:38:24,Becky,Fridge,yes,no,82.0,160.0,4.0
ID0828,2015-01-15,11:38:24,Diane,Television,yes,yes,91.0,227.0,3.0
ID0829,2015-01-15,11:45:36,Dan,Air Conditioner,yes,yes,111.0,40.0,4.0
ID0830,2015-01-15,11:45:36,Martha,Fridge,yes,yes,70.0,313.0,4.0
ID0831,2015-01-15,13:46:34,Dan,Air Conditioner,no,no,,,
ID0832,2015-01-15,13:46:34,Joe,Television,yes,yes,58.0,258.0,4.0
ID0833,2015-01-15,13:53:46,Jim,Television,yes,yes,10.0,327.0,4.0
ID0834,2015-01-15,13:53:46,Becky,Toaster,yes,yes,77.0,180.0,1.0
ID0835,2015-01-15,14:08:10,Diane,Television,yes,yes,92.0,238.0,4.0
ID0836,2015-01-15,14:08:10,Jim,Fridge,yes,yes,59.0,128.0,1.0
ID0837,2015-01-15,14:13:55,Diane,Fridge,yes,yes,42.0,258.0,2.0
ID0838,2015-01-15,14:13:55,Greg,Toaster,yes,yes,110.0,271.0,3.0
ID0839,2015-01-15,15:01:26,Jim,Washing Machine,yes,yes,21.0,92.0,5.0
ID0840,2015-01-15,15:01:26,Diane,Toaster,no,no,,,
ID0841,2015-01-15,15:21:36,Diane,Air Conditioner,yes,no,60.0,207.0,4.0
ID0842,2015-01-15,15:21:36,Greg,Toaster,yes,yes,93.0,145.0,2.0
ID0843,2015-01-15,15:30:14,Greg,Washing Machine,no,no,,,
ID0844,2015-01-15,15:30:14,Diane,Television,yes,yes,79.0,371.0,3.0
ID0845,2015-01-15,15:46:05,Diane,Air Conditioner,yes,yes,21.0,356.0,5.0
ID0846,2015-01-15,15:46:05,Stewart,Washing Machine,yes,yes,102.0,165.0,5.0
ID0847,2015-01-15,16:06:14,Joe,Toaster,yes,no,10.0,78.0,5.0
ID0848,2015-01-15,16:06:14,Stewart,Air Conditioner,yes,yes,117.0,40.0,4.0
ID0849,2015-01-15,16:37:55,Becky,Washing Machine,yes,yes,45.0,413.0,3.0
ID0850,2015-01-15,16:37:55,Greg,Fridge,yes,no,50.0,60.0,3.0
ID0851,2015-01-15,16:40:48,Becky,Fridge,yes,yes,42.0,168.0,3.0
ID0852,2015-01-15,16:40:48,Jim,Washing Machine,yes,yes,86.0,362.0,3.0
ID0853,2015-01-15,16:43:41,Jim,Washing Machine,yes,yes,92.0,283.0,5.0
ID0854,2015-01-15,16:43:41,Diane,Television,yes,yes,54.0,338.0,5.0
ID0855,2015-01-15,17:21:07,Dan,Television,yes,yes,76.0,394.0,3.0
ID0856,2015-01-15,17:21:07,Greg,Fridge,yes,yes,49.0,118.0,5.0
ID0857,2015-01-15,17:38:24,Joe,Washing Machine,yes,yes,13.0,290.0,3.0
ID0858,2015-01-15,17:38:24,Becky,Toaster,no,no,,,
ID0859,2015-01-15,17:41:17,Becky,Television,yes,yes,24.0,329.0,5.0
ID0860,2015-01-15,17:41:17,Becky,Television,yes,yes,71.0,159.0,3.0
ID0861,2015-01-15,18:00:00,Stewart,Fridge,yes,yes,42.0,373.0,3.0
ID0862,2015-01-15,18:00:00,Becky,Television,yes,yes,63.0,325.0,1.0
ID0863,2015-01-16,09:00:00,Becky,Air Conditioner,yes,no,19.0,35.0,5.0
ID0864,2015-01-16,09:00:00,Dan,Television,yes,yes,107.0,310.0,1.0
ID0865,2015-01-16,10:20:38,Dan,Air Conditioner,no,no,,,
ID0866,2015-01-16,10:20:38,Martha,Fridge,yes,yes,85.0,320.0,4.0
ID0867,2015-01-16,10:30:43,Diane,Air Conditioner,yes,yes,15.0,69.0,2.0
ID0868,2015-01-16,10:30:43,Becky,Air Conditioner,yes,yes,111.0,404.0,5.0
ID0869,2015-01-16,10:52:19,Diane,Washing Machine,yes,yes,23.0,60.0,4.0
ID0870,2015-01-16,10:52:19,Dan,Toaster,yes,yes,115.0,36.0,3.0
ID0871,2015-01-16,11:08:10,Jim,Air Conditioner,yes,yes,83.0,51.0,3.0
ID0872,2015-01-16,11:08:10,Greg,Fridge,no,no,,,
ID0873,2015-01-16,12:14:24,Becky,Television,no,no,,,
ID0874,2015-01-16,12:14:24,Greg,Air Conditioner,yes,yes,50.0,389.0,3.0
ID0875,2015-01-16,12:28:48,Becky,Toaster,yes,yes,19.0,82.0,3.0
ID0876,2015-01-16,12:28:48,Diane,Washing Machine,yes,no,107.0,216.0,4.0
ID0877,2015-01-16,12:44:38,Joe,Fridge,yes,no,121.0,229.0,3.0
ID0878,2015-01-16,12:44:38,Dan,Toaster,yes,yes,55.0,306.0,3.0
ID0879,2015-01-16,12:56:10,Becky,Television,yes,yes,92.0,79.0,2.0
ID0880,2015-01-16,12:56:10,Stewart,Fridge,yes,no,24.0,348.0,3.0
ID0881,2015-01-16,13:03:22,Martha,Air Conditioner,no,no,,,
ID0882,2015-01-16,13:03:22,Jim,Television,yes,yes,58.0,138.0,5.0
ID0883,2015-01-16,13:35:02,Dan,Air Conditioner,no,no,,,
ID0884,2015-01-16,13:35:02,Stewart,Toaster,no,no,,,
ID0885,2015-01-16,13:36:29,Greg,Television,yes,yes,28.0,414.0,4.0
ID0886,2015-01-16,13:36:29,Joe,Air Conditioner,yes,yes,30.0,408.0,4.0
ID0887,2015-01-16,14:02:24,Greg,Fridge,yes,yes,84.0,161.0,3.0
ID0888,2015-01-16,14:02:24,Jim,Air Conditioner,yes,yes,78.0,296.0,2.0
ID0889,2015-01-16,14:11:02,Jim,Fridge,yes,yes,122.0,65.0,3.0
ID0890,2015-01-16,14:11:02,Diane,Washing Machine,yes,yes,26.0,70.0,1.0
ID0891,2015-01-16,14:25:26,Jim,Air Conditioner,yes,yes,95.0,56.0,3.0
ID0892,2015-01-16,14:25:26,Stewart,Air Conditioner,yes,yes,45.0,107.0,4.0
ID0893,2015-01-16,14:39:50,Diane,Air Conditioner,no,no,,,
ID0894,2015-01-16,14:39:50,Diane,Washing Machine,no,no,,,
ID0895,2015-01-16,14:49:55,Dan,Television,yes,no,76.0,400.0,3.0
ID0896,2015-01-16,14:49:55,Martha,Television,yes,no,97.0,96.0,4.0
ID0897,2015-01-16,15:24:29,Stewart,Air Conditioner,no,no,,,
ID0898,2015-01-16,15:24:29,Stewart,Washing Machine,yes,yes,22.0,176.0,3.0
ID0899,2015-01-16,15:30:14,Becky,Television,yes,no,55.0,52.0,3.0
ID0900,2015-01-16,15:30:14,Joe,Toaster,yes,no,64.0,68.0,4.0
ID0901,2015-01-16,15:47:31,Greg,Television,yes,yes,87.0,72.0,3.0
ID0902,2015-01-16,15:47:31,Stewart,Air Conditioner,no,no,,,
ID0903,2015-01-16,15:53:17,Martha,Television,yes,yes,79.0,240.0,4.0
ID0904,2015-01-16,15:53:17,Becky,Washing Machine,yes,yes,33.0,301.0,4.0
ID0905,2015-01-16,16:35:02,Joe,Air Conditioner,yes,yes,114.0,321.0,4.0
ID0906,2015-01-16,16:35:02,Stewart,Air Conditioner,yes,yes,112.0,53.0,5.0
ID0907,2015-01-16,16:36:29,Becky,Air Conditioner,yes,yes,61.0,374.0,3.0
ID0908,2015-01-16,16:36:29,Jim,Air Conditioner,no,no,,,
ID0909,2015-01-16,16:52:19,Jim,Toaster,yes,no,58.0,270.0,2.0
ID0910,2015-01-16,16:52:19,Becky,Television,yes,yes,13.0,124.0,3.0
ID0911,2015-01-16,17:42:43,Stewart,Washing Machine,yes,yes,36.0,237.0,4.0
ID0912,2015-01-16,17:42:43,Greg,Washing Machine,yes,yes,48.0,217.0,3.0
ID0913,2015-01-16,17:57:07,Stewart,Toaster,yes,yes,99.0,33.0,5.0
ID0914,2015-01-16,17:57:07,Joe,Air Conditioner,yes,yes,78.0,106.0,3.0
ID0915,2015-01-16,17:58:34,Greg,Television,yes,yes,82.0,172.0,4.0
ID0916,2015-01-16,17:58:34,Becky,Fridge,no,no,,,
ID0917,2015-01-16,18:00:00,Stewart,Television,yes,yes,19.0,102.0,5.0
ID0918,2015-01-16,18:00:00,Becky,Television,yes,yes,34.0,404.0,4.0
ID0919,2015-01-17,09:51:50,Becky,Air Conditioner,yes,yes,89.0,190.0,3.0
ID0920,2015-01-17,09:51:50,Martha,Washing Machine,yes,yes,116.0,378.0,4.0
ID0921,2015-01-17,10:32:10,Martha,Television,yes,yes,88.0,243.0,4.0
ID0922,2015-01-17,10:32:10,Stewart,Television,yes,yes,15.0,183.0,3.0
ID0923,2015-01-17,11:42:43,Martha,Washing Machine,yes,yes,59.0,137.0,5.0
ID0924,2015-01-17,11:42:43,Greg,Washing Machine,no,no,,,
ID0925,2015-01-17,11:42:43,Martha,Washing Machine,yes,yes,125.0,188.0,2.0
ID0926,2015-01-17,11:42:43,Greg,Television,yes,yes,88.0,246.0,4.0
ID0927,2015-01-17,11:45:36,Jim,Television,yes,yes,20.0,279.0,5.0
ID0928,2015-01-17,11:45:36,Stewart,Washing Machine,yes,yes,64.0,345.0,3.0
ID0929,2015-01-17,12:38:53,Jim,Television,no,no,,,
ID0930,2015-01-17,12:38:53,Stewart,Fridge,yes,yes,111.0,139.0,5.0
ID0931,2015-01-17,12:44:38,Joe,Fridge,no,no,,,
ID0932,2015-01-17,12:44:38,Jim,Air Conditioner,no,no,,,
ID0933,2015-01-17,13:29:17,Joe,Air Conditioner,yes,yes,40.0,180.0,4.0
ID0934,2015-01-17,13:29:17,Martha,Air Conditioner,yes,yes,35.0,187.0,2.0
ID0935,2015-01-17,13:30:43,Martha,Washing Machine,yes,yes,106.0,166.0,5.0
ID0936,2015-01-17,13:30:43,Diane,Toaster,yes,yes,97.0,159.0,2.0
ID0937,2015-01-17,13:36:29,Diane,Washing Machine,yes,yes,67.0,110.0,3.0
ID0938,2015-01-17,13:36:29,Stewart,Washing Machine,yes,yes,98.0,75.0,5.0
ID0939,2015-01-17,13:53:46,Joe,Washing Machine,yes,yes,120.0,140.0,4.0
ID0940,2015-01-17,13:53:46,Becky,Air Conditioner,yes,yes,91.0,45.0,5.0
ID0941,2015-01-17,14:00:58,Martha,Toaster,yes,yes,22.0,293.0,5.0
ID0942,2015-01-17,14:00:58,Diane,Television,yes,no,113.0,164.0,2.0
ID0943,2015-01-17,14:18:14,Diane,Television,no,no,,,
ID0944,2015-01-17,14:18:14,Jim,Toaster,yes,yes,60.0,117.0,4.0
ID0945,2015-01-17,14:28:19,Diane,Toaster,yes,yes,97.0,155.0,5.0
ID0946,2015-01-17,14:28:19,Becky,Television,yes,yes,118.0,51.0,4.0
ID0947,2015-01-17,14:31:12,Dan,Air Conditioner,yes,yes,19.0,81.0,5.0
ID0948,2015-01-17,14:31:12,Stewart,Washing Machine,no,no,,,
ID0949,2015-01-17,15:00:00,Greg,Television,no,no,,,
ID0950,2015-01-17,15:00:00,Dan,Television,yes,yes,124.0,377.0,4.0
ID0951,2015-01-17,15:01:26,Dan,Toaster,yes,yes,53.0,311.0,2.0
ID0952,2015-01-17,15:01:26,Diane,Fridge,yes,yes,61.0,37.0,5.0
ID0953,2015-01-17,15:21:36,Joe,Washing Machine,yes,yes,18.0,46.0,1.0
ID0954,2015-01-17,15:21:36,Greg,Fridge,yes,yes,80.0,76.0,3.0
ID0955,2015-01-17,16:22:05,Stewart,Air Conditioner,yes,yes,47.0,248.0,4.0
ID0956,2015-01-17,16:22:05,Stewart,Toaster,yes,yes,101.0,319.0,2.0
ID0957,2015-01-17,16:24:58,Joe,Television,yes,yes,71.0,340.0,3.0
ID0958,2015-01-17,16:24:58,Martha,Air Conditioner,yes,yes,44.0,246.0,4.0
ID0959,2015-01-17,16:29:17,Becky,Toaster,yes,yes,14.0,179.0,4.0
ID0960,2015-01-17,16:29:17,Martha,Toaster,no,no,,,
ID0961,2015-01-17,17:06:43,Jim,Washing Machine,yes,yes,44.0,160.0,2.0
ID0962,2015-01-17,17:06:43,Diane,Fridge,yes,yes,97.0,405.0,4.0
ID0963,2015-01-17,17:16:48,Becky,Television,no,no,,,
ID0964,2015-01-17,17:16:48,Diane,Fridge,yes,no,91.0,249.0,3.0
ID0965,2015-01-17,17:21:07,Dan,Toaster,yes,yes,48.0,193.0,3.0
ID0966,2015-01-17,17:21:07,Greg,Washing Machine,yes,yes,45.0,98.0,3.0
ID0967,2015-01-17,17:54:14,Becky,Fridge,yes,yes,60.0,120.0,5.0
ID0968,2015-01-17,17:54:14,Jim,Television,yes,yes,85.0,331.0,4.0
ID0969,2015-01-18,09:24:29,Joe,Fridge,yes,yes,53.0,366.0,4.0
ID0970,2015-01-18,09:24:29,Greg,Washing Machine,yes,no,27.0,374.0,5.0
ID0971,2015-01-18,09:24:29,Joe,Fridge,yes,yes,30.0,243.0,3.0
ID0972,2015-01-18,09:24:29,Dan,Washing Machine,no,no,,,
ID0973,2015-01-18,09:31:41,Jim,Fridge,yes,yes,113.0,180.0,5.0
ID0974,2015-01-18,09:31:41,Jim,Air Conditioner,no,no,,,
ID0975,2015-01-18,09:36:00,Diane,Fridge,no,no,,,
ID0976,2015-01-18,09:36:00,Jim,Television,yes,yes,80.0,417.0,4.0
ID0977,2015-01-18,10:16:19,Stewart,Washing Machine,yes,yes,45.0,419.0,5.0
ID0978,2015-01-18,10:16:19,Joe,Fridge,yes,yes,95.0,136.0,1.0
ID0979,2015-01-18,11:28:19,Martha,Television,no,no,,,
ID0980,2015-01-18,11:28:19,Dan,Toaster,yes,yes,33.0,88.0,3.0
ID0981,2015-01-18,11:47:02,Stewart,Toaster,no,no,,,
ID0982,2015-01-18,11:47:02,Jim,Television,yes,yes,90.0,407.0,3.0
ID0983,2015-01-18,11:51:22,Greg,Toaster,yes,yes,90.0,134.0,3.0
ID0984,2015-01-18,11:51:22,Jim,Television,yes,no,57.0,250.0,1.0
ID0985,2015-01-18,11:55:41,Becky,Fridge,yes,yes,123.0,350.0,2.0
ID0986,2015-01-18,11:55:41,Diane,Fridge,yes,yes,39.0,410.0,4.0
ID0987,2015-01-18,11:57:07,Greg,Air Conditioner,yes,no,38.0,136.0,5.0
ID0988,2015-01-18,11:57:07,Diane,Television,yes,yes,26.0,95.0,1.0
ID0989,2015-01-18,11:58:34,Diane,Washing Machine,yes,yes,43.0,153.0,3.0
ID0990,2015-01-18,11:58:34,Jim,Television,yes,yes,89.0,353.0,3.0
ID0991,2015-01-18,12:00:00,Jim,Washing Machine,yes,yes,121.0,323.0,3.0
ID0992,2015-01-18,12:00:00,Jim,Toaster,yes,yes,114.0,189.0,4.0
ID0993,2015-01-18,12:34:34,Stewart,Washing Machine,no,no,,,
ID0994,2015-01-18,12:34:34,Dan,Air Conditioner,no,no,,,
ID0995,2015-01-18,12:37:26,Becky,Television,no,no,,,
ID0996,2015-01-18,12:37:26,Becky,Fridge,yes,no,101.0,275.0,3.0
ID0997,2015-01-18,12:38:53,Joe,Toaster,yes,yes,87.0,318.0,4.0
ID0998,2015-01-18,12:38:53,Greg,Fridge,yes,yes,22.0,362.0,5.0
ID0999,2015-01-18,12:41:46,Stewart,Television,yes,yes,19.0,236.0,2.0
ID1000,2015-01-18,12:41:46,Becky,Fridge,yes,yes,31.0,150.0,4.0
ID1001,2015-01-18,12:48:58,Martha,Toaster,yes,yes,24.0,362.0,4.0
ID1002,2015-01-18,12:48:58,Dan,Toaster,yes,no,94.0,281.0,4.0
ID1003,2015-01-18,13:10:34,Dan,Television,yes,yes,79.0,47.0,4.0
ID1004,2015-01-18,13:10:34,Jim,Air Conditioner,no,no,,,
ID1005,2015-01-18,13:10:34,Martha,Fridge,yes,yes,87.0,280.0,4.0
ID1006,2015-01-18,13:10:34,Dan,Washing Machine,yes,no,65.0,363.0,4.0
ID1007,2015-01-18,14:58:34,Martha,Washing Machine,yes,yes,36.0,262.0,3.0
ID1008,2015-01-18,14:58:34,Joe,Air Conditioner,no,no,,,
ID1009,2015-01-18,15:18:43,Stewart,Television,yes,yes,33.0,135.0,4.0
ID1010,2015-01-18,15:18:43,Becky,Washing Machine,no,no,,,
ID1011,2015-01-18,15:50:24,Jim,Fridge,no,no,,,
ID1012,2015-01-18,15:50:24,Greg,Television,yes,yes,24.0,195.0,5.0
ID1013,2015-01-18,16:12:00,Stewart,Fridge,yes,yes,32.0,220.0,5.0
ID1014,2015-01-18,16:12:00,Joe,Washing Machine,yes,no,24.0,226.0,4.0
ID1015,2015-01-18,16:49:26,Stewart,Air Conditioner,yes,yes,96.0,329.0,5.0
ID1016,2015-01-18,16:49:26,Joe,Air Conditioner,yes,yes,45.0,125.0,5.0
ID1017,2015-01-18,17:13:55,Jim,Fridge,yes,yes,16.0,308.0,1.0
ID1018,2015-01-18,17:13:55,Greg,Air Conditioner,yes,yes,75.0,415.0,5.0
ID1019,2015-01-18,17:18:14,Joe,Washing Machine,yes,yes,71.0,37.0,3.0
ID1020,2015-01-18,17:18:14,Stewart,Air Conditioner,yes,yes,47.0,137.0,3.0
ID1021,2015-01-18,17:18:14,Stewart,Fridge,yes,yes,54.0,288.0,3.0
ID1022,2015-01-18,17:18:14,Becky,Toaster,yes,yes,101.0,269.0,4.0
ID1023,2015-01-18,17:25:26,Martha,Television,yes,yes,46.0,127.0,3.0
ID1024,2015-01-18,17:25:26,Becky,Air Conditioner,yes,yes,45.0,414.0,3.0
ID1025,2015-01-18,17:26:53,Martha,Air Conditioner,yes,yes,45.0,325.0,4.0
ID1026,2015-01-18,17:26:53,Jim,Fridge,yes,yes,30.0,298.0,5.0
ID1027,2015-01-18,17:42:43,Greg,Air Conditioner,yes,yes,105.0,294.0,4.0
ID1028,2015-01-18,17:42:43,Jim,Toaster,yes,yes,102.0,293.0,4.0
ID1029,2015-01-18,17:55:41,Greg,Toaster,yes,yes,46.0,300.0,3.0
ID1030,2015-01-18,17:55:41,Stewart,Fridge,yes,yes,11.0,52.0,1.0
ID1031,2015-01-19,09:02:53,Dan,Toaster,yes,yes,125.0,362.0,3.0
ID1032,2015-01-19,09:02:53,Stewart,Fridge,yes,yes,112.0,113.0,3.0
ID1033,2015-01-19,09:15:50,Becky,Air Conditioner,yes,yes,14.0,116.0,3.0
ID1034,2015-01-19,09:15:50,Joe,Washing Machine,yes,no,10.0,282.0,4.0
ID1035,2015-01-19,09:18:43,Martha,Washing Machine,yes,yes,60.0,31.0,3.0
ID1036,2015-01-19,09:18:43,Diane,Television,yes,yes,59.0,301.0,5.0
ID1037,2015-01-19,09:36:00,Stewart,Air Conditioner,yes,yes,87.0,223.0,5.0
ID1038,2015-01-19,09:36:00,Martha,Washing Machine,yes,yes,111.0,186.0,5.0
ID1039,2015-01-19,09:44:38,Joe,Washing Machine,no,no,,,
ID1040,2015-01-19,09:44:38,Becky,Toaster,yes,yes,10.0,190.0,2.0
ID1041,2015-01-19,10:13:26,Joe,Air Conditioner,no,no,,,
ID1042,2015-01-19,10:13:26,Joe,Television,no,no,,,
ID1043,2015-01-19,10:19:12,Greg,Toaster,yes,yes,116.0,348.0,5.0
ID1044,2015-01-19,10:19:12,Diane,Fridge,yes,no,89.0,200.0,3.0
ID1045,2015-01-19,10:33:36,Becky,Washing Machine,no,no,,,
ID1046,2015-01-19,10:33:36,Joe,Washing Machine,yes,no,106.0,232.0,4.0
ID1047,2015-01-19,10:52:19,Stewart,Television,no,no,,,
ID1048,2015-01-19,10:52:19,Martha,Television,yes,yes,81.0,86.0,4.0
ID1049,2015-01-19,11:25:26,Dan,Washing Machine,no,no,,,
ID1050,2015-01-19,11:25:26,Jim,Fridge,yes,yes,96.0,339.0,5.0
ID1051,2015-01-19,11:44:10,Jim,Toaster,yes,yes,64.0,366.0,5.0
ID1052,2015-01-19,11:44:10,Jim,Washing Machine,yes,no,79.0,408.0,1.0
ID1053,2015-01-19,11:55:41,Jim,Toaster,yes,yes,98.0,143.0,1.0
ID1054,2015-01-19,11:55:41,Joe,Fridge,yes,yes,91.0,239.0,5.0
ID1055,2015-01-19,12:28:48,Martha,Television,no,no,,,
ID1056,2015-01-19,12:28:48,Stewart,Washing Machine,yes,yes,84.0,403.0,2.0
ID1057,2015-01-19,12:40:19,Joe,Air Conditioner,yes,yes,47.0,357.0,5.0
ID1058,2015-01-19,12:40:19,Martha,Toaster,yes,yes,42.0,126.0,5.0
ID1059,2015-01-19,12:59:02,Dan,Television,yes,no,45.0,224.0,4.0
ID1060,2015-01-19,12:59:02,Dan,Air Conditioner,no,no,,,
ID1061,2015-01-19,13:14:53,Jim,Toaster,yes,yes,19.0,95.0,5.0
ID1062,2015-01-19,13:14:53,Greg,Washing Machine,yes,yes,114.0,84.0,3.0
ID1063,2015-01-19,13:22:05,Jim,Fridge,yes,yes,94.0,57.0,5.0
ID1064,2015-01-19,13:22:05,Dan,Toaster,no,no,,,
ID1065,2015-01-19,13:26:24,Diane,Television,yes,yes,99.0,136.0,5.0
ID1066,2015-01-19,13:26:24,Diane,Television,yes,yes,23.0,272.0,4.0
ID1067,2015-01-19,13:36:29,Greg,Air Conditioner,no,no,,,
ID1068,2015-01-19,13:36:29,Dan,Fridge,yes,yes,80.0,291.0,5.0
ID1069,2015-01-19,13:37:55,Stewart,Toaster,yes,yes,18.0,318.0,3.0
ID1070,2015-01-19,13:37:55,Diane,Washing Machine,no,no,,,
ID1071,2015-01-19,13:45:07,Martha,Toaster,yes,yes,104.0,213.0,4.0
ID1072,2015-01-19,13:45:07,Martha,Toaster,yes,yes,116.0,344.0,3.0
ID1073,2015-01-19,14:22:34,Stewart,Television,yes,yes,44.0,369.0,5.0
ID1074,2015-01-19,14:22:34,Joe,Toaster,yes,yes,91.0,402.0,4.0
ID1075,2015-01-19,15:00:00,Greg,Washing Machine,no,no,,,
ID1076,2015-01-19,15:00:00,Martha,Air Conditioner,yes,yes,122.0,255.0,3.0
ID1077,2015-01-19,15:30:14,Becky,Television,yes,yes,103.0,169.0,3.0
ID1078,2015-01-19,15:30:14,Becky,Air Conditioner,yes,yes,18.0,120.0,5.0
ID1079,2015-01-19,15:34:34,Jim,Washing Machine,yes,yes,20.0,146.0,4.0
ID1080,2015-01-19,15:34:34,Greg,Toaster,yes,yes,93.0,101.0,2.0
ID1081,2015-01-19,15:54:43,Becky,Fridge,no,no,,,
ID1082,2015-01-19,15:54:43,Joe,Air Conditioner,yes,yes,63.0,259.0,4.0
ID1083,2015-01-19,16:09:07,Greg,Washing Machine,yes,yes,90.0,391.0,4.0
ID1084,2015-01-19,16:09:07,Dan,Washing Machine,yes,yes,43.0,239.0,4.0
ID1085,2015-01-19,16:40:48,Jim,Washing Machine,yes,no,105.0,109.0,4.0
ID1086,2015-01-19,16:40:48,Joe,Washing Machine,yes,yes,59.0,310.0,5.0
ID1087,2015-01-19,16:56:38,Joe,Fridge,yes,yes,115.0,406.0,4.0
ID1088,2015-01-19,16:56:38,Dan,Toaster,yes,yes,106.0,110.0,4.0
ID1089,2015-01-19,17:15:22,Becky,Television,yes,yes,35.0,59.0,3.0
ID1090,2015-01-19,17:15:22,Diane,Washing Machine,yes,yes,48.0,394.0,4.0
ID1091,2015-01-19,17:24:00,Jim,Washing Machine,no,no,,,
ID1092,2015-01-19,17:24:00,Jim,Air Conditioner,yes,yes,56.0,397.0,4.0
ID1093,2015-01-20,09:05:46,Stewart,Air Conditioner,no,no,,,
ID1094,2015-01-20,09:05:46,Stewart,Fridge,yes,yes,99.0,279.0,4.0
ID1095,2015-01-20,09:46:05,Joe,Fridge,yes,yes,71.0,161.0,3.0
ID1096,2015-01-20,09:46:05,Stewart,Toaster,yes,yes,54.0,264.0,4.0
ID1097,2015-01-20,09:46:05,Greg,Fridge,no,no,,,
ID1098,2015-01-20,09:46:05,Dan,Toaster,no,no,,,
ID1099,2015-01-20,09:46:05,Jim,Television,yes,yes,54.0,85.0,4.0
ID1100,2015-01-20,09:46:05,Joe,Air Conditioner,yes,yes,62.0,108.0,2.0
ID1101,2015-01-20,10:22:05,Stewart,Toaster,yes,yes,24.0,248.0,4.0
ID1102,2015-01-20,10:22:05,Jim,Fridge,yes,yes,94.0,250.0,5.0
ID1103,2015-01-20,11:24:00,Becky,Toaster,yes,yes,43.0,55.0,3.0
ID1104,2015-01-20,11:24:00,Martha,Television,no,no,,,
ID1105,2015-01-20,12:00:00,Joe,Television,yes,yes,58.0,254.0,5.0
ID1106,2015-01-20,12:00:00,Greg,Toaster,yes,yes,15.0,395.0,1.0
ID1107,2015-01-20,12:07:12,Becky,Washing Machine,yes,yes,102.0,76.0,1.0
ID1108,2015-01-20,12:07:12,Greg,Washing Machine,yes,yes,40.0,321.0,2.0
ID1109,2015-01-20,12:27:22,Diane,Air Conditioner,yes,yes,63.0,289.0,2.0
ID1110,2015-01-20,12:27:22,Martha,Television,yes,yes,77.0,382.0,4.0
ID1111,2015-01-20,12:59:02,Martha,Air Conditioner,yes,yes,93.0,330.0,4.0
ID1112,2015-01-20,12:59:02,Becky,Television,yes,yes,101.0,201.0,5.0
ID1113,2015-01-20,13:00:29,Stewart,Toaster,yes,yes,34.0,33.0,5.0
ID1114,2015-01-20,13:00:29,Stewart,Toaster,yes,yes,64.0,93.0,5.0
ID1115,2015-01-20,13:26:24,Greg,Air Conditioner,yes,no,25.0,392.0,3.0
ID1116,2015-01-20,13:26:24,Jim,Fridge,yes,yes,122.0,132.0,4.0
ID1117,2015-01-20,13:26:24,Stewart,Television,yes,yes,36.0,61.0,4.0
ID1118,2015-01-20,13:26:24,Stewart,Washing Machine,yes,yes,37.0,93.0,3.0
ID1119,2015-01-20,13:59:31,Joe,Television,yes,yes,112.0,405.0,3.0
ID1120,2015-01-20,13:59:31,Diane,Toaster,no,no,,,
ID1121,2015-01-20,14:03:50,Jim,Fridge,yes,yes,57.0,292.0,3.0
ID1122,2015-01-20,14:03:50,Jim,Fridge,yes,yes,14.0,148.0,3.0
ID1123,2015-01-20,16:00:29,Becky,Fridge,yes,yes,72.0,251.0,2.0
ID1124,2015-01-20,16:00:29,Becky,Fridge,yes,yes,60.0,391.0,3.0
ID1125,2015-01-20,16:20:38,Becky,Toaster,yes,yes,52.0,176.0,5.0
ID1126,2015-01-20,16:20:38,Stewart,Washing Machine,no,no,,,
ID1127,2015-01-20,17:42:43,Joe,Television,yes,yes,73.0,45.0,3.0
ID1128,2015-01-20,17:42:43,Becky,Washing Machine,yes,yes,108.0,139.0,4.0
ID1129,2015-01-20,17:55:41,Joe,Television,yes,yes,50.0,108.0,4.0
ID1130,2015-01-20,17:55:41,Stewart,Air Conditioner,no,no,,,
ID1131,2015-01-20,17:57:07,Joe,Fridge,yes,no,100.0,244.0,2.0
ID1132,2015-01-20,17:57:07,Joe,Air Conditioner,yes,yes,69.0,81.0,3.0
ID1133,2015-01-21,09:20:10,Becky,Television,yes,yes,39.0,131.0,1.0
ID1134,2015-01-21,09:20:10,Jim,Air Conditioner,yes,yes,71.0,174.0,5.0
ID1135,2015-01-21,09:37:26,Dan,Television,no,no,,,
ID1136,2015-01-21,09:37:26,Greg,Air Conditioner,yes,yes,79.0,78.0,5.0
ID1137,2015-01-21,09:56:10,Martha,Washing Machine,yes,yes,57.0,324.0,3.0
ID1138,2015-01-21,09:56:10,Diane,Fridge,yes,yes,82.0,292.0,4.0
ID1139,2015-01-21,10:14:53,Jim,Washing Machine,yes,yes,73.0,192.0,1.0
ID1140,2015-01-21,10:14:53,Jim,Air Conditioner,yes,yes,110.0,130.0,5.0
ID1141,2015-01-21,10:19:12,Martha,Fridge,yes,yes,106.0,108.0,5.0
ID1142,2015-01-21,10:19:12,Jim,Television,yes,yes,92.0,132.0,4.0
ID1143,2015-01-21,10:24:58,Greg,Television,yes,yes,28.0,360.0,4.0
ID1144,2015-01-21,10:24:58,Martha,Washing Machine,yes,yes,108.0,362.0,1.0
ID1145,2015-01-21,10:53:46,Becky,Television,yes,yes,57.0,106.0,4.0
ID1146,2015-01-21,10:53:46,Martha,Washing Machine,yes,yes,109.0,356.0,3.0
ID1147,2015-01-21,10:59:31,Greg,Washing Machine,yes,yes,55.0,97.0,2.0
ID1148,2015-01-21,10:59:31,Martha,Air Conditioner,no,no,,,
ID1149,2015-01-21,11:15:22,Dan,Toaster,yes,yes,68.0,412.0,1.0
ID1150,2015-01-21,11:15:22,Jim,Fridge,yes,no,46.0,34.0,3.0
ID1151,2015-01-21,12:02:53,Jim,Air Conditioner,yes,yes,30.0,298.0,3.0
ID1152,2015-01-21,12:02:53,Martha,Fridge,yes,yes,107.0,49.0,4.0
ID1153,2015-01-21,12:02:53,Greg,Air Conditioner,yes,yes,122.0,384.0,5.0
ID1154,2015-01-21,12:02:53,Martha,Fridge,no,no,,,
ID1155,2015-01-21,12:07:12,Stewart,Air Conditioner,yes,yes,18.0,36.0,5.0
ID1156,2015-01-21,12:07:12,Joe,Television,no,no,,,
ID1157,2015-01-21,15:47:31,Joe,Toaster,no,no,,,
ID1158,2015-01-21,15:47:31,Joe,Air Conditioner,no,no,,,
ID1159,2015-01-21,15:48:58,Martha,Air Conditioner,no,no,,,
ID1160,2015-01-21,15:48:58,Stewart,Television,yes,yes,99.0,133.0,4.0
ID1161,2015-01-21,16:03:22,Dan,Washing Machine,yes,yes,52.0,107.0,2.0
ID1162,2015-01-21,16:03:22,Martha,Fridge,no,no,,,
ID1163,2015-01-21,16:20:38,Becky,Toaster,no,no,,,
ID1164,2015-01-21,16:20:38,Jim,Washing Machine,yes,yes,79.0,46.0,3.0
ID1165,2015-01-21,16:29:17,Martha,Television,yes,yes,112.0,171.0,5.0
ID1166,2015-01-21,16:29:17,Diane,Toaster,yes,yes,16.0,263.0,3.0
ID1167,2015-01-21,16:46:34,Joe,Washing Machine,yes,yes,22.0,417.0,3.0
ID1168,2015-01-21,16:46:34,Dan,Washing Machine,yes,yes,115.0,84.0,1.0
ID1169,2015-01-21,17:11:02,Dan,Air Conditioner,yes,yes,125.0,277.0,4.0
ID1170,2015-01-21,17:11:02,Martha,Toaster,yes,yes,68.0,306.0,3.0
ID1171,2015-01-21,17:26:53,Jim,Air Conditioner,yes,yes,44.0,75.0,4.0
ID1172,2015-01-21,17:26:53,Becky,Air Conditioner,no,no,,,
ID1173,2015-01-21,17:26:53,Stewart,Television,yes,yes,119.0,41.0,4.0
ID1174,2015-01-21,17:26:53,Martha,Television,yes,yes,62.0,54.0,5.0
ID1175,2015-01-21,17:26:53,Greg,Television,yes,yes,84.0,364.0,5.0
ID1176,2015-01-21,17:26:53,Martha,Air Conditioner,no,no,,,
ID1177,2015-01-21,17:36:58,Greg,Television,yes,yes,75.0,387.0,4.0
ID1178,2015-01-21,17:36:58,Martha,Toaster,yes,yes,114.0,174.0,4.0
ID1179,2015-01-21,17:38:24,Dan,Air Conditioner,no,no,,,
ID1180,2015-01-21,17:38:24,Stewart,Fridge,yes,yes,21.0,129.0,4.0
ID1181,2015-01-22,09:11:31,Stewart,Air Conditioner,no,no,,,
ID1182,2015-01-22,09:11:31,Diane,Fridge,yes,yes,20.0,67.0,3.0
ID1183,2015-01-22,09:11:31,Diane,Air Conditioner,yes,yes,112.0,217.0,1.0
ID1184,2015-01-22,09:11:31,Becky,Television,yes,yes,85.0,324.0,4.0
ID1185,2015-01-22,09:24:29,Martha,Fridge,yes,yes,34.0,366.0,3.0
ID1186,2015-01-22,09:24:29,Diane,Television,yes,yes,53.0,302.0,4.0
ID1187,2015-01-22,09:48:58,Martha,Television,yes,yes,103.0,134.0,5.0
ID1188,2015-01-22,09:48:58,Becky,Washing Machine,yes,yes,98.0,413.0,4.0
ID1189,2015-01-22,09:59:02,Becky,Air Conditioner,yes,yes,23.0,283.0,1.0
ID1190,2015-01-22,09:59:02,Martha,Fridge,yes,yes,53.0,76.0,2.0
ID1191,2015-01-22,10:37:55,Becky,Air Conditioner,no,no,,,
ID1192,2015-01-22,10:37:55,Diane,Washing Machine,yes,no,55.0,279.0,4.0
ID1193,2015-01-22,11:39:50,Martha,Fridge,yes,yes,77.0,301.0,5.0
ID1194,2015-01-22,11:39:50,Becky,Air Conditioner,yes,yes,46.0,365.0,3.0
ID1195,2015-01-22,11:42:43,Greg,Air Conditioner,no,no,,,
ID1196,2015-01-22,11:42:43,Martha,Toaster,yes,yes,39.0,304.0,4.0
ID1197,2015-01-22,11:55:41,Greg,Toaster,yes,yes,13.0,419.0,3.0
ID1198,2015-01-22,11:55:41,Jim,Fridge,yes,yes,84.0,333.0,5.0
ID1199,2015-01-22,11:55:41,Dan,Fridge,yes,yes,60.0,286.0,3.0
ID1200,2015-01-22,11:55:41,Dan,Fridge,yes,yes,32.0,34.0,5.0
ID1201,2015-01-22,12:47:31,Stewart,Air Conditioner,no,no,,,
ID1202,2015-01-22,12:47:31,Greg,Washing Machine,no,no,,,
ID1203,2015-01-22,14:19:41,Joe,Fridge,no,no,,,
ID1204,2015-01-22,14:19:41,Dan,Toaster,yes,yes,67.0,402.0,4.0
ID1205,2015-01-22,14:22:34,Stewart,Television,yes,no,94.0,237.0,4.0
ID1206,2015-01-22,14:22:34,Stewart,Television,yes,yes,92.0,370.0,1.0
ID1207,2015-01-22,14:44:10,Becky,Television,yes,yes,35.0,69.0,3.0
ID1208,2015-01-22,14:44:10,Diane,Fridge,yes,yes,57.0,81.0,5.0
ID1209,2015-01-22,14:48:29,Stewart,Television,no,no,,,
ID1210,2015-01-22,14:48:29,Jim,Fridge,yes,yes,15.0,294.0,4.0
ID1211,2015-01-22,14:49:55,Becky,Fridge,yes,no,54.0,195.0,5.0
ID1212,2015-01-22,14:49:55,Greg,Toaster,yes,yes,99.0,60.0,1.0
ID1213,2015-01-22,15:30:14,Martha,Washing Machine,no,no,,,
ID1214,2015-01-22,15:30:14,Jim,Television,no,no,,,
ID1215,2015-01-22,15:56:10,Martha,Television,no,no,,,
ID1216,2015-01-22,15:56:10,Martha,Fridge,no,no,,,
ID1217,2015-01-22,16:01:55,Martha,Toaster,no,no,,,
ID1218,2015-01-22,16:01:55,Becky,Television,yes,yes,78.0,64.0,5.0
ID1219,2015-01-22,16:39:22,Greg,Fridge,no,no,,,
ID1220,2015-01-22,16:39:22,Jim,Toaster,yes,no,35.0,308.0,5.0
ID1221,2015-01-22,16:50:53,Becky,Washing Machine,no,no,,,
ID1222,2015-01-22,16:50:53,Stewart,Washing Machine,yes,yes,33.0,369.0,5.0
ID1223,2015-01-22,16:56:38,Greg,Television,yes,yes,72.0,249.0,5.0
ID1224,2015-01-22,16:56:38,Joe,Air Conditioner,yes,no,82.0,301.0,1.0
ID1225,2015-01-22,17:25:26,Greg,Fridge,no,no,,,
ID1226,2015-01-22,17:25:26,Greg,Toaster,yes,yes,115.0,251.0,5.0
ID1227,2015-01-22,17:38:24,Diane,Television,yes,yes,64.0,101.0,3.0
ID1228,2015-01-22,17:38:24,Martha,Air Conditioner,no,no,,,
ID1229,2015-01-22,17:47:02,Jim,Toaster,yes,yes,71.0,241.0,2.0
ID1230,2015-01-22,17:47:02,Becky,Television,yes,no,50.0,308.0,3.0
ID1231,2015-01-23,09:31:41,Greg,Television,yes,yes,116.0,72.0,2.0
ID1232,2015-01-23,09:31:41,Martha,Fridge,yes,yes,52.0,86.0,5.0
ID1233,2015-01-23,09:40:19,Greg,Air Conditioner,yes,yes,112.0,216.0,5.0
ID1234,2015-01-23,09:40:19,Stewart,Fridge,yes,yes,116.0,162.0,3.0
ID1235,2015-01-23,09:51:50,Becky,Toaster,yes,no,112.0,377.0,2.0
ID1236,2015-01-23,09:51:50,Dan,Television,yes,yes,53.0,346.0,4.0
ID1237,2015-01-23,09:57:36,Diane,Fridge,yes,yes,12.0,330.0,3.0
ID1238,2015-01-23,09:57:36,Joe,Air Conditioner,yes,no,120.0,54.0,4.0
ID1239,2015-01-23,10:49:26,Diane,Fridge,no,no,,,
ID1240,2015-01-23,10:49:26,Dan,Air Conditioner,yes,yes,118.0,169.0,4.0
ID1241,2015-01-23,11:00:58,Jim,Washing Machine,yes,yes,121.0,168.0,2.0
ID1242,2015-01-23,11:00:58,Martha,Television,yes,yes,83.0,408.0,5.0
ID1243,2015-01-23,11:18:14,Joe,Television,yes,yes,84.0,80.0,5.0
ID1244,2015-01-23,11:18:14,Becky,Toaster,yes,no,63.0,300.0,4.0
ID1245,2015-01-23,11:29:46,Jim,Air Conditioner,yes,yes,33.0,209.0,3.0
ID1246,2015-01-23,11:29:46,Dan,Washing Machine,no,no,,,
ID1247,2015-01-23,11:32:38,Greg,Fridge,yes,no,10.0,60.0,5.0
ID1248,2015-01-23,11:32:38,Joe,Fridge,yes,yes,100.0,42.0,5.0
ID1249,2015-01-23,11:35:31,Diane,Washing Machine,yes,yes,110.0,303.0,5.0
ID1250,2015-01-23,11:35:31,Stewart,Toaster,yes,yes,28.0,316.0,2.0
ID1251,2015-01-23,11:36:58,Joe,Fridge,yes,yes,74.0,74.0,3.0
ID1252,2015-01-23,11:36:58,Jim,Fridge,yes,yes,18.0,80.0,3.0
ID1253,2015-01-23,11:44:10,Becky,Television,yes,yes,22.0,372.0,3.0
ID1254,2015-01-23,11:44:10,Diane,Television,no,no,,,
ID1255,2015-01-23,11:55:41,Martha,Washing Machine,yes,yes,15.0,217.0,3.0
ID1256,2015-01-23,11:55:41,Martha,Fridge,yes,yes,120.0,251.0,2.0
ID1257,2015-01-23,12:14:24,Martha,Washing Machine,yes,yes,26.0,226.0,3.0
ID1258,2015-01-23,12:14:24,Diane,Toaster,yes,yes,33.0,104.0,5.0
ID1259,2015-01-23,12:43:12,Dan,Television,yes,yes,18.0,74.0,4.0
ID1260,2015-01-23,12:43:12,Greg,Toaster,yes,yes,29.0,355.0,5.0
ID1261,2015-01-23,12:54:43,Greg,Toaster,yes,yes,89.0,94.0,2.0
ID1262,2015-01-23,12:54:43,Martha,Air Conditioner,no,no,,,
ID1263,2015-01-23,13:33:36,Diane,Fridge,yes,yes,44.0,191.0,5.0
ID1264,2015-01-23,13:33:36,Diane,Washing Machine,yes,no,62.0,213.0,4.0
ID1265,2015-01-23,13:37:55,Dan,Fridge,yes,yes,29.0,109.0,5.0
ID1266,2015-01-23,13:37:55,Joe,Fridge,yes,yes,10.0,401.0,5.0
ID1267,2015-01-23,14:13:55,Dan,Toaster,yes,yes,75.0,120.0,4.0
ID1268,2015-01-23,14:13:55,Martha,Television,no,no,,,
ID1269,2015-01-23,14:52:48,Dan,Air Conditioner,yes,yes,33.0,65.0,5.0
ID1270,2015-01-23,14:52:48,Becky,Air Conditioner,no,no,,,
ID1271,2015-01-23,16:01:55,Becky,Toaster,yes,no,56.0,117.0,4.0
ID1272,2015-01-23,16:01:55,Martha,Fridge,no,no,,,
ID1273,2015-01-23,16:13:26,Stewart,Washing Machine,yes,no,31.0,31.0,3.0
ID1274,2015-01-23,16:13:26,Greg,Television,yes,yes,56.0,80.0,2.0
ID1275,2015-01-23,16:37:55,Jim,Toaster,yes,yes,53.0,102.0,4.0
ID1276,2015-01-23,16:37:55,Diane,Air Conditioner,yes,yes,12.0,348.0,3.0
ID1277,2015-01-23,16:45:07,Stewart,Television,yes,yes,53.0,362.0,3.0
ID1278,2015-01-23,16:45:07,Diane,Television,yes,yes,116.0,298.0,3.0
ID1279,2015-01-23,17:24:00,Joe,Toaster,yes,yes,19.0,71.0,4.0
ID1280,2015-01-23,17:24:00,Dan,Washing Machine,no,no,,,
ID1281,2015-01-23,17:41:17,Joe,Television,yes,yes,74.0,353.0,2.0
ID1282,2015-01-23,17:41:17,Greg,Television,yes,yes,85.0,163.0,3.0
ID1283,2015-01-23,17:44:10,Greg,Washing Machine,no,no,,,
ID1284,2015-01-23,17:44:10,Stewart,Toaster,no,no,,,
ID1285,2015-01-24,09:05:46,Dan,Toaster,no,no,,,
ID1286,2015-01-24,09:05:46,Diane,Television,yes,yes,48.0,396.0,2.0
ID1287,2015-01-24,09:05:46,Joe,Toaster,yes,yes,57.0,271.0,3.0
ID1288,2015-01-24,09:05:46,Jim,Fridge,yes,no,116.0,309.0,3.0
ID1289,2015-01-24,09:12:58,Greg,Fridge,yes,yes,21.0,50.0,1.0
ID1290,2015-01-24,09:12:58,Martha,Washing Machine,yes,yes,87.0,130.0,3.0
ID1291,2015-01-24,09:20:10,Joe,Air Conditioner,yes,yes,42.0,236.0,3.0
ID1292,2015-01-24,09:20:10,Greg,Air Conditioner,yes,yes,86.0,87.0,1.0
ID1293,2015-01-24,09:24:29,Joe,Toaster,yes,yes,95.0,185.0,5.0
ID1294,2015-01-24,09:24:29,Joe,Washing Machine,no,no,,,
ID1295,2015-01-24,09:54:43,Jim,Air Conditioner,yes,yes,109.0,346.0,3.0
ID1296,2015-01-24,09:54:43,Greg,Toaster,no,no,,,
ID1297,2015-01-24,10:03:22,Greg,Fridge,yes,yes,104.0,335.0,2.0
ID1298,2015-01-24,10:03:22,Martha,Toaster,yes,yes,123.0,115.0,1.0
ID1299,2015-01-24,10:04:48,Martha,Television,yes,yes,72.0,311.0,5.0
ID1300,2015-01-24,10:04:48,Jim,Air Conditioner,no,no,,,
ID1301,2015-01-24,10:04:48,Stewart,Washing Machine,yes,no,28.0,52.0,4.0
ID1302,2015-01-24,10:04:48,Dan,Television,yes,yes,124.0,193.0,4.0
ID1303,2015-01-24,10:29:17,Jim,Toaster,yes,yes,16.0,275.0,4.0
ID1304,2015-01-24,10:29:17,Martha,Fridge,no,no,,,
ID1305,2015-01-24,10:32:10,Joe,Fridge,yes,yes,125.0,31.0,3.0
ID1306,2015-01-24,10:32:10,Becky,Washing Machine,no,no,,,
ID1307,2015-01-24,11:11:02,Dan,Washing Machine,yes,yes,61.0,185.0,3.0
ID1308,2015-01-24,11:11:02,Diane,Television,yes,yes,55.0,390.0,1.0
ID1309,2015-01-24,11:42:43,Becky,Air Conditioner,yes,yes,41.0,233.0,4.0
ID1310,2015-01-24,11:42:43,Greg,Washing Machine,yes,yes,81.0,379.0,3.0
ID1311,2015-01-24,12:21:36,Stewart,Washing Machine,yes,yes,112.0,222.0,3.0
ID1312,2015-01-24,12:21:36,Diane,Television,yes,yes,58.0,258.0,4.0
ID1313,2015-01-24,12:25:55,Jim,Television,yes,no,61.0,42.0,5.0
ID1314,2015-01-24,12:25:55,Becky,Toaster,yes,yes,51.0,404.0,3.0
ID1315,2015-01-24,13:00:29,Jim,Television,yes,yes,102.0,239.0,4.0
ID1316,2015-01-24,13:00:29,Joe,Toaster,yes,yes,19.0,343.0,4.0
ID1317,2015-01-24,13:13:26,Dan,Television,yes,yes,33.0,185.0,2.0
ID1318,2015-01-24,13:13:26,Joe,Air Conditioner,yes,yes,113.0,363.0,3.0
ID1319,2015-01-24,14:15:22,Diane,Air Conditioner,yes,yes,28.0,229.0,5.0
ID1320,2015-01-24,14:15:22,Dan,Air Conditioner,yes,yes,46.0,282.0,1.0
ID1321,2015-01-24,14:45:36,Joe,Air Conditioner,yes,yes,76.0,68.0,3.0
ID1322,2015-01-24,14:45:36,Diane,Air Conditioner,yes,yes,124.0,189.0,2.0
ID1323,2015-01-24,14:47:02,Martha,Air Conditioner,yes,yes,96.0,269.0,2.0
ID1324,2015-01-24,14:47:02,Greg,Television,yes,no,110.0,303.0,5.0
ID1325,2015-01-24,15:48:58,Dan,Toaster,yes,yes,116.0,219.0,5.0
ID1326,2015-01-24,15:48:58,Dan,Toaster,yes,yes,14.0,370.0,5.0
ID1327,2015-01-24,15:59:02,Stewart,Fridge,yes,yes,53.0,360.0,4.0
ID1328,2015-01-24,15:59:02,Joe,Television,yes,yes,37.0,288.0,2.0
ID1329,2015-01-24,16:01:55,Greg,Fridge,yes,yes,68.0,42.0,1.0
ID1330,2015-01-24,16:01:55,Greg,Television,yes,yes,43.0,189.0,3.0
ID1331,2015-01-24,16:45:07,Greg,Air Conditioner,yes,yes,19.0,141.0,3.0
ID1332,2015-01-24,16:45:07,Stewart,Air Conditioner,yes,yes,47.0,266.0,3.0
ID1333,2015-01-24,17:16:48,Becky,Washing Machine,no,no,,,
ID1334,2015-01-24,17:16:48,Greg,Toaster,yes,yes,84.0,381.0,4.0
ID1335,2015-01-24,17:25:26,Jim,Toaster,yes,yes,17.0,154.0,1.0
ID1336,2015-01-24,17:25:26,Becky,Toaster,yes,yes,116.0,77.0,4.0
ID1337,2015-01-24,17:54:14,Diane,Fridge,yes,yes,22.0,105.0,4.0
ID1338,2015-01-24,17:54:14,Jim,Air Conditioner,yes,yes,10.0,372.0,4.0
ID1339,2015-01-25,09:15:50,Dan,Television,yes,yes,76.0,92.0,4.0
ID1340,2015-01-25,09:15:50,Joe,Toaster,yes,yes,104.0,396.0,4.0
ID1341,2015-01-25,09:25:55,Jim,Television,yes,yes,44.0,409.0,3.0
ID1342,2015-01-25,09:25:55,Jim,Fridge,yes,yes,24.0,220.0,5.0
ID1343,2015-01-25,09:33:07,Dan,Air Conditioner,yes,yes,40.0,416.0,3.0
ID1344,2015-01-25,09:33:07,Becky,Toaster,yes,yes,57.0,345.0,4.0
ID1345,2015-01-25,09:37:26,Stewart,Air Conditioner,yes,yes,19.0,382.0,3.0
ID1346,2015-01-25,09:37:26,Martha,Television,yes,yes,55.0,395.0,3.0
ID1347,2015-01-25,10:10:34,Martha,Washing Machine,yes,yes,102.0,313.0,5.0
ID1348,2015-01-25,10:10:34,Joe,Toaster,yes,no,123.0,37.0,3.0
ID1349,2015-01-25,10:27:50,Diane,Fridge,no,no,,,
ID1350,2015-01-25,10:27:50,Joe,Washing Machine,no,no,,,
ID1351,2015-01-25,10:42:14,Joe,Television,yes,yes,115.0,358.0,4.0
ID1352,2015-01-25,10:42:14,Dan,Air Conditioner,yes,yes,53.0,365.0,5.0
ID1353,2015-01-25,11:03:50,Diane,Air Conditioner,yes,yes,61.0,124.0,5.0
ID1354,2015-01-25,11:03:50,Diane,Air Conditioner,yes,yes,99.0,333.0,5.0
ID1355,2015-01-25,11:42:43,Greg,Fridge,no,no,,,
ID1356,2015-01-25,11:42:43,Greg,Toaster,yes,no,57.0,146.0,3.0
ID1357,2015-01-25,11:48:29,Diane,Washing Machine,yes,yes,24.0,282.0,3.0
ID1358,2015-01-25,11:48:29,Stewart,Washing Machine,yes,yes,75.0,103.0,4.0
ID1359,2015-01-25,11:54:14,Joe,Washing Machine,yes,yes,72.0,330.0,4.0
ID1360,2015-01-25,11:54:14,Stewart,Toaster,yes,yes,73.0,194.0,4.0
ID1361,2015-01-25,11:54:14,Martha,Toaster,yes,no,105.0,185.0,4.0
ID1362,2015-01-25,11:54:14,Greg,Air Conditioner,yes,yes,75.0,225.0,3.0
ID1363,2015-01-25,12:00:00,Becky,Toaster,yes,yes,29.0,289.0,4.0
ID1364,2015-01-25,12:00:00,Stewart,Air Conditioner,yes,yes,41.0,102.0,1.0
ID1365,2015-01-25,12:10:05,Martha,Fridge,yes,yes,93.0,190.0,4.0
ID1366,2015-01-25,12:10:05,Jim,Fridge,no,no,,,
ID1367,2015-01-25,12:12:58,Dan,Fridge,yes,yes,73.0,335.0,3.0
ID1368,2015-01-25,12:12:58,Stewart,Television,no,no,,,
ID1369,2015-01-25,12:18:43,Greg,Toaster,yes,yes,112.0,81.0,4.0
ID1370,2015-01-25,12:18:43,Diane,Toaster,yes,yes,37.0,339.0,4.0
ID1371,2015-01-25,12:21:36,Greg,Washing Machine,yes,yes,59.0,350.0,5.0
ID1372,2015-01-25,12:21:36,Jim,Air Conditioner,no,no,,,
ID1373,2015-01-25,12:21:36,Becky,Air Conditioner,yes,yes,56.0,83.0,3.0
ID1374,2015-01-25,12:21:36,Greg,Washing Machine,yes,yes,56.0,312.0,3.0
ID1375,2015-01-25,12:43:12,Jim,Fridge,no,no,,,
ID1376,2015-01-25,12:43:12,Stewart,Fridge,yes,yes,43.0,389.0,5.0
ID1377,2015-01-25,12:53:17,Dan,Toaster,yes,yes,80.0,368.0,2.0
ID1378,2015-01-25,12:53:17,Jim,Fridge,yes,yes,66.0,362.0,3.0
ID1379,2015-01-25,14:11:02,Becky,Washing Machine,yes,yes,54.0,251.0,3.0
ID1380,2015-01-25,14:11:02,Joe,Television,yes,yes,94.0,303.0,2.0
ID1381,2015-01-25,14:11:02,Becky,Television,no,no,,,
ID1382,2015-01-25,14:11:02,Martha,Television,yes,yes,24.0,244.0,4.0
ID1383,2015-01-25,14:12:29,Diane,Television,no,no,,,
ID1384,2015-01-25,14:12:29,Martha,Washing Machine,yes,yes,108.0,395.0,3.0
ID1385,2015-01-25,14:26:53,Joe,Toaster,yes,yes,106.0,54.0,3.0
ID1386,2015-01-25,14:26:53,Joe,Air Conditioner,no,no,,,
ID1387,2015-01-25,14:34:05,Becky,Toaster,yes,yes,111.0,363.0,3.0
ID1388,2015-01-25,14:34:05,Joe,Fridge,yes,yes,56.0,197.0,3.0
ID1389,2015-01-25,15:04:19,Dan,Washing Machine,yes,yes,78.0,310.0,4.0
ID1390,2015-01-25,15:04:19,Stewart,Television,yes,yes,15.0,130.0,3.0
ID1391,2015-01-25,15:05:46,Becky,Toaster,no,no,,,
ID1392,2015-01-25,15:05:46,Martha,Television,yes,yes,50.0,31.0,3.0
ID1393,2015-01-25,15:20:10,Dan,Television,yes,yes,53.0,228.0,3.0
ID1394,2015-01-25,15:20:10,Joe,Air Conditioner,yes,yes,106.0,395.0,1.0
ID1395,2015-01-25,15:51:50,Diane,Fridge,yes,yes,44.0,357.0,5.0
ID1396,2015-01-25,15:51:50,Becky,Washing Machine,no,no,,,
ID1397,2015-01-25,15:53:17,Greg,Fridge,yes,yes,31.0,293.0,3.0
ID1398,2015-01-25,15:53:17,Joe,Fridge,yes,yes,41.0,301.0,5.0
ID1399,2015-01-25,16:13:26,Becky,Television,yes,yes,109.0,345.0,3.0
ID1400,2015-01-25,16:13:26,Martha,Fridge,yes,yes,13.0,68.0,3.0
ID1401,2015-01-25,17:32:38,Diane,Toaster,yes,yes,19.0,397.0,5.0
ID1402,2015-01-25,17:32:38,Stewart,Washing Machine,yes,yes,76.0,344.0,5.0
ID1403,2015-01-26,09:05:46,Becky,Washing Machine,yes,yes,86.0,62.0,4.0
ID1404,2015-01-26,09:05:46,Martha,Washing Machine,yes,yes,63.0,145.0,4.0
ID1405,2015-01-26,09:30:14,Dan,Toaster,yes,yes,113.0,51.0,5.0
ID1406,2015-01-26,09:30:14,Greg,Fridge,yes,yes,84.0,77.0,3.0
ID1407,2015-01-26,09:41:46,Jim,Fridge,yes,no,41.0,205.0,4.0
ID1408,2015-01-26,09:41:46,Becky,Toaster,yes,yes,13.0,233.0,3.0
ID1409,2015-01-26,09:51:50,Stewart,Air Conditioner,no,no,,,
ID1410,2015-01-26,09:51:50,Jim,Toaster,yes,yes,79.0,169.0,3.0
ID1411,2015-01-26,10:27:50,Diane,Washing Machine,yes,yes,103.0,150.0,3.0
ID1412,2015-01-26,10:27:50,Diane,Washing Machine,yes,yes,68.0,138.0,3.0
ID1413,2015-01-26,10:40:48,Diane,Washing Machine,yes,yes,57.0,328.0,2.0
ID1414,2015-01-26,10:40:48,Stewart,Toaster,no,no,,,
ID1415,2015-01-26,10:50:53,Diane,Toaster,yes,yes,72.0,90.0,3.0
ID1416,2015-01-26,10:50:53,Stewart,Television,yes,yes,53.0,352.0,5.0
ID1417,2015-01-26,10:52:19,Becky,Washing Machine,yes,yes,16.0,215.0,1.0
ID1418,2015-01-26,10:52:19,Becky,Air Conditioner,yes,yes,77.0,101.0,3.0
ID1419,2015-01-26,10:59:31,Dan,Toaster,yes,yes,68.0,408.0,5.0
ID1420,2015-01-26,10:59:31,Dan,Television,yes,yes,50.0,166.0,4.0
ID1421,2015-01-26,11:19:41,Joe,Fridge,no,no,,,
ID1422,2015-01-26,11:19:41,Dan,Toaster,yes,yes,68.0,316.0,3.0
ID1423,2015-01-26,11:47:02,Diane,Television,yes,yes,39.0,232.0,5.0
ID1424,2015-01-26,11:47:02,Diane,Washing Machine,yes,yes,78.0,394.0,4.0
ID1425,2015-01-26,12:48:58,Diane,Television,yes,yes,106.0,111.0,3.0
ID1426,2015-01-26,12:48:58,Becky,Television,no,no,,,
ID1427,2015-01-26,12:50:24,Dan,Fridge,yes,yes,66.0,43.0,3.0
ID1428,2015-01-26,12:50:24,Greg,Air Conditioner,yes,yes,120.0,261.0,5.0
ID1429,2015-01-26,12:56:10,Stewart,Television,yes,yes,115.0,147.0,3.0
ID1430,2015-01-26,12:56:10,Stewart,Toaster,yes,yes,28.0,276.0,4.0
ID1431,2015-01-26,13:04:48,Dan,Television,yes,yes,57.0,90.0,3.0
ID1432,2015-01-26,13:04:48,Diane,Television,yes,yes,110.0,317.0,2.0
ID1433,2015-01-26,13:04:48,Dan,Air Conditioner,yes,yes,103.0,171.0,4.0
ID1434,2015-01-26,13:04:48,Jim,Air Conditioner,yes,yes,94.0,372.0,5.0
ID1435,2015-01-26,14:08:10,Jim,Television,yes,yes,61.0,287.0,5.0
ID1436,2015-01-26,14:08:10,Stewart,Television,no,no,,,
ID1437,2015-01-26,14:18:14,Jim,Television,yes,yes,77.0,265.0,2.0
ID1438,2015-01-26,14:18:14,Greg,Washing Machine,yes,yes,56.0,224.0,4.0
ID1439,2015-01-26,14:26:53,Diane,Fridge,yes,yes,65.0,402.0,5.0
ID1440,2015-01-26,14:26:53,Becky,Air Conditioner,yes,yes,99.0,342.0,3.0
ID1441,2015-01-26,14:51:22,Diane,Fridge,yes,yes,40.0,288.0,3.0
ID1442,2015-01-26,14:51:22,Stewart,Toaster,yes,yes,110.0,319.0,3.0
ID1443,2015-01-26,15:15:50,Diane,Fridge,yes,yes,109.0,51.0,1.0
ID1444,2015-01-26,15:15:50,Martha,Washing Machine,yes,yes,116.0,307.0,3.0
ID1445,2015-01-26,15:21:36,Martha,Television,yes,yes,82.0,138.0,2.0
ID1446,2015-01-26,15:21:36,Greg,Washing Machine,yes,yes,65.0,149.0,4.0
ID1447,2015-01-26,15:25:55,Dan,Washing Machine,yes,yes,24.0,208.0,4.0
ID1448,2015-01-26,15:25:55,Diane,Toaster,yes,yes,125.0,82.0,5.0
ID1449,2015-01-26,15:28:48,Greg,Fridge,yes,yes,87.0,64.0,5.0
ID1450,2015-01-26,15:28:48,Jim,Television,yes,yes,119.0,42.0,4.0
ID1451,2015-01-26,15:30:14,Diane,Washing Machine,yes,yes,94.0,45.0,4.0
ID1452,2015-01-26,15:30:14,Dan,Toaster,no,no,,,
ID1453,2015-01-26,15:37:26,Dan,Toaster,yes,yes,19.0,336.0,1.0
ID1454,2015-01-26,15:37:26,Dan,Washing Machine,yes,yes,68.0,163.0,3.0
ID1455,2015-01-26,16:00:29,Joe,Toaster,yes,yes,36.0,381.0,3.0
ID1456,2015-01-26,16:00:29,Martha,Toaster,yes,yes,50.0,65.0,4.0
ID1457,2015-01-26,16:06:14,Becky,Toaster,no,no,,,
ID1458,2015-01-26,16:06:14,Greg,Washing Machine,yes,yes,60.0,134.0,3.0
ID1459,2015-01-26,17:18:14,Becky,Washing Machine,yes,yes,38.0,417.0,1.0
ID1460,2015-01-26,17:18:14,Becky,Washing Machine,yes,yes,115.0,374.0,3.0
ID1461,2015-01-26,17:52:48,Dan,Television,yes,yes,82.0,396.0,1.0
ID1462,2015-01-26,17:52:48,Jim,Air Conditioner,yes,yes,34.0,257.0,2.0
ID1463,2015-01-27,09:10:05,Diane,Television,yes,yes,95.0,175.0,3.0
ID1464,2015-01-27,09:10:05,Diane,Washing Machine,yes,yes,13.0,194.0,5.0
ID1465,2015-01-27,09:38:53,Becky,Air Conditioner,yes,yes,22.0,251.0,3.0
ID1466,2015-01-27,09:38:53,Greg,Television,no,no,,,
ID1467,2015-01-27,09:41:46,Martha,Fridge,yes,yes,86.0,172.0,1.0
ID1468,2015-01-27,09:41:46,Joe,Washing Machine,yes,yes,20.0,262.0,4.0
ID1469,2015-01-27,09:54:43,Greg,Toaster,no,no,,,
ID1470,2015-01-27,09:54:43,Martha,Washing Machine,yes,yes,36.0,260.0,4.0
ID1471,2015-01-27,09:57:36,Martha,Television,yes,yes,118.0,207.0,4.0
ID1472,2015-01-27,09:57:36,Stewart,Washing Machine,yes,yes,40.0,245.0,4.0
ID1473,2015-01-27,10:43:41,Jim,Washing Machine,yes,yes,97.0,396.0,4.0
ID1474,2015-01-27,10:43:41,Martha,Washing Machine,yes,yes,75.0,169.0,4.0
ID1475,2015-01-27,11:09:36,Dan,Air Conditioner,yes,yes,61.0,159.0,3.0
ID1476,2015-01-27,11:09:36,Dan,Television,yes,yes,125.0,364.0,5.0
ID1477,2015-01-27,12:40:19,Jim,Washing Machine,no,no,,,
ID1478,2015-01-27,12:40:19,Dan,Air Conditioner,yes,yes,33.0,352.0,5.0
ID1479,2015-01-27,13:00:29,Martha,Air Conditioner,no,no,,,
ID1480,2015-01-27,13:00:29,Martha,Television,yes,yes,50.0,230.0,5.0
ID1481,2015-01-27,13:03:22,Jim,Fridge,yes,yes,114.0,261.0,3.0
ID1482,2015-01-27,13:03:22,Jim,Air Conditioner,no,no,,,
ID1483,2015-01-27,13:07:41,Dan,Television,yes,yes,58.0,120.0,4.0
ID1484,2015-01-27,13:07:41,Diane,Television,yes,yes,86.0,206.0,2.0
ID1485,2015-01-27,13:09:07,Dan,Television,yes,yes,45.0,232.0,5.0
ID1486,2015-01-27,13:09:07,Dan,Television,yes,yes,84.0,153.0,2.0
ID1487,2015-01-27,13:22:05,Diane,Washing Machine,yes,yes,15.0,413.0,2.0
ID1488,2015-01-27,13:22:05,Stewart,Fridge,yes,yes,47.0,247.0,2.0
ID1489,2015-01-27,13:27:50,Dan,Toaster,yes,yes,27.0,156.0,3.0
ID1490,2015-01-27,13:27:50,Martha,Fridge,yes,yes,49.0,83.0,4.0
ID1491,2015-01-27,13:52:19,Joe,Washing Machine,yes,yes,50.0,104.0,4.0
ID1492,2015-01-27,13:52:19,Greg,Television,yes,yes,87.0,300.0,2.0
ID1493,2015-01-27,14:45:36,Jim,Fridge,yes,yes,87.0,394.0,3.0
ID1494,2015-01-27,14:45:36,Jim,Toaster,yes,yes,15.0,358.0,3.0
ID1495,2015-01-27,14:54:14,Dan,Air Conditioner,yes,yes,123.0,408.0,5.0
ID1496,2015-01-27,14:54:14,Becky,Toaster,yes,yes,32.0,282.0,3.0
ID1497,2015-01-27,15:21:36,Stewart,Toaster,yes,yes,10.0,84.0,5.0
ID1498,2015-01-27,15:21:36,Dan,Fridge,yes,yes,19.0,282.0,2.0
ID1499,2015-01-27,15:23:02,Becky,Fridge,yes,yes,10.0,363.0,5.0
ID1500,2015-01-27,15:23:02,Diane,Television,no,no,,,
ID1501,2015-01-27,15:40:19,Stewart,Television,yes,yes,112.0,162.0,4.0
ID1502,2015-01-27,15:40:19,Becky,Washing Machine,yes,no,10.0,221.0,4.0
ID1503,2015-01-27,16:00:29,Jim,Fridge,yes,yes,26.0,115.0,2.0
ID1504,2015-01-27,16:00:29,Martha,Fridge,yes,yes,96.0,388.0,4.0
ID1505,2015-01-27,16:01:55,Dan,Toaster,yes,yes,99.0,262.0,3.0
ID1506,2015-01-27,16:01:55,Greg,Air Conditioner,no,no,,,
ID1507,2015-01-27,16:10:34,Jim,Fridge,yes,yes,77.0,194.0,5.0
ID1508,2015-01-27,16:10:34,Joe,Fridge,yes,yes,16.0,321.0,4.0
ID1509,2015-01-27,16:58:05,Martha,Washing Machine,yes,yes,100.0,163.0,4.0
ID1510,2015-01-27,16:58:05,Jim,Washing Machine,yes,yes,27.0,308.0,3.0
ID1511,2015-01-27,17:00:58,Becky,Toaster,yes,yes,31.0,266.0,1.0
ID1512,2015-01-27,17:00:58,Joe,Washing Machine,yes,yes,33.0,392.0,2.0
ID1513,2015-01-27,17:12:29,Jim,Television,yes,yes,107.0,186.0,4.0
ID1514,2015-01-27,17:12:29,Dan,Toaster,yes,yes,77.0,363.0,3.0
ID1515,2015-01-27,17:18:14,Jim,Television,yes,yes,28.0,183.0,5.0
ID1516,2015-01-27,17:18:14,Greg,Washing Machine,no,no,,,
ID1517,2015-01-27,17:42:43,Jim,Washing Machine,yes,yes,93.0,55.0,4.0
ID1518,2015-01-27,17:42:43,Martha,Air Conditioner,no,no,,,
ID1519,2015-01-28,09:04:19,Jim,Television,yes,yes,46.0,266.0,5.0
ID1520,2015-01-28,09:04:19,Joe,Television,yes,yes,14.0,340.0,3.0
ID1521,2015-01-28,09:11:31,Greg,Fridge,yes,yes,58.0,297.0,3.0
ID1522,2015-01-28,09:11:31,Martha,Toaster,yes,yes,61.0,316.0,3.0
ID1523,2015-01-28,09:12:58,Martha,Toaster,yes,yes,38.0,383.0,4.0
ID1524,2015-01-28,09:12:58,Martha,Toaster,yes,yes,39.0,335.0,3.0
ID1525,2015-01-28,09:46:05,Stewart,Air Conditioner,yes,yes,87.0,94.0,4.0
ID1526,2015-01-28,09:46:05,Stewart,Air Conditioner,yes,yes,26.0,115.0,2.0
ID1527,2015-01-28,10:04:48,Greg,Air Conditioner,yes,no,120.0,86.0,4.0
ID1528,2015-01-28,10:04:48,Dan,Toaster,yes,yes,123.0,116.0,4.0
ID1529,2015-01-28,10:40:48,Diane,Washing Machine,yes,yes,48.0,91.0,3.0
ID1530,2015-01-28,10:40:48,Diane,Television,yes,no,58.0,155.0,1.0
ID1531,2015-01-28,10:52:19,Martha,Washing Machine,yes,yes,90.0,284.0,3.0
ID1532,2015-01-28,10:52:19,Dan,Toaster,yes,yes,104.0,370.0,5.0
ID1533,2015-01-28,11:06:43,Stewart,Television,yes,yes,41.0,187.0,4.0
ID1534,2015-01-28,11:06:43,Greg,Air Conditioner,yes,yes,26.0,106.0,5.0
ID1535,2015-01-28,11:21:07,Becky,Toaster,yes,yes,66.0,344.0,4.0
ID1536,2015-01-28,11:21:07,Becky,Fridge,yes,yes,65.0,111.0,5.0
ID1537,2015-01-28,11:29:46,Becky,Fridge,yes,yes,22.0,302.0,3.0
ID1538,2015-01-28,11:29:46,Joe,Television,yes,no,96.0,234.0,1.0
ID1539,2015-01-28,11:54:14,Diane,Air Conditioner,yes,yes,101.0,285.0,4.0
ID1540,2015-01-28,11:54:14,Becky,Fridge,yes,yes,124.0,97.0,4.0
ID1541,2015-01-28,11:55:41,Dan,Washing Machine,yes,yes,28.0,325.0,3.0
ID1542,2015-01-28,11:55:41,Becky,Washing Machine,yes,yes,90.0,229.0,3.0
ID1543,2015-01-28,12:46:05,Martha,Washing Machine,yes,yes,111.0,234.0,5.0
ID1544,2015-01-28,12:46:05,Becky,Television,yes,yes,123.0,41.0,4.0
ID1545,2015-01-28,13:00:29,Jim,Washing Machine,no,no,,,
ID1546,2015-01-28,13:00:29,Dan,Television,yes,yes,101.0,322.0,4.0
ID1547,2015-01-28,13:17:46,Joe,Fridge,yes,yes,44.0,128.0,5.0
ID1548,2015-01-28,13:17:46,Stewart,Television,yes,yes,10.0,110.0,3.0
ID1549,2015-01-28,13:19:12,Diane,Television,yes,yes,45.0,205.0,1.0
ID1550,2015-01-28,13:19:12,Stewart,Air Conditioner,yes,yes,24.0,136.0,4.0
ID1551,2015-01-28,14:18:14,Joe,Toaster,yes,yes,70.0,352.0,1.0
ID1552,2015-01-28,14:18:14,Martha,Television,yes,yes,101.0,351.0,5.0
ID1553,2015-01-28,14:19:41,Dan,Television,yes,yes,23.0,195.0,3.0
ID1554,2015-01-28,14:19:41,Joe,Washing Machine,yes,no,86.0,231.0,3.0
ID1555,2015-01-28,14:32:38,Dan,Fridge,yes,yes,25.0,135.0,2.0
ID1556,2015-01-28,14:32:38,Jim,Fridge,yes,yes,46.0,176.0,4.0
ID1557,2015-01-28,14:57:07,Diane,Television,yes,yes,45.0,231.0,4.0
ID1558,2015-01-28,14:57:07,Becky,Air Conditioner,no,no,,,
ID1559,2015-01-28,15:53:17,Greg,Air Conditioner,yes,yes,93.0,390.0,3.0
ID1560,2015-01-28,15:53:17,Joe,Toaster,yes,yes,61.0,121.0,1.0
ID1561,2015-01-28,16:13:26,Diane,Television,no,no,,,
ID1562,2015-01-28,16:13:26,Jim,Television,yes,yes,66.0,155.0,3.0
ID1563,2015-01-28,16:19:12,Greg,Washing Machine,yes,yes,29.0,274.0,3.0
ID1564,2015-01-28,16:19:12,Greg,Fridge,yes,yes,67.0,402.0,2.0
ID1565,2015-01-28,16:40:48,Dan,Washing Machine,yes,yes,94.0,102.0,4.0
ID1566,2015-01-28,16:40:48,Joe,Television,yes,no,80.0,300.0,4.0
ID1567,2015-01-28,17:03:50,Dan,Toaster,yes,yes,27.0,196.0,4.0
ID1568,2015-01-28,17:03:50,Dan,Television,yes,yes,41.0,197.0,4.0
ID1569,2015-01-28,17:16:48,Martha,Air Conditioner,yes,yes,84.0,256.0,4.0
ID1570,2015-01-28,17:16:48,Greg,Washing Machine,yes,yes,121.0,117.0,4.0
ID1571,2015-01-28,17:52:48,Diane,Toaster,yes,yes,61.0,43.0,1.0
ID1572,2015-01-28,17:52:48,Martha,Fridge,no,no,,,
ID1573,2015-01-28,18:00:00,Diane,Toaster,yes,yes,54.0,370.0,2.0
ID1574,2015-01-28,18:00:00,Stewart,Television,yes,yes,82.0,345.0,5.0
ID1575,2015-01-29,09:02:53,Greg,Fridge,yes,yes,55.0,188.0,4.0
ID1576,2015-01-29,09:02:53,Jim,Fridge,no,no,,,
ID1577,2015-01-29,09:08:38,Dan,Toaster,yes,yes,87.0,68.0,5.0
ID1578,2015-01-29,09:08:38,Greg,Toaster,no,no,,,
ID1579,2015-01-29,09:20:10,Greg,Fridge,yes,yes,22.0,296.0,3.0
ID1580,2015-01-29,09:20:10,Stewart,Toaster,no,no,,,
ID1581,2015-01-29,09:57:36,Dan,Television,yes,yes,95.0,105.0,5.0
ID1582,2015-01-29,09:57:36,Dan,Air Conditioner,yes,yes,23.0,375.0,4.0
ID1583,2015-01-29,10:20:38,Greg,Fridge,yes,yes,43.0,125.0,4.0
ID1584,2015-01-29,10:20:38,Becky,Toaster,no,no,,,
ID1585,2015-01-29,10:29:17,Joe,Washing Machine,yes,yes,118.0,243.0,3.0
ID1586,2015-01-29,10:29:17,Jim,Toaster,yes,yes,94.0,72.0,3.0
ID1587,2015-01-29,10:50:53,Diane,Air Conditioner,yes,yes,59.0,294.0,4.0
ID1588,2015-01-29,10:50:53,Jim,Air Conditioner,no,no,,,
ID1589,2015-01-29,10:52:19,Stewart,Fridge,yes,yes,92.0,193.0,5.0
ID1590,2015-01-29,10:52:19,Jim,Air Conditioner,yes,yes,51.0,160.0,2.0
ID1591,2015-01-29,11:57:07,Diane,Toaster,no,no,,,
ID1592,2015-01-29,11:57:07,Greg,Air Conditioner,yes,yes,11.0,262.0,5.0
ID1593,2015-01-29,12:44:38,Joe,Toaster,yes,yes,62.0,141.0,1.0
ID1594,2015-01-29,12:44:38,Joe,Air Conditioner,yes,yes,122.0,297.0,3.0
ID1595,2015-01-29,12:46:05,Dan,Television,yes,yes,37.0,322.0,3.0
ID1596,2015-01-29,12:46:05,Stewart,Toaster,yes,no,42.0,216.0,4.0
ID1597,2015-01-29,12:51:50,Diane,Air Conditioner,yes,yes,112.0,268.0,3.0
ID1598,2015-01-29,12:51:50,Martha,Toaster,yes,yes,98.0,189.0,4.0
ID1599,2015-01-29,12:51:50,Stewart,Toaster,yes,yes,105.0,193.0,2.0
ID1600,2015-01-29,12:51:50,Diane,Air Conditioner,yes,yes,78.0,183.0,5.0
ID1601,2015-01-29,13:00:29,Martha,Washing Machine,yes,yes,68.0,44.0,4.0
ID1602,2015-01-29,13:00:29,Jim,Washing Machine,yes,yes,17.0,347.0,3.0
ID1603,2015-01-29,13:04:48,Diane,Fridge,yes,yes,23.0,80.0,4.0
ID1604,2015-01-29,13:04:48,Diane,Fridge,yes,yes,39.0,69.0,1.0
ID1605,2015-01-29,13:12:00,Greg,Washing Machine,yes,yes,102.0,285.0,3.0
ID1606,2015-01-29,13:12:00,Dan,Fridge,yes,no,75.0,330.0,3.0
ID1607,2015-01-29,13:37:55,Becky,Washing Machine,yes,yes,14.0,130.0,4.0
ID1608,2015-01-29,13:37:55,Dan,Toaster,yes,yes,77.0,156.0,3.0
ID1609,2015-01-29,14:11:02,Diane,Television,yes,no,83.0,34.0,4.0
ID1610,2015-01-29,14:11:02,Stewart,Air Conditioner,no,no,,,
ID1611,2015-01-29,14:32:38,Stewart,Washing Machine,no,no,,,
ID1612,2015-01-29,14:32:38,Dan,Fridge,yes,yes,65.0,312.0,5.0
ID1613,2015-01-29,14:49:55,Becky,Washing Machine,yes,yes,23.0,45.0,4.0
ID1614,2015-01-29,14:49:55,Jim,Television,yes,yes,34.0,233.0,3.0
ID1615,2015-01-29,15:08:38,Diane,Air Conditioner,yes,yes,45.0,351.0,3.0
ID1616,2015-01-29,15:08:38,Diane,Air Conditioner,yes,yes,29.0,288.0,3.0
ID1617,2015-01-29,15:21:36,Stewart,Washing Machine,yes,yes,84.0,402.0,3.0
ID1618,2015-01-29,15:21:36,Joe,Toaster,yes,no,105.0,143.0,3.0
ID1619,2015-01-29,15:44:38,Diane,Toaster,yes,yes,75.0,257.0,2.0
ID1620,2015-01-29,15:44:38,Jim,Washing Machine,yes,yes,20.0,412.0,3.0
ID1621,2015-01-29,15:46:05,Greg,Fridge,yes,yes,88.0,350.0,5.0
ID1622,2015-01-29,15:46:05,Stewart,Air Conditioner,yes,yes,93.0,189.0,5.0
ID1623,2015-01-29,15:51:50,Dan,Air Conditioner,yes,yes,65.0,108.0,3.0
ID1624,2015-01-29,15:51:50,Becky,Toaster,no,no,,,
ID1625,2015-01-29,16:10:34,Joe,Television,no,no,,,
ID1626,2015-01-29,16:10:34,Joe,Air Conditioner,no,no,,,
ID1627,2015-01-29,17:12:29,Greg,Toaster,yes,no,124.0,258.0,5.0
ID1628,2015-01-29,17:12:29,Martha,Washing Machine,yes,yes,44.0,156.0,4.0
ID1629,2015-01-29,17:41:17,Greg,Fridge,yes,yes,28.0,39.0,4.0
ID1630,2015-01-29,17:41:17,Diane,Television,yes,no,43.0,128.0,4.0
ID1631,2015-01-29,17:52:48,Stewart,Air Conditioner,no,no,,,
ID1632,2015-01-29,17:52:48,Stewart,Fridge,yes,yes,53.0,103.0,4.0
ID1633,2015-01-30,09:05:46,Diane,Washing Machine,yes,yes,84.0,101.0,4.0
ID1634,2015-01-30,09:05:46,Becky,Toaster,yes,yes,84.0,297.0,5.0
ID1635,2015-01-30,09:47:31,Dan,Fridge,yes,yes,12.0,356.0,5.0
ID1636,2015-01-30,09:47:31,Jim,Washing Machine,yes,yes,85.0,222.0,3.0
ID1637,2015-01-30,09:53:17,Diane,Television,yes,yes,124.0,61.0,4.0
ID1638,2015-01-30,09:53:17,Becky,Toaster,yes,no,92.0,120.0,5.0
ID1639,2015-01-30,10:07:41,Stewart,Air Conditioner,yes,yes,116.0,209.0,1.0
ID1640,2015-01-30,10:07:41,Joe,Television,yes,yes,118.0,166.0,2.0
ID1641,2015-01-30,10:09:07,Greg,Air Conditioner,yes,yes,99.0,152.0,2.0
ID1642,2015-01-30,10:09:07,Joe,Toaster,yes,yes,77.0,264.0,4.0
ID1643,2015-01-30,10:27:50,Jim,Air Conditioner,yes,yes,57.0,265.0,5.0
ID1644,2015-01-30,10:27:50,Martha,Television,yes,yes,113.0,153.0,3.0
ID1645,2015-01-30,10:40:48,Becky,Toaster,yes,yes,22.0,42.0,3.0
ID1646,2015-01-30,10:40:48,Diane,Toaster,yes,yes,20.0,298.0,4.0
ID1647,2015-01-30,11:12:29,Dan,Television,no,no,,,
ID1648,2015-01-30,11:12:29,Jim,Air Conditioner,yes,yes,23.0,358.0,5.0
ID1649,2015-01-30,11:26:53,Jim,Washing Machine,yes,yes,79.0,274.0,4.0
ID1650,2015-01-30,11:26:53,Stewart,Washing Machine,yes,no,94.0,416.0,5.0
ID1651,2015-01-30,11:52:48,Jim,Air Conditioner,yes,yes,118.0,133.0,4.0
ID1652,2015-01-30,11:52:48,Martha,Fridge,yes,no,68.0,158.0,2.0
ID1653,2015-01-30,12:17:17,Diane,Television,yes,yes,53.0,83.0,3.0
ID1654,2015-01-30,12:17:17,Stewart,Fridge,yes,yes,52.0,370.0,3.0
ID1655,2015-01-30,12:23:02,Dan,Toaster,yes,yes,13.0,350.0,3.0
ID1656,2015-01-30,12:23:02,Diane,Washing Machine,yes,yes,78.0,273.0,5.0
ID1657,2015-01-30,12:37:26,Dan,Washing Machine,yes,yes,32.0,124.0,4.0
ID1658,2015-01-30,12:37:26,Martha,Washing Machine,no,no,,,
ID1659,2015-01-30,12:40:19,Martha,Fridge,yes,yes,13.0,122.0,4.0
ID1660,2015-01-30,12:40:19,Greg,Television,yes,no,91.0,241.0,3.0
ID1661,2015-01-30,12:44:38,Jim,Fridge,yes,yes,41.0,87.0,3.0
ID1662,2015-01-30,12:44:38,Becky,Television,yes,yes,69.0,417.0,2.0
ID1663,2015-01-30,12:48:58,Stewart,Toaster,yes,yes,116.0,372.0,4.0
ID1664,2015-01-30,12:48:58,Becky,Toaster,yes,no,98.0,371.0,5.0
ID1665,2015-01-30,12:51:50,Dan,Toaster,yes,yes,16.0,248.0,1.0
ID1666,2015-01-30,12:51:50,Martha,Air Conditioner,yes,yes,43.0,114.0,1.0
ID1667,2015-01-30,13:03:22,Dan,Television,yes,yes,17.0,219.0,5.0
ID1668,2015-01-30,13:03:22,Becky,Air Conditioner,yes,yes,27.0,166.0,5.0
ID1669,2015-01-30,13:39:22,Becky,Fridge,yes,yes,88.0,372.0,5.0
ID1670,2015-01-30,13:39:22,Dan,Air Conditioner,yes,no,45.0,409.0,4.0
ID1671,2015-01-30,14:00:58,Joe,Air Conditioner,yes,no,19.0,135.0,4.0
ID1672,2015-01-30,14:00:58,Joe,Toaster,no,no,,,
ID1673,2015-01-30,14:09:36,Stewart,Washing Machine,yes,yes,85.0,184.0,4.0
ID1674,2015-01-30,14:09:36,Stewart,Toaster,no,no,,,
ID1675,2015-01-30,14:11:02,Stewart,Toaster,yes,no,122.0,216.0,3.0
ID1676,2015-01-30,14:11:02,Becky,Air Conditioner,yes,yes,78.0,341.0,2.0
ID1677,2015-01-30,14:36:58,Joe,Toaster,yes,no,68.0,64.0,2.0
ID1678,2015-01-30,14:36:58,Greg,Television,yes,yes,33.0,275.0,3.0
ID1679,2015-01-30,15:00:00,Becky,Toaster,yes,yes,19.0,356.0,1.0
ID1680,2015-01-30,15:00:00,Martha,Washing Machine,yes,yes,97.0,413.0,5.0
ID1681,2015-01-30,15:38:53,Joe,Toaster,yes,yes,33.0,79.0,2.0
ID1682,2015-01-30,15:38:53,Martha,Fridge,yes,yes,124.0,288.0,5.0
ID1683,2015-01-30,15:44:38,Stewart,Fridge,yes,yes,78.0,308.0,1.0
ID1684,2015-01-30,15:44:38,Diane,Toaster,no,no,,,
ID1685,2015-01-30,15:51:50,Dan,Air Conditioner,yes,yes,111.0,154.0,5.0
ID1686,2015-01-30,15:51:50,Diane,Washing Machine,yes,yes,27.0,216.0,5.0
ID1687,2015-01-30,15:59:02,Dan,Air Conditioner,yes,yes,18.0,281.0,3.0
ID1688,2015-01-30,15:59:02,Greg,Television,yes,yes,31.0,257.0,4.0
ID1689,2015-01-30,16:13:26,Stewart,Fridge,yes,no,65.0,220.0,4.0
ID1690,2015-01-30,16:13:26,Becky,Fridge,no,no,,,
ID1691,2015-01-30,16:19:12,Becky,Air Conditioner,yes,yes,91.0,50.0,3.0
ID1692,2015-01-30,16:19:12,Stewart,Air Conditioner,yes,yes,71.0,87.0,2.0
ID1693,2015-01-30,16:19:12,Greg,Washing Machine,no,no,,,
ID1694,2015-01-30,16:19:12,Stewart,Washing Machine,yes,yes,78.0,266.0,3.0
ID1695,2015-01-30,16:32:10,Jim,Air Conditioner,no,no,,,
ID1696,2015-01-30,16:32:10,Jim,Washing Machine,no,no,,,
ID1697,2015-01-30,16:49:26,Dan,Air Conditioner,no,no,,,
ID1698,2015-01-30,16:49:26,Jim,Fridge,yes,yes,107.0,196.0,3.0
ID1699,2015-01-30,16:52:19,Dan,Television,yes,yes,17.0,191.0,3.0
ID1700,2015-01-30,16:52:19,Becky,Washing Machine,yes,yes,53.0,219.0,1.0
ID1701,2015-01-30,17:09:36,Diane,Air Conditioner,yes,yes,49.0,392.0,5.0
ID1702,2015-01-30,17:09:36,Greg,Television,yes,yes,33.0,65.0,5.0
ID1703,2015-01-30,17:12:29,Diane,Television,yes,yes,103.0,218.0,2.0
ID1704,2015-01-30,17:12:29,Greg,Toaster,yes,yes,114.0,201.0,3.0
ID1705,2015-01-30,17:18:14,Stewart,Washing Machine,no,no,,,
ID1706,2015-01-30,17:18:14,Jim,Fridge,no,no,,,
ID1707,2015-01-30,17:25:26,Martha,Toaster,no,no,,,
ID1708,2015-01-30,17:25:26,Dan,Television,yes,yes,38.0,410.0,2.0
ID1709,2015-01-30,17:29:46,Stewart,Washing Machine,yes,no,50.0,78.0,2.0
ID1710,2015-01-30,17:29:46,Becky,Washing Machine,yes,no,33.0,236.0,4.0
ID1711,2015-01-30,17:31:12,Stewart,Toaster,yes,yes,97.0,172.0,3.0
ID1712,2015-01-30,17:31:12,Jim,Television,yes,yes,20.0,306.0,5.0
ID1713,2015-01-31,09:00:00,Dan,Toaster,yes,no,100.0,382.0,5.0
ID1714,2015-01-31,09:00:00,Becky,Toaster,yes,yes,114.0,341.0,4.0
ID1715,2015-01-31,09:08:38,Greg,Toaster,yes,yes,27.0,191.0,3.0
ID1716,2015-01-31,09:08:38,Joe,Washing Machine,yes,yes,119.0,162.0,4.0
ID1717,2015-01-31,09:14:24,Becky,Air Conditioner,yes,yes,30.0,58.0,5.0
ID1718,2015-01-31,09:14:24,Stewart,Washing Machine,yes,yes,23.0,399.0,3.0
ID1719,2015-01-31,09:24:29,Diane,Washing Machine,yes,yes,32.0,360.0,1.0
ID1720,2015-01-31,09:24:29,Greg,Television,no,no,,,
ID1721,2015-01-31,09:27:22,Diane,Toaster,yes,no,67.0,57.0,1.0
ID1722,2015-01-31,09:27:22,Becky,Television,yes,yes,16.0,335.0,5.0
ID1723,2015-01-31,09:30:14,Stewart,Washing Machine,yes,yes,120.0,189.0,1.0
ID1724,2015-01-31,09:30:14,Joe,Toaster,yes,yes,73.0,342.0,2.0
ID1725,2015-01-31,11:32:38,Jim,Toaster,no,no,,,
ID1726,2015-01-31,11:32:38,Greg,Washing Machine,no,no,,,
ID1727,2015-01-31,11:35:31,Joe,Fridge,no,no,,,
ID1728,2015-01-31,11:35:31,Joe,Washing Machine,yes,yes,88.0,70.0,1.0
ID1729,2015-01-31,11:39:50,Dan,Toaster,yes,yes,79.0,81.0,5.0
ID1730,2015-01-31,11:39:50,Joe,Air Conditioner,yes,yes,42.0,99.0,5.0
ID1731,2015-01-31,11:58:34,Dan,Washing Machine,no,no,,,
ID1732,2015-01-31,11:58:34,Diane,Toaster,yes,yes,38.0,227.0,4.0
ID1733,2015-01-31,12:00:00,Greg,Toaster,yes,yes,102.0,228.0,3.0
ID1734,2015-01-31,12:00:00,Dan,Air Conditioner,yes,yes,112.0,403.0,3.0
ID1735,2015-01-31,12:00:00,Jim,Air Conditioner,yes,yes,107.0,193.0,1.0
ID1736,2015-01-31,12:00:00,Stewart,Washing Machine,yes,yes,93.0,158.0,5.0
ID1737,2015-01-31,12:15:50,Diane,Toaster,yes,yes,37.0,417.0,4.0
ID1738,2015-01-31,12:15:50,Dan,Air Conditioner,yes,yes,29.0,389.0,5.0
ID1739,2015-01-31,12:37:26,Stewart,Toaster,yes,no,17.0,228.0,5.0
ID1740,2015-01-31,12:37:26,Jim,Television,no,no,,,
ID1741,2015-01-31,12:43:12,Dan,Air Conditioner,yes,yes,28.0,370.0,4.0
ID1742,2015-01-31,12:43:12,Dan,Toaster,yes,yes,16.0,210.0,1.0
ID1743,2015-01-31,12:50:24,Stewart,Fridge,yes,yes,123.0,377.0,2.0
ID1744,2015-01-31,12:50:24,Martha,Washing Machine,no,no,,,
ID1745,2015-01-31,14:05:17,Jim,Toaster,yes,yes,124.0,401.0,5.0
ID1746,2015-01-31,14:05:17,Jim,Toaster,yes,yes,18.0,376.0,1.0
ID1747,2015-01-31,14:05:17,Becky,Toaster,yes,yes,95.0,146.0,4.0
ID1748,2015-01-31,14:05:17,Becky,Television,yes,yes,17.0,325.0,3.0
ID1749,2015-01-31,14:05:17,Jim,Air Conditioner,no,no,,,
ID1750,2015-01-31,14:05:17,Stewart,Toaster,yes,yes,75.0,33.0,3.0
ID1751,2015-01-31,14:44:10,Joe,Toaster,yes,yes,37.0,345.0,4.0
ID1752,2015-01-31,14:44:10,Martha,Television,yes,yes,36.0,86.0,3.0
ID1753,2015-01-31,15:01:26,Diane,Air Conditioner,yes,yes,113.0,152.0,1.0
ID1754,2015-01-31,15:01:26,Diane,Television,yes,yes,93.0,139.0,4.0
ID1755,2015-01-31,15:04:19,Dan,Air Conditioner,yes,yes,24.0,290.0,1.0
ID1756,2015-01-31,15:04:19,Diane,Television,yes,yes,92.0,148.0,3.0
ID1757,2015-01-31,15:38:53,Jim,Television,no,no,,,
ID1758,2015-01-31,15:38:53,Dan,Washing Machine,yes,yes,20.0,79.0,4.0
ID1759,2015-01-31,15:56:10,Jim,Fridge,yes,yes,50.0,30.0,2.0
ID1760,2015-01-31,15:56:10,Martha,Fridge,no,no,,,
ID1761,2015-01-31,16:09:07,Stewart,Washing Machine,yes,yes,103.0,373.0,4.0
ID1762,2015-01-31,16:09:07,Becky,Washing Machine,yes,yes,81.0,205.0,2.0
ID1763,2015-01-31,16:09:07,Stewart,Television,yes,yes,48.0,236.0,5.0
ID1764,2015-01-31,16:09:07,Dan,Television,yes,yes,92.0,360.0,3.0
ID1765,2015-01-31,16:20:38,Greg,Television,yes,yes,95.0,300.0,3.0
ID1766,2015-01-31,16:20:38,Becky,Washing Machine,yes,yes,49.0,118.0,3.0
ID1767,2015-01-31,16:56:38,Becky,Washing Machine,yes,yes,58.0,281.0,5.0
ID1768,2015-01-31,16:56:38,Dan,Television,no,no,,,
ID1769,2015-01-31,17:08:10,Dan,Fridge,no,no,,,
ID1770,2015-01-31,17:08:10,Diane,Toaster,yes,yes,78.0,62.0,4.0
ID1771,2015-01-31,17:34:05,Jim,Fridge,yes,yes,91.0,178.0,3.0
ID1772,2015-01-31,17:34:05,Greg,Air Conditioner,yes,yes,121.0,361.0,2.0
ID1773,2015-02-01,09:18:43,Dan,Washing Machine,no,no,,,
ID1774,2015-02-01,09:18:43,Martha,Fridge,yes,yes,38.0,341.0,3.0
ID1775,2015-02-01,09:24:29,Becky,Air Conditioner,yes,yes,44.0,135.0,2.0
ID1776,2015-02-01,09:24:29,Diane,Washing Machine,yes,yes,64.0,188.0,3.0
ID1777,2015-02-01,09:25:55,Jim,Air Conditioner,no,no,,,
ID1778,2015-02-01,09:25:55,Becky,Toaster,yes,no,125.0,406.0,4.0
ID1779,2015-02-01,09:37:26,Martha,Air Conditioner,yes,yes,47.0,85.0,4.0
ID1780,2015-02-01,09:37:26,Martha,Air Conditioner,no,no,,,
ID1781,2015-02-01,09:37:26,Becky,Washing Machine,no,no,,,
ID1782,2015-02-01,09:37:26,Jim,Fridge,yes,yes,116.0,262.0,3.0
ID1783,2015-02-01,10:07:41,Diane,Toaster,yes,yes,13.0,116.0,4.0
ID1784,2015-02-01,10:07:41,Greg,Washing Machine,yes,yes,124.0,201.0,5.0
ID1785,2015-02-01,10:32:10,Becky,Fridge,no,no,,,
ID1786,2015-02-01,10:32:10,Greg,Air Conditioner,yes,yes,46.0,129.0,5.0
ID1787,2015-02-01,11:15:22,Greg,Air Conditioner,yes,yes,11.0,188.0,3.0
ID1788,2015-02-01,11:15:22,Greg,Toaster,yes,no,62.0,236.0,3.0
ID1789,2015-02-01,11:18:14,Greg,Television,no,no,,,
ID1790,2015-02-01,11:18:14,Stewart,Fridge,yes,yes,61.0,175.0,5.0
ID1791,2015-02-01,12:07:12,Dan,Air Conditioner,no,no,,,
ID1792,2015-02-01,12:07:12,Joe,Air Conditioner,yes,yes,29.0,407.0,5.0
ID1793,2015-02-01,12:18:43,Dan,Washing Machine,yes,yes,109.0,52.0,3.0
ID1794,2015-02-01,12:18:43,Dan,Washing Machine,yes,yes,52.0,357.0,3.0
ID1795,2015-02-01,12:31:41,Dan,Air Conditioner,yes,yes,117.0,290.0,1.0
ID1796,2015-02-01,12:31:41,Martha,Washing Machine,yes,yes,17.0,217.0,3.0
ID1797,2015-02-01,12:41:46,Jim,Television,yes,yes,46.0,107.0,4.0
ID1798,2015-02-01,12:41:46,Martha,Fridge,yes,yes,60.0,222.0,2.0
ID1799,2015-02-01,13:01:55,Jim,Air Conditioner,yes,yes,53.0,209.0,3.0
ID1800,2015-02-01,13:01:55,Stewart,Toaster,yes,yes,72.0,82.0,4.0
ID1801,2015-02-01,13:24:58,Stewart,Toaster,yes,yes,113.0,293.0,3.0
ID1802,2015-02-01,13:24:58,Joe,Toaster,yes,yes,51.0,177.0,4.0
ID1803,2015-02-01,13:30:43,Jim,Fridge,yes,yes,99.0,89.0,4.0
ID1804,2015-02-01,13:30:43,Dan,Television,yes,yes,99.0,54.0,2.0
ID1805,2015-02-01,13:36:29,Dan,Washing Machine,no,no,,,
ID1806,2015-02-01,13:36:29,Jim,Television,yes,yes,37.0,181.0,4.0
ID1807,2015-02-01,13:37:55,Martha,Washing Machine,yes,yes,115.0,110.0,3.0
ID1808,2015-02-01,13:37:55,Martha,Washing Machine,yes,yes,97.0,180.0,5.0
ID1809,2015-02-01,13:46:34,Becky,Washing Machine,no,no,,,
ID1810,2015-02-01,13:46:34,Dan,Washing Machine,yes,no,87.0,406.0,5.0
ID1811,2015-02-01,13:50:53,Becky,Toaster,yes,yes,97.0,287.0,1.0
ID1812,2015-02-01,13:50:53,Greg,Television,yes,no,119.0,63.0,5.0
ID1813,2015-02-01,13:58:05,Diane,Washing Machine,yes,yes,122.0,137.0,3.0
ID1814,2015-02-01,13:58:05,Becky,Washing Machine,yes,yes,60.0,130.0,1.0
ID1815,2015-02-01,14:16:48,Greg,Air Conditioner,yes,no,58.0,139.0,2.0
ID1816,2015-02-01,14:16:48,Greg,Fridge,yes,yes,84.0,387.0,4.0
ID1817,2015-02-01,14:32:38,Joe,Toaster,no,no,,,
ID1818,2015-02-01,14:32:38,Dan,Toaster,yes,yes,72.0,174.0,2.0
ID1819,2015-02-01,14:35:31,Martha,Television,yes,yes,46.0,181.0,4.0
ID1820,2015-02-01,14:35:31,Martha,Toaster,yes,yes,101.0,284.0,5.0
ID1821,2015-02-01,15:28:48,Jim,Washing Machine,yes,yes,101.0,290.0,2.0
ID1822,2015-02-01,15:28:48,Jim,Fridge,yes,yes,63.0,350.0,1.0
ID1823,2015-02-01,16:14:53,Jim,Toaster,yes,yes,125.0,175.0,1.0
ID1824,2015-02-01,16:14:53,Martha,Toaster,yes,yes,44.0,40.0,5.0
ID1825,2015-02-01,16:22:05,Martha,Television,yes,yes,16.0,135.0,5.0
ID1826,2015-02-01,16:22:05,Dan,Air Conditioner,yes,yes,31.0,210.0,4.0
ID1827,2015-02-01,16:22:05,Dan,Fridge,yes,yes,114.0,44.0,5.0
ID1828,2015-02-01,16:22:05,Greg,Washing Machine,yes,yes,10.0,201.0,2.0
ID1829,2015-02-01,16:46:34,Greg,Television,yes,yes,105.0,272.0,3.0
ID1830,2015-02-01,16:46:34,Greg,Toaster,no,no,,,
ID1831,2015-02-01,17:12:29,Dan,Fridge,yes,yes,120.0,141.0,4.0
ID1832,2015-02-01,17:12:29,Joe,Toaster,no,no,,,
ID1833,2015-02-01,17:24:00,Stewart,Air Conditioner,no,no,,,
ID1834,2015-02-01,17:24:00,Greg,Toaster,no,no,,,
ID1835,2015-02-01,17:34:05,Jim,Air Conditioner,yes,yes,51.0,269.0,5.0
ID1836,2015-02-01,17:34:05,Stewart,Air Conditioner,yes,yes,124.0,378.0,3.0
ID1837,2015-02-01,17:38:24,Dan,Toaster,yes,no,22.0,108.0,4.0
ID1838,2015-02-01,17:38:24,Martha,Toaster,yes,no,29.0,260.0,3.0
ID1839,2015-02-01,17:39:50,Becky,Air Conditioner,yes,yes,125.0,143.0,4.0
ID1840,2015-02-01,17:39:50,Jim,Washing Machine,yes,yes,54.0,308.0,4.0
ID1841,2015-02-01,17:48:29,Martha,Air Conditioner,yes,yes,45.0,368.0,3.0
ID1842,2015-02-01,17:48:29,Diane,Fridge,yes,yes,101.0,115.0,5.0
ID1843,2015-02-01,17:57:07,Diane,Washing Machine,yes,yes,80.0,233.0,3.0
ID1844,2015-02-01,17:57:07,Diane,Television,no,no,,,
ID1845,2015-02-02,09:20:10,Joe,Toaster,yes,yes,118.0,236.0,5.0
ID1846,2015-02-02,09:20:10,Greg,Television,yes,yes,13.0,371.0,5.0
ID1847,2015-02-02,09:44:38,Dan,Television,yes,yes,64.0,87.0,5.0
ID1848,2015-02-02,09:44:38,Jim,Washing Machine,yes,yes,39.0,418.0,4.0
ID1849,2015-02-02,09:54:43,Joe,Fridge,no,no,,,
ID1850,2015-02-02,09:54:43,Stewart,Washing Machine,no,no,,,
ID1851,2015-02-02,09:57:36,Martha,Television,no,no,,,
ID1852,2015-02-02,09:57:36,Stewart,Television,yes,yes,35.0,63.0,4.0
ID1853,2015-02-02,10:35:02,Joe,Washing Machine,yes,no,105.0,308.0,4.0
ID1854,2015-02-02,10:35:02,Stewart,Fridge,yes,yes,60.0,93.0,2.0
ID1855,2015-02-02,11:05:17,Stewart,Washing Machine,yes,yes,13.0,113.0,1.0
ID1856,2015-02-02,11:05:17,Becky,Air Conditioner,yes,yes,25.0,298.0,5.0
ID1857,2015-02-02,11:18:14,Becky,Television,yes,yes,102.0,397.0,4.0
ID1858,2015-02-02,11:18:14,Jim,Washing Machine,yes,yes,88.0,370.0,3.0
ID1859,2015-02-02,13:06:14,Becky,Television,yes,yes,40.0,102.0,5.0
ID1860,2015-02-02,13:06:14,Joe,Washing Machine,no,no,,,
ID1861,2015-02-02,13:23:31,Dan,Television,yes,yes,75.0,180.0,5.0
ID1862,2015-02-02,13:23:31,Stewart,Toaster,yes,no,35.0,195.0,4.0
ID1863,2015-02-02,13:46:34,Greg,Toaster,no,no,,,
ID1864,2015-02-02,13:46:34,Greg,Toaster,yes,yes,21.0,163.0,2.0
ID1865,2015-02-02,13:46:34,Diane,Television,no,no,,,
ID1866,2015-02-02,13:46:34,Greg,Fridge,yes,yes,49.0,256.0,3.0
ID1867,2015-02-02,14:00:58,Joe,Fridge,yes,yes,81.0,356.0,4.0
ID1868,2015-02-02,14:00:58,Becky,Washing Machine,yes,yes,48.0,78.0,4.0
ID1869,2015-02-02,15:30:14,Greg,Television,yes,yes,103.0,251.0,5.0
ID1870,2015-02-02,15:30:14,Stewart,Toaster,yes,yes,63.0,385.0,4.0
ID1871,2015-02-02,15:34:34,Greg,Fridge,yes,yes,89.0,312.0,4.0
ID1872,2015-02-02,15:34:34,Dan,Fridge,yes,yes,115.0,192.0,4.0
ID1873,2015-02-02,15:48:58,Stewart,Television,yes,yes,88.0,359.0,1.0
ID1874,2015-02-02,15:48:58,Diane,Television,yes,yes,91.0,385.0,5.0
ID1875,2015-02-02,16:45:07,Dan,Television,yes,yes,78.0,215.0,4.0
ID1876,2015-02-02,16:45:07,Martha,Washing Machine,yes,yes,91.0,129.0,3.0
ID1877,2015-02-02,16:52:19,Joe,Television,yes,yes,102.0,160.0,3.0
ID1878,2015-02-02,16:52:19,Martha,Air Conditioner,no,no,,,
ID1879,2015-02-02,17:11:02,Greg,Television,yes,yes,24.0,160.0,4.0
ID1880,2015-02-02,17:11:02,Stewart,Toaster,no,no,,,
ID1881,2015-02-03,09:25:55,Joe,Air Conditioner,yes,yes,19.0,110.0,1.0
ID1882,2015-02-03,09:25:55,Jim,Television,yes,yes,47.0,52.0,4.0
ID1883,2015-02-03,09:28:48,Greg,Fridge,yes,yes,61.0,203.0,4.0
ID1884,2015-02-03,09:28:48,Greg,Fridge,yes,yes,73.0,334.0,5.0
ID1885,2015-02-03,09:36:00,Stewart,Air Conditioner,yes,yes,67.0,316.0,5.0
ID1886,2015-02-03,09:36:00,Greg,Television,yes,yes,22.0,397.0,1.0
ID1887,2015-02-03,09:41:46,Becky,Washing Machine,yes,yes,86.0,44.0,5.0
ID1888,2015-02-03,09:41:46,Diane,Television,no,no,,,
ID1889,2015-02-03,09:48:58,Greg,Television,no,no,,,
ID1890,2015-02-03,09:48:58,Diane,Washing Machine,no,no,,,
ID1891,2015-02-03,10:09:07,Dan,Television,no,no,,,
ID1892,2015-02-03,10:09:07,Jim,Fridge,yes,yes,46.0,224.0,4.0
ID1893,2015-02-03,10:16:19,Greg,Washing Machine,yes,yes,81.0,116.0,4.0
ID1894,2015-02-03,10:16:19,Joe,Fridge,yes,yes,20.0,156.0,3.0
ID1895,2015-02-03,10:20:38,Diane,Television,yes,yes,85.0,370.0,1.0
ID1896,2015-02-03,10:20:38,Dan,Television,yes,yes,91.0,251.0,4.0
ID1897,2015-02-03,10:45:07,Dan,Washing Machine,no,no,,,
ID1898,2015-02-03,10:45:07,Diane,Toaster,yes,yes,87.0,253.0,4.0
ID1899,2015-02-03,10:50:53,Greg,Washing Machine,no,no,,,
ID1900,2015-02-03,10:50:53,Martha,Fridge,yes,yes,41.0,413.0,4.0
ID1901,2015-02-03,11:12:29,Dan,Washing Machine,yes,yes,20.0,417.0,4.0
ID1902,2015-02-03,11:12:29,Martha,Toaster,yes,yes,14.0,263.0,4.0
ID1903,2015-02-03,11:13:55,Becky,Fridge,yes,no,107.0,76.0,4.0
ID1904,2015-02-03,11:13:55,Dan,Television,no,no,,,
ID1905,2015-02-03,11:34:05,Martha,Air Conditioner,no,no,,,
ID1906,2015-02-03,11:34:05,Dan,Television,yes,no,27.0,48.0,1.0
ID1907,2015-02-03,11:48:29,Stewart,Television,yes,yes,119.0,282.0,4.0
ID1908,2015-02-03,11:48:29,Jim,Washing Machine,yes,yes,55.0,144.0,1.0
ID1909,2015-02-03,12:01:26,Greg,Toaster,yes,yes,62.0,290.0,3.0
ID1910,2015-02-03,12:01:26,Jim,Air Conditioner,yes,yes,105.0,198.0,3.0
ID1911,2015-02-03,12:40:19,Martha,Washing Machine,yes,yes,16.0,332.0,5.0
ID1912,2015-02-03,12:40:19,Diane,Air Conditioner,no,no,,,
ID1913,2015-02-03,12:44:38,Jim,Air Conditioner,yes,yes,23.0,219.0,1.0
ID1914,2015-02-03,12:44:38,Joe,Fridge,no,no,,,
ID1915,2015-02-03,12:53:17,Diane,Toaster,yes,yes,89.0,272.0,5.0
ID1916,2015-02-03,12:53:17,Diane,Air Conditioner,yes,yes,53.0,96.0,5.0
ID1917,2015-02-03,12:57:36,Diane,Washing Machine,yes,no,104.0,108.0,3.0
ID1918,2015-02-03,12:57:36,Jim,Toaster,yes,yes,78.0,162.0,2.0
ID1919,2015-02-03,13:01:55,Stewart,Air Conditioner,yes,yes,92.0,290.0,2.0
ID1920,2015-02-03,13:01:55,Martha,Television,yes,yes,107.0,133.0,4.0
ID1921,2015-02-03,13:32:10,Greg,Television,no,no,,,
ID1922,2015-02-03,13:32:10,Dan,Fridge,no,no,,,
ID1923,2015-02-03,13:33:36,Diane,Washing Machine,yes,yes,116.0,149.0,3.0
ID1924,2015-02-03,13:33:36,Jim,Television,no,no,,,
ID1925,2015-02-03,13:40:48,Dan,Air Conditioner,yes,yes,101.0,174.0,3.0
ID1926,2015-02-03,13:40:48,Joe,Fridge,yes,yes,41.0,213.0,2.0
ID1927,2015-02-03,13:43:41,Martha,Washing Machine,yes,no,102.0,360.0,2.0
ID1928,2015-02-03,13:43:41,Jim,Fridge,yes,yes,94.0,76.0,2.0
ID1929,2015-02-03,13:49:26,Martha,Toaster,yes,yes,72.0,307.0,2.0
ID1930,2015-02-03,13:49:26,Greg,Washing Machine,yes,yes,30.0,304.0,4.0
ID1931,2015-02-03,13:50:53,Joe,Air Conditioner,yes,yes,58.0,63.0,4.0
ID1932,2015-02-03,13:50:53,Martha,Washing Machine,yes,yes,57.0,123.0,1.0
ID1933,2015-02-03,14:45:36,Stewart,Air Conditioner,yes,yes,113.0,409.0,4.0
ID1934,2015-02-03,14:45:36,Becky,Toaster,yes,yes,59.0,418.0,1.0
ID1935,2015-02-03,14:58:34,Martha,Air Conditioner,yes,no,121.0,84.0,4.0
ID1936,2015-02-03,14:58:34,Joe,Fridge,yes,yes,78.0,66.0,3.0
ID1937,2015-02-03,15:24:29,Greg,Washing Machine,yes,yes,66.0,328.0,5.0
ID1938,2015-02-03,15:24:29,Jim,Fridge,yes,yes,10.0,302.0,4.0
ID1939,2015-02-03,15:34:34,Jim,Washing Machine,yes,yes,15.0,256.0,1.0
ID1940,2015-02-03,15:34:34,Greg,Air Conditioner,yes,yes,81.0,351.0,4.0
ID1941,2015-02-03,16:32:10,Becky,Television,yes,no,115.0,195.0,3.0
ID1942,2015-02-03,16:32:10,Martha,Washing Machine,yes,yes,17.0,62.0,3.0
ID1943,2015-02-03,16:39:22,Diane,Television,yes,yes,20.0,185.0,4.0
ID1944,2015-02-03,16:39:22,Dan,Fridge,yes,yes,26.0,242.0,3.0
ID1945,2015-02-03,16:48:00,Martha,Toaster,yes,yes,98.0,188.0,5.0
ID1946,2015-02-03,16:48:00,Joe,Toaster,yes,yes,53.0,161.0,3.0
ID1947,2015-02-03,16:58:05,Stewart,Fridge,yes,yes,14.0,336.0,4.0
ID1948,2015-02-03,16:58:05,Diane,Television,no,no,,,
ID1949,2015-02-03,17:03:50,Greg,Television,yes,yes,47.0,249.0,3.0
ID1950,2015-02-03,17:03:50,Stewart,Toaster,no,no,,,
ID1951,2015-02-03,17:06:43,Stewart,Toaster,yes,yes,109.0,83.0,5.0
ID1952,2015-02-03,17:06:43,Greg,Air Conditioner,yes,yes,82.0,247.0,1.0
ID1953,2015-02-03,17:44:10,Dan,Air Conditioner,yes,yes,58.0,298.0,3.0
ID1954,2015-02-03,17:44:10,Greg,Fridge,yes,yes,94.0,233.0,2.0
ID1955,2015-02-04,09:11:31,Greg,Fridge,no,no,,,
ID1956,2015-02-04,09:11:31,Dan,Television,yes,yes,32.0,412.0,4.0
ID1957,2015-02-04,09:36:00,Stewart,Washing Machine,yes,yes,102.0,321.0,4.0
ID1958,2015-02-04,09:36:00,Diane,Air Conditioner,no,no,,,
ID1959,2015-02-04,09:56:10,Martha,Fridge,no,no,,,
ID1960,2015-02-04,09:56:10,Dan,Washing Machine,yes,yes,36.0,405.0,1.0
ID1961,2015-02-04,10:04:48,Greg,Toaster,yes,yes,41.0,346.0,5.0
ID1962,2015-02-04,10:04:48,Greg,Air Conditioner,yes,yes,117.0,416.0,5.0
ID1963,2015-02-04,10:09:07,Diane,Fridge,yes,yes,118.0,44.0,5.0
ID1964,2015-02-04,10:09:07,Greg,Fridge,yes,yes,41.0,324.0,3.0
ID1965,2015-02-04,10:16:19,Greg,Television,yes,yes,24.0,367.0,3.0
ID1966,2015-02-04,10:16:19,Martha,Washing Machine,yes,yes,105.0,123.0,4.0
ID1967,2015-02-04,10:33:36,Diane,Television,no,no,,,
ID1968,2015-02-04,10:33:36,Becky,Toaster,yes,yes,45.0,304.0,1.0
ID1969,2015-02-04,10:58:05,Becky,Toaster,yes,yes,66.0,331.0,4.0
ID1970,2015-02-04,10:58:05,Joe,Washing Machine,yes,yes,63.0,207.0,3.0
ID1971,2015-02-04,11:02:24,Becky,Fridge,yes,yes,11.0,133.0,4.0
ID1972,2015-02-04,11:02:24,Jim,Washing Machine,no,no,,,
ID1973,2015-02-04,11:39:50,Becky,Washing Machine,yes,yes,31.0,41.0,3.0
ID1974,2015-02-04,11:39:50,Jim,Fridge,yes,yes,60.0,237.0,5.0
ID1975,2015-02-04,11:45:36,Joe,Toaster,no,no,,,
ID1976,2015-02-04,11:45:36,Stewart,Air Conditioner,no,no,,,
ID1977,2015-02-04,12:00:00,Stewart,Washing Machine,yes,yes,105.0,410.0,5.0
ID1978,2015-02-04,12:00:00,Greg,Television,yes,yes,109.0,92.0,5.0
ID1979,2015-02-04,12:04:19,Martha,Toaster,yes,yes,120.0,185.0,3.0
ID1980,2015-02-04,12:04:19,Martha,Toaster,yes,yes,61.0,283.0,3.0
ID1981,2015-02-04,12:14:24,Stewart,Television,yes,yes,44.0,36.0,3.0
ID1982,2015-02-04,12:14:24,Becky,Fridge,yes,yes,17.0,345.0,4.0
ID1983,2015-02-04,12:20:10,Diane,Television,no,no,,,
ID1984,2015-02-04,12:20:10,Stewart,Television,yes,yes,15.0,168.0,4.0
ID1985,2015-02-04,12:20:10,Martha,Air Conditioner,yes,yes,112.0,197.0,4.0
ID1986,2015-02-04,12:20:10,Becky,Air Conditioner,yes,yes,119.0,259.0,3.0
ID1987,2015-02-04,12:36:00,Joe,Air Conditioner,no,no,,,
ID1988,2015-02-04,12:36:00,Joe,Fridge,yes,no,60.0,178.0,5.0
ID1989,2015-02-04,12:38:53,Jim,Washing Machine,yes,yes,24.0,409.0,4.0
ID1990,2015-02-04,12:38:53,Jim,Toaster,yes,yes,83.0,316.0,4.0
ID1991,2015-02-04,13:06:14,Diane,Television,yes,yes,19.0,196.0,3.0
ID1992,2015-02-04,13:06:14,Martha,Washing Machine,yes,yes,125.0,204.0,4.0
ID1993,2015-02-04,13:06:14,Joe,Toaster,yes,no,72.0,315.0,2.0
ID1994,2015-02-04,13:06:14,Diane,Fridge,no,no,,,
ID1995,2015-02-04,13:23:31,Stewart,Television,yes,yes,39.0,252.0,4.0
ID1996,2015-02-04,13:23:31,Stewart,Toaster,no,no,,,
ID1997,2015-02-04,13:53:46,Becky,Washing Machine,yes,yes,125.0,267.0,4.0
ID1998,2015-02-04,13:53:46,Joe,Toaster,yes,yes,124.0,84.0,5.0
ID1999,2015-02-04,14:03:50,Diane,Toaster,yes,yes,105.0,238.0,4.0
ID2000,2015-02-04,14:03:50,Diane,Air Conditioner,no,no,,,
ID2001,2015-02-04,14:47:02,Martha,Toaster,yes,yes,28.0,108.0,5.0
ID2002,2015-02-04,14:47:02,Stewart,Television,yes,yes,82.0,44.0,1.0
ID2003,2015-02-04,14:58:34,Jim,Fridge,no,no,,,
ID2004,2015-02-04,14:58:34,Dan,Television,yes,yes,30.0,132.0,4.0
ID2005,2015-02-04,15:02:53,Becky,Fridge,yes,yes,47.0,188.0,4.0
ID2006,2015-02-04,15:02:53,Jim,Fridge,yes,yes,124.0,361.0,1.0
ID2007,2015-02-04,15:34:34,Martha,Air Conditioner,yes,yes,113.0,280.0,4.0
ID2008,2015-02-04,15:34:34,Jim,Television,no,no,,,
ID2009,2015-02-04,15:46:05,Diane,Toaster,no,no,,,
ID2010,2015-02-04,15:46:05,Stewart,Fridge,yes,yes,112.0,283.0,5.0
ID2011,2015-02-04,15:47:31,Jim,Fridge,yes,yes,17.0,290.0,3.0
ID2012,2015-02-04,15:47:31,Joe,Air Conditioner,no,no,,,
ID2013,2015-02-04,16:16:19,Diane,Fridge,yes,yes,82.0,364.0,2.0
ID2014,2015-02-04,16:16:19,Diane,Fridge,yes,yes,50.0,319.0,2.0
ID2015,2015-02-04,16:29:17,Diane,Air Conditioner,yes,no,84.0,61.0,3.0
ID2016,2015-02-04,16:29:17,Martha,Toaster,yes,yes,12.0,328.0,3.0
ID2017,2015-02-04,17:00:58,Stewart,Washing Machine,yes,yes,80.0,100.0,2.0
ID2018,2015-02-04,17:00:58,Becky,Air Conditioner,yes,yes,51.0,137.0,3.0
ID2019,2015-02-04,17:09:36,Diane,Toaster,yes,yes,90.0,188.0,5.0
ID2020,2015-02-04,17:09:36,Greg,Washing Machine,yes,yes,40.0,252.0,4.0
ID2021,2015-02-04,17:44:10,Becky,Air Conditioner,yes,no,59.0,63.0,3.0
ID2022,2015-02-04,17:44:10,Joe,Fridge,yes,yes,53.0,381.0,4.0
ID2023,2015-02-04,17:47:02,Martha,Washing Machine,yes,yes,14.0,160.0,5.0
ID2024,2015-02-04,17:47:02,Jim,Television,yes,yes,89.0,384.0,4.0
ID2025,2015-02-04,17:57:07,Becky,Air Conditioner,yes,yes,22.0,175.0,1.0
ID2026,2015-02-04,17:57:07,Martha,Air Conditioner,no,no,,,
ID2027,2015-02-05,09:15:50,Joe,Washing Machine,yes,yes,67.0,241.0,3.0
ID2028,2015-02-05,09:15:50,Diane,Television,yes,yes,28.0,309.0,1.0
ID2029,2015-02-05,09:27:22,Greg,Air Conditioner,no,no,,,
ID2030,2015-02-05,09:27:22,Jim,Washing Machine,no,no,,,
ID2031,2015-02-05,09:37:26,Dan,Washing Machine,yes,yes,15.0,115.0,5.0
ID2032,2015-02-05,09:37:26,Martha,Television,no,no,,,
ID2033,2015-02-05,09:37:26,Martha,Toaster,yes,no,48.0,99.0,1.0
ID2034,2015-02-05,09:37:26,Diane,Toaster,yes,yes,27.0,282.0,1.0
ID2035,2015-02-05,09:40:19,Dan,Air Conditioner,yes,yes,99.0,373.0,3.0
ID2036,2015-02-05,09:40:19,Stewart,Toaster,yes,yes,33.0,411.0,3.0
ID2037,2015-02-05,10:17:46,Greg,Television,yes,yes,106.0,267.0,5.0
ID2038,2015-02-05,10:17:46,Jim,Fridge,no,no,,,
ID2039,2015-02-05,10:26:24,Dan,Toaster,yes,yes,121.0,194.0,4.0
ID2040,2015-02-05,10:26:24,Jim,Air Conditioner,yes,yes,36.0,258.0,5.0
ID2041,2015-02-05,10:30:43,Diane,Toaster,yes,yes,54.0,242.0,3.0
ID2042,2015-02-05,10:30:43,Greg,Fridge,yes,yes,55.0,137.0,3.0
ID2043,2015-02-05,10:49:26,Dan,Television,no,no,,,
ID2044,2015-02-05,10:49:26,Joe,Television,yes,yes,61.0,54.0,3.0
ID2045,2015-02-05,11:13:55,Jim,Fridge,yes,no,25.0,211.0,2.0
ID2046,2015-02-05,11:13:55,Martha,Toaster,no,no,,,
ID2047,2015-02-05,11:35:31,Martha,Fridge,yes,yes,84.0,99.0,4.0
ID2048,2015-02-05,11:35:31,Becky,Toaster,yes,yes,36.0,310.0,4.0
ID2049,2015-02-05,11:39:50,Stewart,Television,yes,yes,123.0,198.0,3.0
ID2050,2015-02-05,11:39:50,Joe,Toaster,yes,yes,50.0,415.0,1.0
ID2051,2015-02-05,11:42:43,Dan,Fridge,no,no,,,
ID2052,2015-02-05,11:42:43,Jim,Washing Machine,yes,yes,69.0,143.0,4.0
ID2053,2015-02-05,11:48:29,Jim,Television,yes,yes,62.0,211.0,3.0
ID2054,2015-02-05,11:48:29,Stewart,Television,yes,yes,39.0,90.0,3.0
ID2055,2015-02-05,11:49:55,Martha,Toaster,yes,yes,61.0,305.0,5.0
ID2056,2015-02-05,11:49:55,Martha,Fridge,yes,yes,45.0,185.0,3.0
ID2057,2015-02-05,11:49:55,Joe,Air Conditioner,yes,yes,109.0,311.0,4.0
ID2058,2015-02-05,11:49:55,Greg,Fridge,no,no,,,
ID2059,2015-02-05,11:51:22,Martha,Television,yes,yes,41.0,82.0,5.0
ID2060,2015-02-05,11:51:22,Greg,Television,yes,yes,10.0,314.0,3.0
ID2061,2015-02-05,12:11:31,Stewart,Washing Machine,yes,yes,23.0,215.0,1.0
ID2062,2015-02-05,12:11:31,Martha,Fridge,yes,yes,22.0,280.0,4.0
ID2063,2015-02-05,13:07:41,Diane,Washing Machine,yes,no,75.0,111.0,5.0
ID2064,2015-02-05,13:07:41,Dan,Toaster,yes,yes,93.0,277.0,3.0
ID2065,2015-02-05,13:17:46,Jim,Television,yes,yes,106.0,228.0,4.0
ID2066,2015-02-05,13:17:46,Joe,Television,yes,yes,117.0,231.0,3.0
ID2067,2015-02-05,13:43:41,Jim,Toaster,yes,no,74.0,161.0,1.0
ID2068,2015-02-05,13:43:41,Becky,Air Conditioner,yes,yes,68.0,67.0,3.0
ID2069,2015-02-05,14:13:55,Greg,Fridge,yes,yes,107.0,337.0,3.0
ID2070,2015-02-05,14:13:55,Diane,Washing Machine,yes,yes,119.0,57.0,1.0
ID2071,2015-02-05,14:26:53,Dan,Toaster,no,no,,,
ID2072,2015-02-05,14:26:53,Stewart,Television,yes,yes,123.0,255.0,2.0
ID2073,2015-02-05,14:32:38,Jim,Fridge,yes,yes,103.0,131.0,2.0
ID2074,2015-02-05,14:32:38,Martha,Television,yes,yes,113.0,37.0,5.0
ID2075,2015-02-05,14:35:31,Greg,Air Conditioner,yes,no,116.0,315.0,4.0
ID2076,2015-02-05,14:35:31,Stewart,Fridge,yes,no,39.0,136.0,1.0
ID2077,2015-02-05,14:47:02,Becky,Fridge,yes,yes,78.0,372.0,3.0
ID2078,2015-02-05,14:47:02,Martha,Air Conditioner,yes,yes,120.0,310.0,3.0
ID2079,2015-02-05,14:57:07,Joe,Washing Machine,yes,yes,118.0,173.0,3.0
ID2080,2015-02-05,14:57:07,Dan,Washing Machine,yes,yes,103.0,285.0,3.0
ID2081,2015-02-05,15:14:24,Jim,Fridge,yes,yes,96.0,298.0,4.0
ID2082,2015-02-05,15:14:24,Becky,Toaster,yes,yes,105.0,214.0,4.0
ID2083,2015-02-05,15:41:46,Joe,Toaster,yes,yes,12.0,177.0,2.0
ID2084,2015-02-05,15:41:46,Martha,Fridge,no,no,,,
ID2085,2015-02-05,16:04:48,Martha,Air Conditioner,yes,yes,61.0,192.0,2.0
ID2086,2015-02-05,16:04:48,Martha,Fridge,yes,yes,82.0,414.0,1.0
ID2087,2015-02-05,16:17:46,Greg,Air Conditioner,yes,yes,51.0,62.0,2.0
ID2088,2015-02-05,16:17:46,Becky,Fridge,yes,yes,25.0,403.0,5.0
ID2089,2015-02-05,16:23:31,Jim,Air Conditioner,yes,yes,30.0,34.0,4.0
ID2090,2015-02-05,16:23:31,Martha,Air Conditioner,no,no,,,
ID2091,2015-02-05,16:55:12,Stewart,Washing Machine,yes,yes,90.0,118.0,3.0
ID2092,2015-02-05,16:55:12,Dan,Fridge,no,no,,,
ID2093,2015-02-05,17:21:07,Diane,Washing Machine,yes,yes,12.0,104.0,3.0
ID2094,2015-02-05,17:21:07,Jim,Fridge,no,no,,,
ID2095,2015-02-05,17:39:50,Martha,Washing Machine,no,no,,,
ID2096,2015-02-05,17:39:50,Jim,Air Conditioner,no,no,,,
ID2097,2015-02-05,17:44:10,Becky,Air Conditioner,yes,yes,50.0,315.0,3.0
ID2098,2015-02-05,17:44:10,Diane,Air Conditioner,yes,yes,125.0,50.0,3.0
ID2099,2015-02-06,09:23:02,Jim,Fridge,yes,yes,118.0,109.0,4.0
ID2100,2015-02-06,09:23:02,Martha,Television,yes,no,46.0,93.0,5.0
ID2101,2015-02-06,09:57:36,Jim,Air Conditioner,yes,yes,92.0,235.0,4.0
ID2102,2015-02-06,09:57:36,Becky,Toaster,yes,yes,23.0,146.0,3.0
ID2103,2015-02-06,09:59:02,Becky,Washing Machine,yes,yes,108.0,222.0,2.0
ID2104,2015-02-06,09:59:02,Diane,Television,yes,yes,122.0,200.0,4.0
ID2105,2015-02-06,10:46:34,Joe,Air Conditioner,yes,yes,27.0,37.0,4.0
ID2106,2015-02-06,10:46:34,Becky,Fridge,yes,yes,116.0,82.0,4.0
ID2107,2015-02-06,10:48:00,Greg,Toaster,yes,yes,120.0,381.0,3.0
ID2108,2015-02-06,10:48:00,Greg,Air Conditioner,yes,yes,55.0,50.0,5.0
ID2109,2015-02-06,11:02:24,Diane,Television,yes,yes,46.0,260.0,4.0
ID2110,2015-02-06,11:02:24,Stewart,Washing Machine,no,no,,,
ID2111,2015-02-06,11:25:26,Jim,Television,yes,yes,78.0,221.0,2.0
ID2112,2015-02-06,11:25:26,Greg,Toaster,yes,yes,76.0,171.0,3.0
ID2113,2015-02-06,11:32:38,Becky,Washing Machine,yes,yes,15.0,383.0,5.0
ID2114,2015-02-06,11:32:38,Becky,Fridge,no,no,,,
ID2115,2015-02-06,11:38:24,Dan,Air Conditioner,yes,yes,15.0,382.0,1.0
ID2116,2015-02-06,11:38:24,Becky,Toaster,no,no,,,
ID2117,2015-02-06,11:55:41,Becky,Fridge,yes,yes,82.0,122.0,4.0
ID2118,2015-02-06,11:55:41,Greg,Fridge,yes,yes,59.0,347.0,1.0
ID2119,2015-02-06,12:02:53,Dan,Television,yes,yes,41.0,49.0,4.0
ID2120,2015-02-06,12:02:53,Martha,Television,yes,yes,39.0,267.0,3.0
ID2121,2015-02-06,12:12:58,Martha,Toaster,no,no,,,
ID2122,2015-02-06,12:12:58,Martha,Fridge,yes,yes,108.0,228.0,4.0
ID2123,2015-02-06,12:33:07,Stewart,Toaster,yes,yes,48.0,155.0,4.0
ID2124,2015-02-06,12:33:07,Greg,Toaster,yes,yes,106.0,103.0,5.0
ID2125,2015-02-06,12:53:17,Becky,Air Conditioner,yes,yes,100.0,143.0,1.0
ID2126,2015-02-06,12:53:17,Jim,Air Conditioner,yes,yes,109.0,185.0,2.0
ID2127,2015-02-06,13:03:22,Diane,Television,no,no,,,
ID2128,2015-02-06,13:03:22,Becky,Television,yes,no,26.0,210.0,3.0
ID2129,2015-02-06,13:39:22,Dan,Air Conditioner,yes,yes,96.0,350.0,4.0
ID2130,2015-02-06,13:39:22,Greg,Television,yes,yes,23.0,355.0,5.0
ID2131,2015-02-06,13:43:41,Martha,Toaster,no,no,,,
ID2132,2015-02-06,13:43:41,Diane,Toaster,yes,yes,123.0,164.0,3.0
ID2133,2015-02-06,14:52:48,Dan,Air Conditioner,no,no,,,
ID2134,2015-02-06,14:52:48,Dan,Washing Machine,yes,yes,55.0,248.0,5.0
ID2135,2015-02-06,14:55:41,Becky,Air Conditioner,yes,yes,44.0,394.0,4.0
ID2136,2015-02-06,14:55:41,Diane,Toaster,yes,yes,73.0,314.0,1.0
ID2137,2015-02-06,15:53:17,Stewart,Toaster,yes,yes,63.0,410.0,3.0
ID2138,2015-02-06,15:53:17,Diane,Toaster,no,no,,,
ID2139,2015-02-06,16:45:07,Dan,Fridge,yes,yes,82.0,144.0,2.0
ID2140,2015-02-06,16:45:07,Greg,Washing Machine,yes,yes,113.0,376.0,4.0
ID2141,2015-02-06,17:02:24,Greg,Air Conditioner,yes,no,57.0,371.0,4.0
ID2142,2015-02-06,17:02:24,Stewart,Television,yes,yes,63.0,87.0,1.0
ID2143,2015-02-06,17:31:12,Diane,Fridge,yes,yes,120.0,313.0,4.0
ID2144,2015-02-06,17:31:12,Jim,Air Conditioner,yes,yes,68.0,341.0,5.0
ID2145,2015-02-06,17:35:31,Martha,Washing Machine,yes,yes,31.0,135.0,3.0
ID2146,2015-02-06,17:35:31,Becky,Television,yes,yes,44.0,305.0,3.0
ID2147,2015-02-06,17:35:31,Becky,Toaster,yes,yes,84.0,213.0,5.0
ID2148,2015-02-06,17:35:31,Greg,Air Conditioner,yes,yes,79.0,288.0,5.0
ID2149,2015-02-07,09:10:05,Diane,Fridge,yes,yes,71.0,411.0,3.0
ID2150,2015-02-07,09:10:05,Jim,Fridge,yes,yes,94.0,137.0,3.0
ID2151,2015-02-07,09:28:48,Martha,Air Conditioner,no,no,,,
ID2152,2015-02-07,09:28:48,Dan,Toaster,yes,yes,11.0,409.0,5.0
ID2153,2015-02-07,09:30:14,Greg,Television,yes,yes,51.0,375.0,1.0
ID2154,2015-02-07,09:30:14,Martha,Television,yes,no,12.0,363.0,3.0
ID2155,2015-02-07,10:00:29,Jim,Fridge,yes,yes,16.0,321.0,4.0
ID2156,2015-02-07,10:00:29,Becky,Toaster,no,no,,,
ID2157,2015-02-07,10:06:14,Jim,Television,yes,yes,54.0,260.0,3.0
ID2158,2015-02-07,10:06:14,Martha,Fridge,yes,yes,106.0,246.0,3.0
ID2159,2015-02-07,10:13:26,Diane,Toaster,no,no,,,
ID2160,2015-02-07,10:13:26,Martha,Fridge,yes,yes,13.0,69.0,3.0
ID2161,2015-02-07,10:42:14,Joe,Television,yes,no,97.0,196.0,4.0
ID2162,2015-02-07,10:42:14,Martha,Washing Machine,yes,yes,124.0,294.0,4.0
ID2163,2015-02-07,10:56:38,Dan,Air Conditioner,yes,yes,46.0,252.0,3.0
ID2164,2015-02-07,10:56:38,Martha,Television,yes,yes,53.0,396.0,4.0
ID2165,2015-02-07,11:24:00,Becky,Toaster,yes,yes,51.0,361.0,2.0
ID2166,2015-02-07,11:24:00,Diane,Air Conditioner,yes,yes,51.0,57.0,5.0
ID2167,2015-02-07,11:24:00,Becky,Washing Machine,yes,yes,30.0,118.0,4.0
ID2168,2015-02-07,11:24:00,Greg,Television,yes,yes,51.0,383.0,5.0
ID2169,2015-02-07,11:25:26,Becky,Fridge,yes,yes,45.0,159.0,1.0
ID2170,2015-02-07,11:25:26,Diane,Washing Machine,yes,yes,43.0,386.0,5.0
ID2171,2015-02-07,12:48:58,Greg,Air Conditioner,yes,yes,51.0,74.0,4.0
ID2172,2015-02-07,12:48:58,Becky,Washing Machine,yes,yes,99.0,246.0,4.0
ID2173,2015-02-07,13:00:29,Greg,Fridge,yes,yes,94.0,109.0,5.0
ID2174,2015-02-07,13:00:29,Stewart,Air Conditioner,yes,yes,11.0,79.0,2.0
ID2175,2015-02-07,13:04:48,Diane,Air Conditioner,yes,yes,120.0,40.0,3.0
ID2176,2015-02-07,13:04:48,Stewart,Fridge,yes,yes,70.0,392.0,3.0
ID2177,2015-02-07,13:48:00,Becky,Toaster,yes,yes,111.0,404.0,5.0
ID2178,2015-02-07,13:48:00,Martha,Air Conditioner,yes,yes,85.0,283.0,1.0
ID2179,2015-02-07,13:52:19,Diane,Air Conditioner,yes,no,58.0,91.0,2.0
ID2180,2015-02-07,13:52:19,Dan,Fridge,no,no,,,
ID2181,2015-02-07,14:08:10,Greg,Toaster,yes,yes,14.0,197.0,4.0
ID2182,2015-02-07,14:08:10,Martha,Toaster,yes,yes,40.0,267.0,4.0
ID2183,2015-02-07,14:09:36,Jim,Washing Machine,yes,yes,51.0,313.0,3.0
ID2184,2015-02-07,14:09:36,Greg,Television,yes,no,16.0,347.0,3.0
ID2185,2015-02-07,14:21:07,Greg,Washing Machine,yes,yes,27.0,233.0,3.0
ID2186,2015-02-07,14:21:07,Martha,Washing Machine,yes,yes,14.0,388.0,1.0
ID2187,2015-02-07,15:20:10,Martha,Toaster,yes,yes,105.0,257.0,4.0
ID2188,2015-02-07,15:20:10,Diane,Television,yes,yes,77.0,64.0,4.0
ID2189,2015-02-07,16:09:07,Greg,Toaster,yes,no,71.0,207.0,3.0
ID2190,2015-02-07,16:09:07,Dan,Toaster,yes,yes,105.0,256.0,4.0
ID2191,2015-02-07,16:19:12,Stewart,Fridge,yes,yes,107.0,342.0,4.0
ID2192,2015-02-07,16:19:12,Martha,Air Conditioner,no,no,,,
ID2193,2015-02-07,16:30:43,Becky,Fridge,yes,yes,53.0,234.0,2.0
ID2194,2015-02-07,16:30:43,Joe,Washing Machine,yes,yes,109.0,219.0,4.0
ID2195,2015-02-07,16:30:43,Becky,Air Conditioner,yes,yes,18.0,256.0,4.0
ID2196,2015-02-07,16:30:43,Dan,Fridge,yes,yes,34.0,207.0,3.0
ID2197,2015-02-07,16:35:02,Jim,Toaster,no,no,,,
ID2198,2015-02-07,16:35:02,Martha,Washing Machine,yes,yes,102.0,343.0,2.0
ID2199,2015-02-07,16:39:22,Martha,Toaster,no,no,,,
ID2200,2015-02-07,16:39:22,Becky,Toaster,no,no,,,
ID2201,2015-02-07,16:43:41,Stewart,Toaster,yes,yes,111.0,80.0,5.0
ID2202,2015-02-07,16:43:41,Greg,Fridge,yes,yes,81.0,254.0,4.0
ID2203,2015-02-07,17:25:26,Diane,Fridge,yes,yes,97.0,313.0,3.0
ID2204,2015-02-07,17:25:26,Greg,Washing Machine,no,no,,,
ID2205,2015-02-08,09:00:00,Jim,Fridge,no,no,,,
ID2206,2015-02-08,09:00:00,Becky,Washing Machine,yes,yes,17.0,349.0,4.0
ID2207,2015-02-08,09:15:50,Becky,Fridge,yes,yes,116.0,244.0,4.0
ID2208,2015-02-08,09:15:50,Joe,Toaster,yes,yes,112.0,282.0,3.0
ID2209,2015-02-08,09:23:02,Diane,Fridge,yes,yes,40.0,399.0,1.0
ID2210,2015-02-08,09:23:02,Becky,Fridge,yes,yes,120.0,161.0,5.0
ID2211,2015-02-08,10:07:41,Joe,Toaster,yes,yes,24.0,61.0,4.0
ID2212,2015-02-08,10:07:41,Diane,Washing Machine,no,no,,,
ID2213,2015-02-08,10:32:10,Stewart,Air Conditioner,yes,yes,122.0,169.0,3.0
ID2214,2015-02-08,10:32:10,Stewart,Television,yes,yes,21.0,367.0,3.0
ID2215,2015-02-08,12:11:31,Dan,Washing Machine,yes,yes,16.0,312.0,5.0
ID2216,2015-02-08,12:11:31,Stewart,Television,no,no,,,
ID2217,2015-02-08,13:09:07,Greg,Television,yes,yes,65.0,373.0,4.0
ID2218,2015-02-08,13:09:07,Martha,Washing Machine,no,no,,,
ID2219,2015-02-08,13:23:31,Martha,Television,yes,no,111.0,318.0,1.0
ID2220,2015-02-08,13:23:31,Stewart,Washing Machine,yes,yes,81.0,55.0,2.0
ID2221,2015-02-08,14:15:22,Diane,Air Conditioner,no,no,,,
ID2222,2015-02-08,14:15:22,Martha,Air Conditioner,yes,yes,85.0,275.0,3.0
ID2223,2015-02-08,14:24:00,Martha,Air Conditioner,yes,yes,109.0,354.0,4.0
ID2224,2015-02-08,14:24:00,Becky,Television,yes,no,71.0,99.0,4.0
ID2225,2015-02-08,14:26:53,Diane,Fridge,yes,yes,50.0,128.0,3.0
ID2226,2015-02-08,14:26:53,Greg,Toaster,yes,yes,66.0,63.0,3.0
ID2227,2015-02-08,14:34:05,Becky,Television,yes,yes,36.0,156.0,5.0
ID2228,2015-02-08,14:34:05,Joe,Television,yes,yes,57.0,236.0,2.0
ID2229,2015-02-08,14:38:24,Greg,Air Conditioner,yes,yes,124.0,251.0,5.0
ID2230,2015-02-08,14:38:24,Martha,Washing Machine,yes,yes,57.0,150.0,1.0
ID2231,2015-02-08,14:55:41,Becky,Toaster,no,no,,,
ID2232,2015-02-08,14:55:41,Jim,Toaster,yes,yes,51.0,308.0,5.0
ID2233,2015-02-08,16:13:26,Diane,Toaster,yes,yes,119.0,406.0,3.0
ID2234,2015-02-08,16:13:26,Diane,Television,yes,yes,62.0,286.0,3.0
ID2235,2015-02-08,16:17:46,Joe,Washing Machine,yes,yes,70.0,192.0,5.0
ID2236,2015-02-08,16:17:46,Jim,Washing Machine,yes,yes,30.0,251.0,4.0
ID2237,2015-02-08,16:30:43,Diane,Fridge,yes,yes,17.0,248.0,3.0
ID2238,2015-02-08,16:30:43,Joe,Television,yes,yes,43.0,198.0,3.0
ID2239,2015-02-08,16:45:07,Dan,Air Conditioner,yes,yes,81.0,116.0,5.0
ID2240,2015-02-08,16:45:07,Martha,Fridge,yes,yes,58.0,337.0,3.0
ID2241,2015-02-08,16:46:34,Martha,Washing Machine,yes,yes,59.0,227.0,4.0
ID2242,2015-02-08,16:46:34,Martha,Television,no,no,,,
ID2243,2015-02-08,17:08:10,Martha,Air Conditioner,yes,yes,110.0,317.0,5.0
ID2244,2015-02-08,17:08:10,Diane,Television,yes,yes,91.0,88.0,3.0
ID2245,2015-02-08,17:57:07,Greg,Fridge,yes,yes,12.0,48.0,3.0
ID2246,2015-02-08,17:57:07,Dan,Toaster,yes,yes,38.0,408.0,5.0
ID2247,2015-02-09,09:12:58,Becky,Toaster,yes,yes,83.0,76.0,5.0
ID2248,2015-02-09,09:12:58,Joe,Air Conditioner,yes,yes,31.0,207.0,4.0
ID2249,2015-02-09,09:28:48,Stewart,Television,yes,yes,105.0,32.0,5.0
ID2250,2015-02-09,09:28:48,Diane,Television,yes,yes,98.0,80.0,5.0
ID2251,2015-02-09,10:10:34,Joe,Air Conditioner,yes,yes,56.0,240.0,2.0
ID2252,2015-02-09,10:10:34,Becky,Air Conditioner,yes,yes,83.0,312.0,5.0
ID2253,2015-02-09,10:27:50,Greg,Toaster,yes,yes,42.0,164.0,2.0
ID2254,2015-02-09,10:27:50,Dan,Fridge,yes,yes,59.0,306.0,3.0
ID2255,2015-02-09,10:46:34,Dan,Fridge,yes,yes,62.0,412.0,4.0
ID2256,2015-02-09,10:46:34,Jim,Fridge,yes,yes,63.0,256.0,1.0
ID2257,2015-02-09,11:32:38,Joe,Air Conditioner,yes,yes,108.0,162.0,3.0
ID2258,2015-02-09,11:32:38,Dan,Toaster,yes,no,100.0,405.0,5.0
ID2259,2015-02-09,12:20:10,Martha,Washing Machine,yes,yes,69.0,350.0,3.0
ID2260,2015-02-09,12:20:10,Joe,Fridge,yes,yes,66.0,293.0,2.0
ID2261,2015-02-09,12:28:48,Dan,Toaster,no,no,,,
ID2262,2015-02-09,12:28:48,Stewart,Television,no,no,,,
ID2263,2015-02-09,12:37:26,Dan,Toaster,yes,yes,122.0,47.0,4.0
ID2264,2015-02-09,12:37:26,Dan,Fridge,yes,yes,44.0,325.0,4.0
ID2265,2015-02-09,12:47:31,Becky,Washing Machine,no,no,,,
ID2266,2015-02-09,12:47:31,Greg,Air Conditioner,no,no,,,
ID2267,2015-02-09,12:47:31,Joe,Washing Machine,yes,yes,48.0,331.0,3.0
ID2268,2015-02-09,12:47:31,Dan,Washing Machine,yes,yes,82.0,229.0,1.0
ID2269,2015-02-09,12:50:24,Greg,Television,yes,no,17.0,305.0,2.0
ID2270,2015-02-09,12:50:24,Greg,Toaster,yes,yes,52.0,116.0,5.0
ID2271,2015-02-09,13:00:29,Diane,Fridge,yes,yes,61.0,355.0,5.0
ID2272,2015-02-09,13:00:29,Dan,Fridge,yes,yes,103.0,206.0,4.0
ID2273,2015-02-09,13:06:14,Diane,Fridge,yes,yes,30.0,70.0,4.0
ID2274,2015-02-09,13:06:14,Greg,Air Conditioner,no,no,,,
ID2275,2015-02-09,13:22:05,Jim,Television,yes,yes,21.0,191.0,5.0
ID2276,2015-02-09,13:22:05,Jim,Television,yes,yes,117.0,257.0,5.0
ID2277,2015-02-09,13:29:17,Jim,Fridge,no,no,,,
ID2278,2015-02-09,13:29:17,Joe,Fridge,yes,yes,110.0,392.0,3.0
ID2279,2015-02-09,14:29:46,Becky,Toaster,yes,no,47.0,401.0,3.0
ID2280,2015-02-09,14:29:46,Diane,Television,yes,yes,48.0,123.0,4.0
ID2281,2015-02-09,14:29:46,Martha,Air Conditioner,yes,yes,63.0,210.0,5.0
ID2282,2015-02-09,14:29:46,Joe,Toaster,no,no,,,
ID2283,2015-02-09,15:20:10,Diane,Air Conditioner,no,no,,,
ID2284,2015-02-09,15:20:10,Jim,Fridge,yes,yes,78.0,103.0,3.0
ID2285,2015-02-09,15:54:43,Dan,Fridge,yes,yes,80.0,397.0,5.0
ID2286,2015-02-09,15:54:43,Martha,Air Conditioner,no,no,,,
ID2287,2015-02-09,16:19:12,Martha,Fridge,yes,yes,93.0,87.0,5.0
ID2288,2015-02-09,16:19:12,Greg,Fridge,yes,yes,88.0,95.0,5.0
ID2289,2015-02-09,16:20:38,Joe,Television,yes,yes,14.0,209.0,5.0
ID2290,2015-02-09,16:20:38,Becky,Fridge,yes,yes,59.0,276.0,3.0
ID2291,2015-02-09,16:22:05,Stewart,Air Conditioner,yes,yes,101.0,77.0,2.0
ID2292,2015-02-09,16:22:05,Greg,Television,yes,yes,38.0,43.0,2.0
ID2293,2015-02-09,16:32:10,Jim,Air Conditioner,yes,yes,104.0,153.0,1.0
ID2294,2015-02-09,16:32:10,Stewart,Fridge,yes,yes,29.0,64.0,4.0
ID2295,2015-02-09,16:52:19,Diane,Television,yes,yes,67.0,110.0,2.0
ID2296,2015-02-09,16:52:19,Dan,Fridge,yes,yes,75.0,295.0,5.0
ID2297,2015-02-09,17:03:50,Greg,Toaster,yes,yes,110.0,63.0,1.0
ID2298,2015-02-09,17:03:50,Jim,Television,yes,no,36.0,411.0,2.0
ID2299,2015-02-09,17:29:46,Diane,Washing Machine,yes,yes,96.0,384.0,2.0
ID2300,2015-02-09,17:29:46,Joe,Air Conditioner,yes,no,91.0,222.0,4.0
ID2301,2015-02-09,17:57:07,Dan,Fridge,no,no,,,
ID2302,2015-02-09,17:57:07,Becky,Television,yes,yes,53.0,68.0,4.0
ID2303,2015-02-10,09:01:26,Joe,Television,yes,yes,112.0,333.0,3.0
ID2304,2015-02-10,09:01:26,Stewart,Fridge,no,no,,,
ID2305,2015-02-10,09:12:58,Martha,Air Conditioner,yes,yes,87.0,83.0,3.0
ID2306,2015-02-10,09:12:58,Diane,Fridge,yes,yes,78.0,104.0,5.0
ID2307,2015-02-10,09:18:43,Jim,Toaster,yes,no,16.0,112.0,4.0
ID2308,2015-02-10,09:18:43,Jim,Television,yes,yes,56.0,397.0,4.0
ID2309,2015-02-10,10:37:55,Diane,Air Conditioner,yes,yes,87.0,408.0,3.0
ID2310,2015-02-10,10:37:55,Becky,Washing Machine,no,no,,,
ID2311,2015-02-10,11:03:50,Jim,Fridge,yes,no,46.0,354.0,4.0
ID2312,2015-02-10,11:03:50,Becky,Toaster,yes,yes,116.0,372.0,3.0
ID2313,2015-02-10,11:09:36,Stewart,Air Conditioner,yes,yes,26.0,98.0,4.0
ID2314,2015-02-10,11:09:36,Joe,Air Conditioner,yes,yes,94.0,233.0,2.0
ID2315,2015-02-10,11:19:41,Joe,Television,yes,no,87.0,80.0,3.0
ID2316,2015-02-10,11:19:41,Greg,Air Conditioner,yes,yes,14.0,78.0,3.0
ID2317,2015-02-10,11:29:46,Jim,Washing Machine,yes,yes,49.0,230.0,3.0
ID2318,2015-02-10,11:29:46,Stewart,Washing Machine,yes,yes,91.0,132.0,2.0
ID2319,2015-02-10,11:31:12,Becky,Washing Machine,yes,yes,63.0,158.0,3.0
ID2320,2015-02-10,11:31:12,Diane,Fridge,yes,yes,92.0,167.0,4.0
ID2321,2015-02-10,11:51:22,Becky,Toaster,no,no,,,
ID2322,2015-02-10,11:51:22,Stewart,Toaster,no,no,,,
ID2323,2015-02-10,12:15:50,Jim,Air Conditioner,yes,yes,34.0,149.0,5.0
ID2324,2015-02-10,12:15:50,Jim,Toaster,yes,yes,88.0,223.0,3.0
ID2325,2015-02-10,12:20:10,Martha,Fridge,yes,yes,28.0,117.0,3.0
ID2326,2015-02-10,12:20:10,Becky,Air Conditioner,no,no,,,
ID2327,2015-02-10,12:23:02,Jim,Washing Machine,no,no,,,
ID2328,2015-02-10,12:23:02,Martha,Washing Machine,yes,yes,103.0,51.0,2.0
ID2329,2015-02-10,12:47:31,Joe,Air Conditioner,yes,yes,11.0,61.0,1.0
ID2330,2015-02-10,12:47:31,Dan,Fridge,no,no,,,
ID2331,2015-02-10,12:59:02,Becky,Toaster,yes,yes,65.0,161.0,5.0
ID2332,2015-02-10,12:59:02,Dan,Toaster,yes,no,46.0,368.0,2.0
ID2333,2015-02-10,13:04:48,Stewart,Toaster,yes,yes,77.0,381.0,1.0
ID2334,2015-02-10,13:04:48,Dan,Washing Machine,yes,no,53.0,346.0,2.0
ID2335,2015-02-10,13:04:48,Jim,Toaster,yes,yes,30.0,140.0,4.0
ID2336,2015-02-10,13:04:48,Joe,Fridge,yes,yes,106.0,152.0,2.0
ID2337,2015-02-10,13:46:34,Joe,Television,yes,yes,13.0,349.0,4.0
ID2338,2015-02-10,13:46:34,Martha,Washing Machine,yes,yes,45.0,337.0,5.0
ID2339,2015-02-10,14:09:36,Stewart,Television,no,no,,,
ID2340,2015-02-10,14:09:36,Greg,Television,yes,yes,19.0,108.0,5.0
ID2341,2015-02-10,15:05:46,Becky,Toaster,yes,yes,64.0,169.0,5.0
ID2342,2015-02-10,15:05:46,Dan,Television,yes,no,47.0,121.0,5.0
ID2343,2015-02-10,15:46:05,Greg,Toaster,yes,yes,120.0,56.0,3.0
ID2344,2015-02-10,15:46:05,Stewart,Washing Machine,yes,yes,85.0,128.0,3.0
ID2345,2015-02-10,16:22:05,Dan,Washing Machine,yes,yes,64.0,97.0,3.0
ID2346,2015-02-10,16:22:05,Diane,Fridge,no,no,,,
ID2347,2015-02-10,16:26:24,Martha,Air Conditioner,yes,yes,73.0,371.0,5.0
ID2348,2015-02-10,16:26:24,Becky,Air Conditioner,no,no,,,
ID2349,2015-02-10,16:27:50,Joe,Air Conditioner,no,no,,,
ID2350,2015-02-10,16:27:50,Martha,Washing Machine,yes,yes,122.0,275.0,4.0
ID2351,2015-02-10,16:27:50,Dan,Washing Machine,no,no,,,
ID2352,2015-02-10,16:27:50,Diane,Washing Machine,no,no,,,
ID2353,2015-02-10,17:08:10,Diane,Air Conditioner,yes,yes,114.0,413.0,3.0
ID2354,2015-02-10,17:08:10,Becky,Air Conditioner,yes,yes,30.0,391.0,1.0
ID2355,2015-02-10,17:18:14,Diane,Fridge,yes,yes,47.0,46.0,4.0
ID2356,2015-02-10,17:18:14,Joe,Toaster,yes,yes,23.0,217.0,2.0
ID2357,2015-02-10,17:25:26,Greg,Toaster,yes,yes,99.0,101.0,3.0
ID2358,2015-02-10,17:25:26,Stewart,Washing Machine,yes,yes,51.0,291.0,4.0
ID2359,2015-02-10,17:28:19,Diane,Washing Machine,yes,yes,20.0,306.0,1.0
ID2360,2015-02-10,17:28:19,Jim,Fridge,yes,yes,25.0,374.0,5.0
ID2361,2015-02-10,17:35:31,Jim,Washing Machine,no,no,,,
ID2362,2015-02-10,17:35:31,Jim,Washing Machine,yes,yes,69.0,255.0,3.0
ID2363,2015-02-10,17:44:10,Dan,Fridge,yes,yes,118.0,339.0,4.0
ID2364,2015-02-10,17:44:10,Diane,Toaster,yes,yes,108.0,280.0,5.0
ID2365,2015-02-11,09:05:46,Martha,Television,yes,yes,59.0,271.0,5.0
ID2366,2015-02-11,09:05:46,Diane,Air Conditioner,yes,yes,103.0,81.0,3.0
ID2367,2015-02-11,09:11:31,Becky,Toaster,no,no,,,
ID2368,2015-02-11,09:11:31,Jim,Washing Machine,yes,yes,112.0,84.0,1.0
ID2369,2015-02-11,09:34:34,Diane,Television,yes,yes,38.0,209.0,5.0
ID2370,2015-02-11,09:34:34,Jim,Washing Machine,yes,yes,81.0,284.0,3.0
ID2371,2015-02-11,09:44:38,Martha,Fridge,yes,no,115.0,181.0,4.0
ID2372,2015-02-11,09:44:38,Greg,Washing Machine,no,no,,,
ID2373,2015-02-11,10:12:00,Stewart,Washing Machine,yes,yes,45.0,63.0,4.0
ID2374,2015-02-11,10:12:00,Dan,Fridge,yes,yes,11.0,125.0,5.0
ID2375,2015-02-11,10:23:31,Joe,Television,yes,yes,93.0,136.0,1.0
ID2376,2015-02-11,10:23:31,Becky,Television,yes,yes,107.0,105.0,5.0
ID2377,2015-02-11,10:29:17,Martha,Toaster,yes,yes,36.0,337.0,3.0
ID2378,2015-02-11,10:29:17,Greg,Washing Machine,yes,yes,81.0,259.0,1.0
ID2379,2015-02-11,11:05:17,Greg,Toaster,yes,yes,58.0,390.0,3.0
ID2380,2015-02-11,11:05:17,Diane,Washing Machine,no,no,,,
ID2381,2015-02-11,11:12:29,Jim,Washing Machine,yes,yes,102.0,373.0,5.0
ID2382,2015-02-11,11:12:29,Becky,Television,yes,yes,63.0,351.0,4.0
ID2383,2015-02-11,11:54:14,Dan,Television,yes,yes,106.0,41.0,4.0
ID2384,2015-02-11,11:54:14,Becky,Fridge,no,no,,,
ID2385,2015-02-11,11:55:41,Jim,Toaster,yes,yes,31.0,46.0,4.0
ID2386,2015-02-11,11:55:41,Dan,Washing Machine,yes,yes,93.0,294.0,5.0
ID2387,2015-02-11,12:00:00,Diane,Toaster,no,no,,,
ID2388,2015-02-11,12:00:00,Becky,Fridge,yes,yes,66.0,191.0,4.0
ID2389,2015-02-11,12:00:00,Becky,Toaster,no,no,,,
ID2390,2015-02-11,12:00:00,Becky,Fridge,no,no,,,
ID2391,2015-02-11,12:04:19,Diane,Toaster,yes,yes,18.0,127.0,5.0
ID2392,2015-02-11,12:04:19,Martha,Fridge,yes,yes,65.0,342.0,5.0
ID2393,2015-02-11,12:15:50,Dan,Washing Machine,yes,yes,116.0,251.0,2.0
ID2394,2015-02-11,12:15:50,Dan,Toaster,no,no,,,
ID2395,2015-02-11,12:30:14,Stewart,Toaster,no,no,,,
ID2396,2015-02-11,12:30:14,Martha,Fridge,yes,yes,19.0,334.0,5.0
ID2397,2015-02-11,12:34:34,Dan,Air Conditioner,no,no,,,
ID2398,2015-02-11,12:34:34,Greg,Air Conditioner,yes,yes,120.0,413.0,3.0
ID2399,2015-02-11,12:36:00,Martha,Fridge,yes,yes,32.0,54.0,3.0
ID2400,2015-02-11,12:36:00,Stewart,Fridge,yes,yes,121.0,345.0,2.0
ID2401,2015-02-11,12:50:24,Jim,Washing Machine,no,no,,,
ID2402,2015-02-11,12:50:24,Greg,Fridge,yes,yes,82.0,200.0,4.0
ID2403,2015-02-11,12:57:36,Martha,Washing Machine,yes,yes,53.0,138.0,4.0
ID2404,2015-02-11,12:57:36,Stewart,Toaster,no,no,,,
ID2405,2015-02-11,13:12:00,Becky,Air Conditioner,yes,yes,16.0,312.0,4.0
ID2406,2015-02-11,13:12:00,Martha,Fridge,yes,yes,67.0,371.0,3.0
ID2407,2015-02-11,13:22:05,Dan,Television,yes,yes,95.0,179.0,4.0
ID2408,2015-02-11,13:22:05,Diane,Fridge,yes,yes,75.0,162.0,3.0
ID2409,2015-02-11,13:30:43,Jim,Television,yes,yes,53.0,325.0,3.0
ID2410,2015-02-11,13:30:43,Joe,Washing Machine,yes,yes,116.0,48.0,5.0
ID2411,2015-02-11,13:37:55,Stewart,Air Conditioner,yes,yes,83.0,263.0,3.0
ID2412,2015-02-11,13:37:55,Jim,Washing Machine,yes,yes,92.0,135.0,4.0
ID2413,2015-02-11,13:46:34,Martha,Fridge,yes,yes,24.0,161.0,3.0
ID2414,2015-02-11,13:46:34,Martha,Washing Machine,yes,yes,16.0,256.0,4.0
ID2415,2015-02-11,14:03:50,Jim,Washing Machine,yes,yes,24.0,141.0,5.0
ID2416,2015-02-11,14:03:50,Martha,Air Conditioner,yes,yes,114.0,229.0,2.0
ID2417,2015-02-11,14:03:50,Jim,Washing Machine,no,no,,,
ID2418,2015-02-11,14:03:50,Jim,Air Conditioner,yes,yes,120.0,357.0,4.0
ID2419,2015-02-11,14:25:26,Martha,Television,yes,yes,89.0,417.0,5.0
ID2420,2015-02-11,14:25:26,Martha,Toaster,yes,yes,83.0,89.0,4.0
ID2421,2015-02-11,14:52:48,Dan,Television,yes,yes,71.0,154.0,5.0
ID2422,2015-02-11,14:52:48,Greg,Television,yes,yes,62.0,120.0,4.0
ID2423,2015-02-11,15:04:19,Becky,Toaster,yes,yes,84.0,195.0,2.0
ID2424,2015-02-11,15:04:19,Dan,Air Conditioner,yes,yes,17.0,81.0,4.0
ID2425,2015-02-11,15:11:31,Greg,Washing Machine,yes,yes,24.0,231.0,4.0
ID2426,2015-02-11,15:11:31,Joe,Television,yes,yes,108.0,334.0,3.0
ID2427,2015-02-11,15:59:02,Diane,Toaster,yes,yes,13.0,124.0,3.0
ID2428,2015-02-11,15:59:02,Becky,Air Conditioner,yes,yes,119.0,383.0,3.0
ID2429,2015-02-11,16:29:17,Dan,Toaster,yes,yes,80.0,331.0,2.0
ID2430,2015-02-11,16:29:17,Joe,Washing Machine,yes,yes,99.0,111.0,4.0
ID2431,2015-02-11,16:50:53,Martha,Television,yes,yes,60.0,353.0,4.0
ID2432,2015-02-11,16:50:53,Greg,Fridge,yes,yes,121.0,292.0,4.0
ID2433,2015-02-11,17:02:24,Diane,Air Conditioner,no,no,,,
ID2434,2015-02-11,17:02:24,Becky,Washing Machine,yes,yes,91.0,368.0,2.0
ID2435,2015-02-11,17:24:00,Greg,Toaster,yes,yes,91.0,105.0,2.0
ID2436,2015-02-11,17:24:00,Diane,Fridge,yes,yes,99.0,64.0,3.0
ID2437,2015-02-12,09:12:58,Martha,Washing Machine,no,no,,,
ID2438,2015-02-12,09:12:58,Joe,Toaster,no,no,,,
ID2439,2015-02-12,10:00:29,Martha,Air Conditioner,yes,yes,101.0,315.0,3.0
ID2440,2015-02-12,10:00:29,Diane,Air Conditioner,yes,yes,61.0,265.0,1.0
ID2441,2015-02-12,10:13:26,Becky,Television,yes,yes,35.0,150.0,4.0
ID2442,2015-02-12,10:13:26,Joe,Washing Machine,yes,no,55.0,254.0,1.0
ID2443,2015-02-12,10:16:19,Martha,Fridge,no,no,,,
ID2444,2015-02-12,10:16:19,Jim,Air Conditioner,no,no,,,
ID2445,2015-02-12,10:24:58,Becky,Fridge,yes,yes,107.0,230.0,5.0
ID2446,2015-02-12,10:24:58,Becky,Television,yes,yes,21.0,419.0,5.0
ID2447,2015-02-12,10:26:24,Joe,Washing Machine,yes,yes,79.0,211.0,4.0
ID2448,2015-02-12,10:26:24,Diane,Toaster,yes,yes,67.0,136.0,3.0
ID2449,2015-02-12,10:32:10,Becky,Air Conditioner,yes,yes,32.0,112.0,3.0
ID2450,2015-02-12,10:32:10,Becky,Washing Machine,no,no,,,
ID2451,2015-02-12,10:46:34,Martha,Washing Machine,yes,yes,79.0,285.0,4.0
ID2452,2015-02-12,10:46:34,Jim,Fridge,yes,yes,117.0,238.0,3.0
ID2453,2015-02-12,10:53:46,Dan,Air Conditioner,yes,yes,110.0,271.0,4.0
ID2454,2015-02-12,10:53:46,Dan,Fridge,yes,yes,31.0,32.0,4.0
ID2455,2015-02-12,11:08:10,Dan,Washing Machine,no,no,,,
ID2456,2015-02-12,11:08:10,Greg,Television,yes,yes,87.0,389.0,4.0
ID2457,2015-02-12,11:26:53,Becky,Air Conditioner,yes,yes,99.0,415.0,5.0
ID2458,2015-02-12,11:26:53,Martha,Television,yes,yes,83.0,223.0,4.0
ID2459,2015-02-12,11:54:14,Diane,Fridge,yes,yes,36.0,373.0,3.0
ID2460,2015-02-12,11:54:14,Dan,Fridge,yes,yes,67.0,412.0,3.0
ID2461,2015-02-12,12:14:24,Stewart,Air Conditioner,yes,yes,91.0,186.0,4.0
ID2462,2015-02-12,12:14:24,Dan,Air Conditioner,no,no,,,
ID2463,2015-02-12,12:24:29,Greg,Television,yes,yes,29.0,355.0,3.0
ID2464,2015-02-12,12:24:29,Diane,Fridge,yes,yes,86.0,252.0,1.0
ID2465,2015-02-12,12:50:24,Jim,Toaster,yes,yes,58.0,112.0,5.0
ID2466,2015-02-12,12:50:24,Greg,Toaster,yes,yes,57.0,45.0,1.0
ID2467,2015-02-12,13:07:41,Jim,Television,yes,yes,70.0,288.0,3.0
ID2468,2015-02-12,13:07:41,Jim,Fridge,no,no,,,
ID2469,2015-02-12,13:24:58,Joe,Washing Machine,yes,yes,77.0,140.0,4.0
ID2470,2015-02-12,13:24:58,Dan,Washing Machine,yes,yes,31.0,316.0,5.0
ID2471,2015-02-12,13:29:17,Diane,Air Conditioner,yes,yes,43.0,55.0,2.0
ID2472,2015-02-12,13:29:17,Jim,Air Conditioner,yes,yes,38.0,306.0,4.0
ID2473,2015-02-12,15:53:17,Diane,Air Conditioner,no,no,,,
ID2474,2015-02-12,15:53:17,Diane,Washing Machine,yes,no,83.0,143.0,5.0
ID2475,2015-02-12,17:13:55,Jim,Fridge,yes,yes,122.0,271.0,5.0
ID2476,2015-02-12,17:13:55,Dan,Air Conditioner,yes,yes,42.0,407.0,5.0
ID2477,2015-02-12,17:52:48,Becky,Television,yes,yes,61.0,71.0,4.0
ID2478,2015-02-12,17:52:48,Jim,Television,yes,no,103.0,236.0,3.0
ID2479,2015-02-12,17:52:48,Becky,Television,yes,yes,110.0,325.0,4.0
ID2480,2015-02-12,17:52:48,Diane,Television,no,no,,,
ID2481,2015-02-13,09:14:24,Martha,Toaster,no,no,,,
ID2482,2015-02-13,09:14:24,Dan,Air Conditioner,no,no,,,
ID2483,2015-02-13,09:33:07,Martha,Air Conditioner,yes,yes,88.0,134.0,2.0
ID2484,2015-02-13,09:33:07,Jim,Television,no,no,,,
ID2485,2015-02-13,09:36:00,Stewart,Air Conditioner,yes,yes,57.0,143.0,5.0
ID2486,2015-02-13,09:36:00,Jim,Toaster,no,no,,,
ID2487,2015-02-13,09:41:46,Becky,Washing Machine,no,no,,,
ID2488,2015-02-13,09:41:46,Dan,Washing Machine,yes,yes,37.0,365.0,3.0
ID2489,2015-02-13,09:54:43,Greg,Toaster,yes,yes,62.0,74.0,2.0
ID2490,2015-02-13,09:54:43,Greg,Television,yes,yes,48.0,86.0,4.0
ID2491,2015-02-13,10:10:34,Dan,Air Conditioner,yes,yes,123.0,191.0,3.0
ID2492,2015-02-13,10:10:34,Greg,Washing Machine,yes,yes,83.0,49.0,5.0
ID2493,2015-02-13,10:33:36,Joe,Fridge,yes,yes,23.0,170.0,5.0
ID2494,2015-02-13,10:33:36,Dan,Toaster,no,no,,,
ID2495,2015-02-13,10:45:07,Greg,Television,yes,no,27.0,310.0,3.0
ID2496,2015-02-13,10:45:07,Joe,Fridge,yes,yes,78.0,383.0,5.0
ID2497,2015-02-13,11:03:50,Becky,Television,yes,yes,82.0,312.0,3.0
ID2498,2015-02-13,11:03:50,Jim,Television,yes,yes,50.0,326.0,4.0
ID2499,2015-02-13,11:32:38,Diane,Fridge,yes,yes,90.0,68.0,4.0
ID2500,2015-02-13,11:32:38,Joe,Fridge,yes,yes,89.0,313.0,3.0
ID2501,2015-02-13,12:12:58,Martha,Toaster,yes,yes,79.0,406.0,1.0
ID2502,2015-02-13,12:12:58,Greg,Washing Machine,yes,yes,123.0,401.0,2.0
ID2503,2015-02-13,12:25:55,Dan,Fridge,yes,yes,97.0,151.0,1.0
ID2504,2015-02-13,12:25:55,Dan,Air Conditioner,yes,yes,74.0,356.0,3.0
ID2505,2015-02-13,12:27:22,Jim,Fridge,yes,yes,68.0,190.0,5.0
ID2506,2015-02-13,12:27:22,Joe,Television,yes,yes,100.0,266.0,5.0
ID2507,2015-02-13,12:28:48,Jim,Fridge,no,no,,,
ID2508,2015-02-13,12:28:48,Martha,Washing Machine,yes,yes,34.0,269.0,4.0
ID2509,2015-02-13,12:47:31,Dan,Air Conditioner,no,no,,,
ID2510,2015-02-13,12:47:31,Greg,Washing Machine,yes,yes,33.0,225.0,1.0
ID2511,2015-02-13,12:53:17,Greg,Washing Machine,yes,yes,63.0,313.0,5.0
ID2512,2015-02-13,12:53:17,Greg,Air Conditioner,yes,yes,54.0,177.0,1.0
ID2513,2015-02-13,13:13:26,Greg,Fridge,no,no,,,
ID2514,2015-02-13,13:13:26,Greg,Air Conditioner,yes,yes,91.0,222.0,2.0
ID2515,2015-02-13,13:16:19,Becky,Toaster,yes,yes,89.0,254.0,4.0
ID2516,2015-02-13,13:16:19,Joe,Toaster,yes,yes,75.0,279.0,5.0
ID2517,2015-02-13,13:30:43,Greg,Television,yes,yes,54.0,34.0,4.0
ID2518,2015-02-13,13:30:43,Stewart,Toaster,yes,yes,43.0,188.0,3.0
ID2519,2015-02-13,14:28:19,Stewart,Fridge,yes,yes,45.0,413.0,4.0
ID2520,2015-02-13,14:28:19,Martha,Toaster,yes,yes,79.0,30.0,5.0
ID2521,2015-02-13,14:39:50,Joe,Air Conditioner,yes,yes,27.0,193.0,3.0
ID2522,2015-02-13,14:39:50,Diane,Toaster,yes,yes,59.0,332.0,3.0
ID2523,2015-02-13,15:14:24,Stewart,Washing Machine,yes,no,70.0,52.0,4.0
ID2524,2015-02-13,15:14:24,Dan,Toaster,yes,no,92.0,85.0,5.0
ID2525,2015-02-13,15:33:07,Greg,Air Conditioner,yes,yes,96.0,275.0,2.0
ID2526,2015-02-13,15:33:07,Becky,Television,yes,yes,79.0,309.0,5.0
ID2527,2015-02-13,15:57:36,Greg,Fridge,yes,yes,115.0,64.0,5.0
ID2528,2015-02-13,15:57:36,Jim,Toaster,yes,yes,71.0,345.0,3.0
ID2529,2015-02-13,16:16:19,Martha,Television,no,no,,,
ID2530,2015-02-13,16:16:19,Stewart,Toaster,yes,no,124.0,341.0,4.0
ID2531,2015-02-13,16:50:53,Diane,Toaster,no,no,,,
ID2532,2015-02-13,16:50:53,Joe,Washing Machine,yes,yes,35.0,31.0,5.0
ID2533,2015-02-13,17:18:14,Dan,Washing Machine,yes,yes,106.0,201.0,3.0
ID2534,2015-02-13,17:18:14,Dan,Washing Machine,yes,yes,32.0,213.0,4.0
ID2535,2015-02-14,09:07:12,Jim,Toaster,yes,yes,119.0,258.0,4.0
ID2536,2015-02-14,09:07:12,Greg,Washing Machine,yes,yes,112.0,268.0,2.0
ID2537,2015-02-14,09:38:53,Stewart,Air Conditioner,yes,yes,49.0,249.0,1.0
ID2538,2015-02-14,09:38:53,Stewart,Washing Machine,no,no,,,
ID2539,2015-02-14,09:46:05,Joe,Fridge,yes,yes,74.0,294.0,3.0
ID2540,2015-02-14,09:46:05,Greg,Television,yes,no,117.0,165.0,4.0
ID2541,2015-02-14,09:48:58,Jim,Washing Machine,no,no,,,
ID2542,2015-02-14,09:48:58,Diane,Fridge,yes,yes,40.0,410.0,1.0
ID2543,2015-02-14,10:24:58,Martha,Washing Machine,yes,yes,87.0,293.0,5.0
ID2544,2015-02-14,10:24:58,Martha,Television,yes,yes,58.0,83.0,4.0
ID2545,2015-02-14,10:30:43,Becky,Air Conditioner,yes,yes,84.0,360.0,4.0
ID2546,2015-02-14,10:30:43,Jim,Toaster,yes,yes,54.0,136.0,2.0
ID2547,2015-02-14,10:52:19,Dan,Washing Machine,yes,yes,13.0,335.0,5.0
ID2548,2015-02-14,10:52:19,Diane,Air Conditioner,no,no,,,
ID2549,2015-02-14,11:54:14,Jim,Air Conditioner,yes,yes,42.0,36.0,4.0
ID2550,2015-02-14,11:54:14,Stewart,Toaster,yes,yes,12.0,155.0,1.0
ID2551,2015-02-14,12:31:41,Diane,Fridge,yes,yes,13.0,279.0,3.0
ID2552,2015-02-14,12:31:41,Greg,Washing Machine,no,no,,,
ID2553,2015-02-14,12:41:46,Diane,Television,yes,yes,100.0,191.0,5.0
ID2554,2015-02-14,12:41:46,Joe,Toaster,yes,yes,70.0,70.0,2.0
ID2555,2015-02-14,12:57:36,Stewart,Television,no,no,,,
ID2556,2015-02-14,12:57:36,Jim,Air Conditioner,no,no,,,
ID2557,2015-02-14,13:13:26,Becky,Air Conditioner,yes,yes,102.0,353.0,4.0
ID2558,2015-02-14,13:13:26,Becky,Air Conditioner,yes,yes,82.0,198.0,3.0
ID2559,2015-02-14,13:26:24,Joe,Television,yes,no,24.0,247.0,5.0
ID2560,2015-02-14,13:26:24,Stewart,Fridge,yes,yes,10.0,98.0,5.0
ID2561,2015-02-14,13:46:34,Jim,Toaster,no,no,,,
ID2562,2015-02-14,13:46:34,Stewart,Television,yes,yes,80.0,300.0,1.0
ID2563,2015-02-14,13:50:53,Stewart,Air Conditioner,yes,yes,63.0,374.0,4.0
ID2564,2015-02-14,13:50:53,Greg,Washing Machine,yes,yes,43.0,413.0,4.0
ID2565,2015-02-14,14:21:07,Dan,Toaster,no,no,,,
ID2566,2015-02-14,14:21:07,Diane,Toaster,yes,yes,87.0,122.0,4.0
ID2567,2015-02-14,14:24:00,Joe,Air Conditioner,yes,yes,125.0,364.0,4.0
ID2568,2015-02-14,14:24:00,Stewart,Toaster,yes,yes,56.0,231.0,1.0
ID2569,2015-02-14,14:49:55,Greg,Toaster,yes,yes,88.0,226.0,3.0
ID2570,2015-02-14,14:49:55,Jim,Toaster,yes,yes,45.0,76.0,4.0
ID2571,2015-02-14,14:51:22,Dan,Air Conditioner,yes,yes,24.0,120.0,4.0
ID2572,2015-02-14,14:51:22,Jim,Washing Machine,yes,yes,23.0,252.0,5.0
ID2573,2015-02-14,15:34:34,Becky,Toaster,yes,yes,66.0,407.0,5.0
ID2574,2015-02-14,15:34:34,Martha,Fridge,no,no,,,
ID2575,2015-02-14,16:27:50,Joe,Television,yes,yes,67.0,94.0,4.0
ID2576,2015-02-14,16:27:50,Becky,Air Conditioner,yes,yes,39.0,313.0,1.0
ID2577,2015-02-14,16:37:55,Becky,Television,yes,yes,70.0,39.0,1.0
ID2578,2015-02-14,16:37:55,Jim,Fridge,yes,yes,40.0,399.0,5.0
ID2579,2015-02-14,16:37:55,Stewart,Washing Machine,no,no,,,
ID2580,2015-02-14,16:37:55,Martha,Fridge,yes,yes,28.0,385.0,3.0
ID2581,2015-02-14,16:50:53,Joe,Air Conditioner,yes,yes,107.0,219.0,2.0
ID2582,2015-02-14,16:50:53,Stewart,Toaster,yes,yes,62.0,281.0,4.0
ID2583,2015-02-14,16:53:46,Diane,Air Conditioner,yes,yes,80.0,259.0,4.0
ID2584,2015-02-14,16:53:46,Stewart,Washing Machine,yes,yes,63.0,185.0,3.0
ID2585,2015-02-14,17:09:36,Becky,Air Conditioner,yes,yes,36.0,318.0,3.0
ID2586,2015-02-14,17:09:36,Dan,Washing Machine,yes,yes,64.0,124.0,3.0
ID2587,2015-02-14,17:09:36,Greg,Washing Machine,yes,yes,110.0,342.0,3.0
ID2588,2015-02-14,17:09:36,Jim,Fridge,yes,yes,43.0,381.0,3.0
ID2589,2015-02-14,17:11:02,Jim,Air Conditioner,yes,yes,76.0,284.0,5.0
ID2590,2015-02-14,17:11:02,Joe,Air Conditioner,yes,yes,45.0,149.0,2.0
ID2591,2015-02-14,17:36:58,Martha,Television,yes,no,109.0,71.0,3.0
ID2592,2015-02-14,17:36:58,Joe,Television,yes,yes,68.0,413.0,4.0
ID2593,2015-02-14,17:42:43,Greg,Washing Machine,yes,no,99.0,414.0,1.0
ID2594,2015-02-14,17:42:43,Dan,Washing Machine,yes,yes,27.0,244.0,4.0
ID2595,2015-02-15,09:00:00,Greg,Television,yes,yes,14.0,57.0,3.0
ID2596,2015-02-15,09:00:00,Greg,Fridge,yes,yes,81.0,261.0,3.0
ID2597,2015-02-15,09:33:07,Dan,Fridge,yes,yes,24.0,187.0,3.0
ID2598,2015-02-15,09:33:07,Dan,Washing Machine,yes,yes,13.0,348.0,1.0
ID2599,2015-02-15,10:01:55,Becky,Air Conditioner,yes,yes,89.0,53.0,1.0
ID2600,2015-02-15,10:01:55,Becky,Television,yes,yes,103.0,357.0,4.0
ID2601,2015-02-15,10:01:55,Jim,Toaster,yes,yes,103.0,228.0,3.0
ID2602,2015-02-15,10:01:55,Greg,Toaster,no,no,,,
ID2603,2015-02-15,10:20:38,Stewart,Washing Machine,yes,no,59.0,210.0,3.0
ID2604,2015-02-15,10:20:38,Joe,Toaster,yes,yes,113.0,98.0,3.0
ID2605,2015-02-15,11:12:29,Diane,Washing Machine,yes,yes,69.0,111.0,2.0
ID2606,2015-02-15,11:12:29,Diane,Air Conditioner,yes,yes,69.0,110.0,2.0
ID2607,2015-02-15,11:34:05,Becky,Air Conditioner,yes,no,11.0,307.0,4.0
ID2608,2015-02-15,11:34:05,Dan,Washing Machine,yes,yes,75.0,251.0,2.0
ID2609,2015-02-15,11:41:17,Jim,Air Conditioner,yes,no,24.0,152.0,5.0
ID2610,2015-02-15,11:41:17,Becky,Fridge,yes,yes,124.0,367.0,3.0
ID2611,2015-02-15,11:45:36,Greg,Fridge,yes,yes,32.0,154.0,5.0
ID2612,2015-02-15,11:45:36,Stewart,Fridge,yes,yes,105.0,393.0,5.0
ID2613,2015-02-15,11:48:29,Becky,Air Conditioner,no,no,,,
ID2614,2015-02-15,11:48:29,Jim,Toaster,yes,yes,94.0,62.0,4.0
ID2615,2015-02-15,12:07:12,Joe,Washing Machine,yes,yes,107.0,135.0,4.0
ID2616,2015-02-15,12:07:12,Diane,Fridge,yes,yes,79.0,332.0,5.0
ID2617,2015-02-15,12:21:36,Dan,Washing Machine,no,no,,,
ID2618,2015-02-15,12:21:36,Becky,Fridge,yes,yes,59.0,124.0,4.0
ID2619,2015-02-15,12:38:53,Dan,Air Conditioner,yes,no,117.0,293.0,3.0
ID2620,2015-02-15,12:38:53,Martha,Television,yes,yes,37.0,111.0,3.0
ID2621,2015-02-15,13:00:29,Dan,Fridge,yes,yes,94.0,319.0,4.0
ID2622,2015-02-15,13:00:29,Becky,Air Conditioner,yes,yes,120.0,164.0,1.0
ID2623,2015-02-15,13:26:24,Jim,Washing Machine,no,no,,,
ID2624,2015-02-15,13:26:24,Martha,Television,yes,yes,50.0,407.0,2.0
ID2625,2015-02-15,13:39:22,Becky,Toaster,yes,yes,47.0,148.0,5.0
ID2626,2015-02-15,13:39:22,Stewart,Television,no,no,,,
ID2627,2015-02-15,13:42:14,Dan,Fridge,yes,yes,118.0,173.0,5.0
ID2628,2015-02-15,13:42:14,Becky,Fridge,no,no,,,
ID2629,2015-02-15,14:28:19,Greg,Air Conditioner,no,no,,,
ID2630,2015-02-15,14:28:19,Jim,Air Conditioner,yes,yes,14.0,73.0,5.0
ID2631,2015-02-15,14:29:46,Dan,Air Conditioner,yes,yes,88.0,69.0,3.0
ID2632,2015-02-15,14:29:46,Joe,Television,yes,yes,124.0,52.0,4.0
ID2633,2015-02-15,14:44:10,Diane,Toaster,yes,yes,18.0,47.0,5.0
ID2634,2015-02-15,14:44:10,Dan,Fridge,yes,yes,22.0,124.0,3.0
ID2635,2015-02-15,14:51:22,Jim,Air Conditioner,no,no,,,
ID2636,2015-02-15,14:51:22,Becky,Television,yes,yes,94.0,378.0,5.0
ID2637,2015-02-15,14:57:07,Becky,Air Conditioner,yes,no,54.0,215.0,3.0
ID2638,2015-02-15,14:57:07,Greg,Washing Machine,yes,no,44.0,196.0,5.0
ID2639,2015-02-15,15:46:05,Greg,Fridge,yes,yes,28.0,262.0,3.0
ID2640,2015-02-15,15:46:05,Jim,Toaster,yes,yes,103.0,192.0,3.0
ID2641,2015-02-15,15:47:31,Joe,Air Conditioner,yes,yes,25.0,47.0,4.0
ID2642,2015-02-15,15:47:31,Becky,Television,no,no,,,
ID2643,2015-02-15,16:01:55,Jim,Television,yes,yes,84.0,249.0,3.0
ID2644,2015-02-15,16:01:55,Dan,Television,yes,yes,36.0,236.0,4.0
ID2645,2015-02-15,17:11:02,Becky,Toaster,no,no,,,
ID2646,2015-02-15,17:11:02,Stewart,Toaster,yes,yes,42.0,220.0,4.0
ID2647,2015-02-15,17:18:14,Dan,Television,yes,yes,124.0,231.0,3.0
ID2648,2015-02-15,17:18:14,Stewart,Air Conditioner,yes,yes,99.0,220.0,5.0
ID2649,2015-02-15,17:19:41,Diane,Television,yes,yes,124.0,262.0,5.0
ID2650,2015-02-15,17:19:41,Greg,Fridge,yes,yes,55.0,384.0,5.0
ID2651,2015-02-15,17:45:36,Dan,Fridge,no,no,,,
ID2652,2015-02-15,17:45:36,Jim,Toaster,no,no,,,
ID2653,2015-02-16,09:07:12,Greg,Fridge,yes,yes,64.0,305.0,2.0
ID2654,2015-02-16,09:07:12,Diane,Air Conditioner,yes,yes,82.0,294.0,2.0
ID2655,2015-02-16,10:04:48,Diane,Television,yes,yes,50.0,198.0,4.0
ID2656,2015-02-16,10:04:48,Stewart,Washing Machine,yes,yes,100.0,221.0,4.0
ID2657,2015-02-16,10:23:31,Jim,Fridge,yes,yes,26.0,413.0,3.0
ID2658,2015-02-16,10:23:31,Dan,Toaster,yes,yes,75.0,254.0,2.0
ID2659,2015-02-16,10:30:43,Greg,Air Conditioner,yes,yes,26.0,388.0,3.0
ID2660,2015-02-16,10:30:43,Dan,Toaster,yes,yes,21.0,307.0,3.0
ID2661,2015-02-16,10:30:43,Stewart,Fridge,yes,yes,53.0,30.0,1.0
ID2662,2015-02-16,10:30:43,Greg,Television,yes,yes,109.0,157.0,3.0
ID2663,2015-02-16,11:06:43,Becky,Television,yes,yes,108.0,364.0,3.0
ID2664,2015-02-16,11:06:43,Stewart,Washing Machine,yes,yes,58.0,316.0,5.0
ID2665,2015-02-16,11:12:29,Stewart,Toaster,yes,yes,14.0,350.0,5.0
ID2666,2015-02-16,11:12:29,Martha,Washing Machine,yes,yes,74.0,331.0,4.0
ID2667,2015-02-16,11:18:14,Jim,Washing Machine,no,no,,,
ID2668,2015-02-16,11:18:14,Jim,Television,yes,yes,54.0,166.0,5.0
ID2669,2015-02-16,11:26:53,Greg,Television,yes,yes,18.0,222.0,4.0
ID2670,2015-02-16,11:26:53,Joe,Toaster,yes,yes,39.0,372.0,3.0
ID2671,2015-02-16,12:10:05,Martha,Toaster,yes,yes,31.0,197.0,1.0
ID2672,2015-02-16,12:10:05,Diane,Air Conditioner,yes,yes,118.0,300.0,3.0
ID2673,2015-02-16,12:50:24,Diane,Toaster,no,no,,,
ID2674,2015-02-16,12:50:24,Joe,Washing Machine,yes,yes,118.0,357.0,3.0
ID2675,2015-02-16,13:03:22,Jim,Toaster,yes,yes,69.0,216.0,4.0
ID2676,2015-02-16,13:03:22,Greg,Toaster,yes,yes,125.0,380.0,5.0
ID2677,2015-02-16,14:26:53,Dan,Television,yes,no,47.0,161.0,3.0
ID2678,2015-02-16,14:26:53,Joe,Toaster,yes,yes,53.0,64.0,1.0
ID2679,2015-02-16,14:48:29,Diane,Television,yes,no,55.0,277.0,2.0
ID2680,2015-02-16,14:48:29,Martha,Fridge,yes,yes,91.0,330.0,2.0
ID2681,2015-02-16,14:54:14,Joe,Air Conditioner,yes,yes,37.0,323.0,3.0
ID2682,2015-02-16,14:54:14,Jim,Fridge,yes,yes,118.0,293.0,4.0
ID2683,2015-02-16,15:07:12,Dan,Air Conditioner,yes,yes,37.0,336.0,5.0
ID2684,2015-02-16,15:07:12,Becky,Fridge,yes,yes,124.0,244.0,4.0
ID2685,2015-02-16,15:20:10,Greg,Air Conditioner,yes,yes,105.0,95.0,4.0
ID2686,2015-02-16,15:20:10,Diane,Fridge,no,no,,,
ID2687,2015-02-16,15:34:34,Greg,Air Conditioner,yes,yes,36.0,207.0,1.0
ID2688,2015-02-16,15:34:34,Martha,Television,yes,yes,87.0,411.0,4.0
ID2689,2015-02-16,16:04:48,Becky,Air Conditioner,yes,yes,98.0,301.0,4.0
ID2690,2015-02-16,16:04:48,Dan,Fridge,no,no,,,
ID2691,2015-02-16,16:14:53,Joe,Toaster,yes,yes,37.0,171.0,3.0
ID2692,2015-02-16,16:14:53,Jim,Television,yes,yes,65.0,287.0,1.0
ID2693,2015-02-16,16:24:58,Diane,Washing Machine,yes,yes,117.0,386.0,3.0
ID2694,2015-02-16,16:24:58,Dan,Television,yes,yes,70.0,102.0,4.0
ID2695,2015-02-16,16:29:17,Greg,Television,no,no,,,
ID2696,2015-02-16,16:29:17,Becky,Television,yes,yes,30.0,332.0,3.0
ID2697,2015-02-16,16:32:10,Becky,Air Conditioner,no,no,,,
ID2698,2015-02-16,16:32:10,Jim,Air Conditioner,yes,no,53.0,279.0,3.0
ID2699,2015-02-16,17:12:29,Becky,Television,yes,yes,69.0,311.0,4.0
ID2700,2015-02-16,17:12:29,Stewart,Washing Machine,yes,yes,109.0,249.0,1.0
ID2701,2015-02-16,17:28:19,Dan,Air Conditioner,yes,yes,17.0,42.0,5.0
ID2702,2015-02-16,17:28:19,Martha,Television,yes,yes,109.0,292.0,4.0
ID2703,2015-02-16,17:31:12,Greg,Washing Machine,yes,yes,50.0,345.0,5.0
ID2704,2015-02-16,17:31:12,Becky,Fridge,yes,no,22.0,210.0,3.0
ID2705,2015-02-16,17:45:36,Diane,Washing Machine,yes,yes,100.0,155.0,4.0
ID2706,2015-02-16,17:45:36,Stewart,Television,yes,yes,101.0,315.0,3.0
ID2707,2015-02-16,17:52:48,Becky,Toaster,yes,yes,15.0,168.0,3.0
ID2708,2015-02-16,17:52:48,Diane,Washing Machine,yes,yes,59.0,269.0,5.0
ID2709,2015-02-17,09:01:26,Stewart,Washing Machine,yes,yes,93.0,195.0,3.0
ID2710,2015-02-17,09:01:26,Becky,Toaster,yes,yes,81.0,385.0,4.0
ID2711,2015-02-17,09:17:17,Jim,Fridge,yes,yes,20.0,130.0,1.0
ID2712,2015-02-17,09:17:17,Greg,Washing Machine,yes,yes,47.0,35.0,3.0
ID2713,2015-02-17,09:23:02,Diane,Fridge,yes,no,17.0,182.0,1.0
ID2714,2015-02-17,09:23:02,Stewart,Toaster,yes,no,15.0,63.0,3.0
ID2715,2015-02-17,09:34:34,Diane,Air Conditioner,yes,yes,94.0,369.0,5.0
ID2716,2015-02-17,09:34:34,Martha,Air Conditioner,yes,yes,10.0,134.0,5.0
ID2717,2015-02-17,09:53:17,Joe,Fridge,yes,yes,96.0,251.0,3.0
ID2718,2015-02-17,09:53:17,Joe,Fridge,yes,yes,32.0,101.0,4.0
ID2719,2015-02-17,09:59:02,Becky,Television,yes,yes,36.0,301.0,1.0
ID2720,2015-02-17,09:59:02,Martha,Television,yes,yes,50.0,102.0,5.0
ID2721,2015-02-17,10:03:22,Stewart,Toaster,no,no,,,
ID2722,2015-02-17,10:03:22,Martha,Toaster,yes,yes,89.0,32.0,2.0
ID2723,2015-02-17,10:36:29,Diane,Washing Machine,no,no,,,
ID2724,2015-02-17,10:36:29,Joe,Fridge,yes,yes,114.0,346.0,5.0
ID2725,2015-02-17,10:43:41,Martha,Television,yes,yes,44.0,390.0,5.0
ID2726,2015-02-17,10:43:41,Joe,Fridge,yes,yes,100.0,366.0,5.0
ID2727,2015-02-17,11:24:00,Jim,Toaster,no,no,,,
ID2728,2015-02-17,11:24:00,Jim,Washing Machine,yes,yes,70.0,48.0,4.0
ID2729,2015-02-17,11:24:00,Martha,Washing Machine,yes,yes,16.0,242.0,4.0
ID2730,2015-02-17,11:24:00,Becky,Fridge,yes,yes,49.0,63.0,4.0
ID2731,2015-02-17,11:28:19,Joe,Television,yes,yes,96.0,348.0,4.0
ID2732,2015-02-17,11:28:19,Greg,Fridge,yes,yes,85.0,335.0,4.0
ID2733,2015-02-17,11:42:43,Martha,Washing Machine,yes,yes,65.0,328.0,2.0
ID2734,2015-02-17,11:42:43,Martha,Toaster,yes,yes,67.0,30.0,4.0
ID2735,2015-02-17,12:05:46,Greg,Toaster,yes,yes,50.0,68.0,4.0
ID2736,2015-02-17,12:05:46,Becky,Television,no,no,,,
ID2737,2015-02-17,12:10:05,Diane,Washing Machine,yes,yes,79.0,202.0,3.0
ID2738,2015-02-17,12:10:05,Greg,Air Conditioner,yes,yes,107.0,232.0,4.0
ID2739,2015-02-17,12:11:31,Martha,Washing Machine,yes,no,52.0,289.0,1.0
ID2740,2015-02-17,12:11:31,Jim,Television,yes,no,104.0,385.0,1.0
ID2741,2015-02-17,12:17:17,Joe,Fridge,no,no,,,
ID2742,2015-02-17,12:17:17,Jim,Washing Machine,yes,yes,63.0,53.0,1.0
ID2743,2015-02-17,13:03:22,Becky,Air Conditioner,yes,yes,79.0,230.0,4.0
ID2744,2015-02-17,13:03:22,Greg,Television,yes,no,21.0,390.0,3.0
ID2745,2015-02-17,13:24:58,Becky,Air Conditioner,yes,yes,93.0,336.0,3.0
ID2746,2015-02-17,13:24:58,Joe,Television,yes,yes,72.0,171.0,4.0
ID2747,2015-02-17,13:36:29,Greg,Fridge,yes,yes,84.0,271.0,3.0
ID2748,2015-02-17,13:36:29,Stewart,Fridge,no,no,,,
ID2749,2015-02-17,14:19:41,Jim,Fridge,yes,yes,45.0,123.0,3.0
ID2750,2015-02-17,14:19:41,Stewart,Television,no,no,,,
ID2751,2015-02-17,14:29:46,Dan,Television,yes,no,49.0,81.0,4.0
ID2752,2015-02-17,14:29:46,Becky,Fridge,yes,yes,110.0,365.0,4.0
ID2753,2015-02-17,14:32:38,Diane,Air Conditioner,yes,no,58.0,132.0,3.0
ID2754,2015-02-17,14:32:38,Joe,Washing Machine,yes,yes,35.0,373.0,4.0
ID2755,2015-02-17,15:02:53,Dan,Toaster,yes,yes,105.0,70.0,4.0
ID2756,2015-02-17,15:02:53,Diane,Toaster,yes,yes,99.0,131.0,3.0
ID2757,2015-02-17,15:10:05,Joe,Washing Machine,yes,yes,53.0,242.0,2.0
ID2758,2015-02-17,15:10:05,Greg,Washing Machine,yes,no,50.0,402.0,4.0
ID2759,2015-02-17,15:46:05,Jim,Washing Machine,yes,yes,114.0,152.0,4.0
ID2760,2015-02-17,15:46:05,Stewart,Air Conditioner,no,no,,,
ID2761,2015-02-17,16:06:14,Diane,Toaster,no,no,,,
ID2762,2015-02-17,16:06:14,Dan,Toaster,yes,yes,87.0,149.0,4.0
ID2763,2015-02-17,16:14:53,Jim,Toaster,yes,no,55.0,66.0,5.0
ID2764,2015-02-17,16:14:53,Martha,Fridge,yes,yes,97.0,353.0,4.0
ID2765,2015-02-17,16:27:50,Martha,Toaster,yes,no,12.0,268.0,3.0
ID2766,2015-02-17,16:27:50,Greg,Television,no,no,,,
ID2767,2015-02-17,16:36:29,Stewart,Fridge,yes,yes,79.0,180.0,5.0
ID2768,2015-02-17,16:36:29,Martha,Air Conditioner,yes,yes,11.0,382.0,3.0
ID2769,2015-02-17,17:11:02,Stewart,Toaster,yes,no,69.0,39.0,4.0
ID2770,2015-02-17,17:11:02,Jim,Fridge,no,no,,,
ID2771,2015-02-17,17:12:29,Martha,Air Conditioner,no,no,,,
ID2772,2015-02-17,17:12:29,Jim,Fridge,yes,yes,123.0,107.0,3.0
ID2773,2015-02-17,17:44:10,Joe,Fridge,no,no,,,
ID2774,2015-02-17,17:44:10,Martha,Fridge,yes,no,48.0,214.0,4.0
ID2775,2015-02-17,17:54:14,Joe,Washing Machine,yes,yes,78.0,416.0,3.0
ID2776,2015-02-17,17:54:14,Joe,Air Conditioner,yes,yes,109.0,243.0,3.0
ID2777,2015-02-18,09:23:02,Dan,Air Conditioner,yes,no,61.0,353.0,5.0
ID2778,2015-02-18,09:23:02,Greg,Toaster,yes,yes,86.0,96.0,2.0
ID2779,2015-02-18,09:43:12,Greg,Fridge,yes,yes,74.0,412.0,4.0
ID2780,2015-02-18,09:43:12,Diane,Toaster,yes,yes,125.0,292.0,3.0
ID2781,2015-02-18,10:00:29,Becky,Washing Machine,yes,no,64.0,368.0,2.0
ID2782,2015-02-18,10:00:29,Joe,Television,yes,yes,63.0,126.0,3.0
ID2783,2015-02-18,10:13:26,Greg,Fridge,yes,yes,46.0,395.0,4.0
ID2784,2015-02-18,10:13:26,Greg,Fridge,yes,yes,63.0,255.0,3.0
ID2785,2015-02-18,10:16:19,Joe,Washing Machine,yes,yes,96.0,47.0,4.0
ID2786,2015-02-18,10:16:19,Dan,Television,yes,yes,37.0,264.0,3.0
ID2787,2015-02-18,10:33:36,Dan,Washing Machine,yes,yes,73.0,203.0,4.0
ID2788,2015-02-18,10:33:36,Diane,Toaster,yes,yes,111.0,137.0,4.0
ID2789,2015-02-18,10:37:55,Joe,Toaster,no,no,,,
ID2790,2015-02-18,10:37:55,Joe,Television,yes,yes,79.0,188.0,2.0
ID2791,2015-02-18,10:56:38,Greg,Fridge,no,no,,,
ID2792,2015-02-18,10:56:38,Dan,Fridge,yes,no,32.0,335.0,3.0
ID2793,2015-02-18,11:18:14,Dan,Washing Machine,yes,yes,60.0,290.0,3.0
ID2794,2015-02-18,11:18:14,Dan,Toaster,yes,yes,25.0,330.0,3.0
ID2795,2015-02-18,11:18:14,Jim,Toaster,yes,yes,72.0,251.0,4.0
ID2796,2015-02-18,11:18:14,Dan,Air Conditioner,yes,yes,82.0,66.0,3.0
ID2797,2015-02-18,11:25:26,Jim,Toaster,no,no,,,
ID2798,2015-02-18,11:25:26,Diane,Fridge,yes,yes,104.0,404.0,4.0
ID2799,2015-02-18,11:34:05,Stewart,Air Conditioner,no,no,,,
ID2800,2015-02-18,11:34:05,Becky,Air Conditioner,yes,yes,102.0,143.0,5.0
ID2801,2015-02-18,11:38:24,Dan,Television,no,no,,,
ID2802,2015-02-18,11:38:24,Dan,Air Conditioner,no,no,,,
ID2803,2015-02-18,13:04:48,Martha,Television,yes,no,86.0,94.0,3.0
ID2804,2015-02-18,13:04:48,Becky,Air Conditioner,yes,yes,93.0,363.0,2.0
ID2805,2015-02-18,13:33:36,Stewart,Fridge,no,no,,,
ID2806,2015-02-18,13:33:36,Jim,Television,no,no,,,
ID2807,2015-02-18,13:37:55,Dan,Air Conditioner,yes,yes,39.0,252.0,2.0
ID2808,2015-02-18,13:37:55,Stewart,Fridge,yes,yes,119.0,45.0,4.0
ID2809,2015-02-18,13:45:07,Martha,Washing Machine,no,no,,,
ID2810,2015-02-18,13:45:07,Stewart,Air Conditioner,yes,yes,71.0,41.0,3.0
ID2811,2015-02-18,13:48:00,Joe,Television,yes,yes,111.0,413.0,1.0
ID2812,2015-02-18,13:48:00,Martha,Television,yes,no,120.0,239.0,1.0
ID2813,2015-02-18,14:47:02,Joe,Air Conditioner,no,no,,,
ID2814,2015-02-18,14:47:02,Diane,Fridge,yes,yes,81.0,182.0,5.0
ID2815,2015-02-18,14:52:48,Jim,Toaster,no,no,,,
ID2816,2015-02-18,14:52:48,Martha,Television,yes,yes,40.0,143.0,1.0
ID2817,2015-02-18,15:15:50,Dan,Fridge,yes,yes,114.0,179.0,5.0
ID2818,2015-02-18,15:15:50,Jim,Washing Machine,no,no,,,
ID2819,2015-02-18,16:00:29,Jim,Toaster,no,no,,,
ID2820,2015-02-18,16:00:29,Jim,Washing Machine,yes,yes,29.0,47.0,4.0
ID2821,2015-02-18,16:03:22,Jim,Air Conditioner,yes,yes,56.0,390.0,3.0
ID2822,2015-02-18,16:03:22,Diane,Air Conditioner,yes,no,58.0,165.0,4.0
ID2823,2015-02-18,16:58:05,Martha,Air Conditioner,yes,yes,68.0,182.0,5.0
ID2824,2015-02-18,16:58:05,Jim,Fridge,yes,no,114.0,65.0,3.0
ID2825,2015-02-18,16:59:31,Greg,Air Conditioner,yes,yes,11.0,188.0,3.0
ID2826,2015-02-18,16:59:31,Becky,Television,yes,yes,46.0,103.0,3.0
ID2827,2015-02-19,09:01:26,Jim,Fridge,yes,yes,78.0,405.0,4.0
ID2828,2015-02-19,09:01:26,Joe,Toaster,no,no,,,
ID2829,2015-02-19,09:17:17,Joe,Fridge,yes,yes,53.0,300.0,3.0
ID2830,2015-02-19,09:17:17,Jim,Toaster,yes,yes,37.0,200.0,1.0
ID2831,2015-02-19,09:18:43,Diane,Television,yes,yes,111.0,220.0,4.0
ID2832,2015-02-19,09:18:43,Dan,Washing Machine,yes,no,14.0,53.0,5.0
ID2833,2015-02-19,09:25:55,Diane,Television,yes,yes,82.0,168.0,3.0
ID2834,2015-02-19,09:25:55,Stewart,Washing Machine,no,no,,,
ID2835,2015-02-19,10:46:34,Dan,Toaster,no,no,,,
ID2836,2015-02-19,10:46:34,Jim,Fridge,no,no,,,
ID2837,2015-02-19,11:22:34,Stewart,Washing Machine,yes,yes,69.0,293.0,3.0
ID2838,2015-02-19,11:22:34,Diane,Television,yes,yes,21.0,414.0,3.0
ID2839,2015-02-19,11:42:43,Becky,Toaster,yes,yes,113.0,41.0,2.0
ID2840,2015-02-19,11:42:43,Martha,Television,yes,yes,34.0,210.0,3.0
ID2841,2015-02-19,11:54:14,Jim,Toaster,yes,no,26.0,39.0,3.0
ID2842,2015-02-19,11:54:14,Jim,Fridge,yes,yes,76.0,320.0,3.0
ID2843,2015-02-19,12:15:50,Diane,Fridge,no,no,,,
ID2844,2015-02-19,12:15:50,Martha,Toaster,no,no,,,
ID2845,2015-02-19,13:29:17,Jim,Air Conditioner,yes,yes,63.0,226.0,1.0
ID2846,2015-02-19,13:29:17,Stewart,Fridge,yes,yes,80.0,248.0,3.0
ID2847,2015-02-19,13:32:10,Jim,Fridge,yes,yes,36.0,377.0,1.0
ID2848,2015-02-19,13:32:10,Diane,Fridge,yes,yes,22.0,114.0,5.0
ID2849,2015-02-19,13:45:07,Stewart,Television,yes,yes,80.0,267.0,2.0
ID2850,2015-02-19,13:45:07,Jim,Air Conditioner,yes,yes,109.0,44.0,1.0
ID2851,2015-02-19,14:22:34,Stewart,Air Conditioner,yes,yes,80.0,338.0,3.0
ID2852,2015-02-19,14:22:34,Joe,Fridge,yes,yes,108.0,287.0,4.0
ID2853,2015-02-19,14:26:53,Becky,Washing Machine,yes,yes,10.0,344.0,4.0
ID2854,2015-02-19,14:26:53,Greg,Air Conditioner,no,no,,,
ID2855,2015-02-19,14:45:36,Martha,Air Conditioner,yes,yes,115.0,158.0,3.0
ID2856,2015-02-19,14:45:36,Becky,Fridge,yes,yes,79.0,270.0,3.0
ID2857,2015-02-19,14:52:48,Stewart,Fridge,yes,yes,109.0,39.0,2.0
ID2858,2015-02-19,14:52:48,Jim,Washing Machine,yes,yes,12.0,314.0,4.0
ID2859,2015-02-19,15:02:53,Joe,Television,yes,yes,87.0,134.0,3.0
ID2860,2015-02-19,15:02:53,Stewart,Fridge,yes,yes,55.0,340.0,3.0
ID2861,2015-02-19,15:33:07,Joe,Toaster,yes,yes,109.0,334.0,4.0
ID2862,2015-02-19,15:33:07,Becky,Washing Machine,no,no,,,
ID2863,2015-02-19,15:33:07,Diane,Toaster,no,no,,,
ID2864,2015-02-19,15:33:07,Becky,Toaster,yes,yes,12.0,69.0,4.0
ID2865,2015-02-19,16:04:48,Martha,Toaster,yes,yes,71.0,171.0,5.0
ID2866,2015-02-19,16:04:48,Dan,Air Conditioner,no,no,,,
ID2867,2015-02-19,16:26:24,Stewart,Television,yes,no,104.0,389.0,4.0
ID2868,2015-02-19,16:26:24,Stewart,Toaster,yes,yes,110.0,113.0,1.0
ID2869,2015-02-19,17:21:07,Martha,Television,yes,yes,108.0,164.0,1.0
ID2870,2015-02-19,17:21:07,Dan,Air Conditioner,yes,yes,88.0,55.0,1.0
ID2871,2015-02-19,17:29:46,Stewart,Washing Machine,no,no,,,
ID2872,2015-02-19,17:29:46,Joe,Fridge,yes,yes,32.0,367.0,1.0
ID2873,2015-02-19,17:38:24,Diane,Washing Machine,yes,yes,37.0,373.0,4.0
ID2874,2015-02-19,17:38:24,Greg,Toaster,yes,yes,58.0,204.0,5.0
ID2875,2015-02-20,09:24:29,Greg,Washing Machine,yes,yes,61.0,246.0,4.0
ID2876,2015-02-20,09:24:29,Jim,Washing Machine,yes,yes,39.0,105.0,1.0
ID2877,2015-02-20,09:33:07,Joe,Washing Machine,yes,yes,39.0,341.0,4.0
ID2878,2015-02-20,09:33:07,Diane,Television,yes,yes,53.0,107.0,5.0
ID2879,2015-02-20,10:01:55,Joe,Washing Machine,no,no,,,
ID2880,2015-02-20,10:01:55,Stewart,Television,yes,yes,64.0,311.0,4.0
ID2881,2015-02-20,10:10:34,Joe,Air Conditioner,yes,yes,77.0,220.0,3.0
ID2882,2015-02-20,10:10:34,Dan,Washing Machine,yes,yes,20.0,49.0,1.0
ID2883,2015-02-20,10:24:58,Martha,Washing Machine,no,no,,,
ID2884,2015-02-20,10:24:58,Joe,Fridge,no,no,,,
ID2885,2015-02-20,10:50:53,Dan,Fridge,yes,yes,26.0,372.0,5.0
ID2886,2015-02-20,10:50:53,Diane,Air Conditioner,yes,yes,33.0,299.0,3.0
ID2887,2015-02-20,11:00:58,Jim,Fridge,no,no,,,
ID2888,2015-02-20,11:00:58,Becky,Washing Machine,yes,yes,122.0,128.0,3.0
ID2889,2015-02-20,11:11:02,Martha,Washing Machine,no,no,,,
ID2890,2015-02-20,11:11:02,Martha,Toaster,yes,yes,75.0,225.0,3.0
ID2891,2015-02-20,11:21:07,Martha,Fridge,yes,yes,27.0,98.0,4.0
ID2892,2015-02-20,11:21:07,Diane,Washing Machine,yes,yes,37.0,347.0,3.0
ID2893,2015-02-20,11:34:05,Diane,Fridge,yes,yes,24.0,144.0,3.0
ID2894,2015-02-20,11:34:05,Becky,Television,yes,yes,70.0,322.0,1.0
ID2895,2015-02-20,11:41:17,Becky,Air Conditioner,yes,yes,117.0,114.0,4.0
ID2896,2015-02-20,11:41:17,Diane,Toaster,yes,yes,15.0,276.0,1.0
ID2897,2015-02-20,11:54:14,Greg,Television,yes,yes,20.0,214.0,3.0
ID2898,2015-02-20,11:54:14,Dan,Television,yes,yes,36.0,255.0,2.0
ID2899,2015-02-20,12:02:53,Diane,Air Conditioner,yes,yes,63.0,287.0,1.0
ID2900,2015-02-20,12:02:53,Becky,Toaster,yes,yes,20.0,381.0,3.0
ID2901,2015-02-20,12:10:05,Dan,Washing Machine,yes,no,115.0,334.0,4.0
ID2902,2015-02-20,12:10:05,Joe,Washing Machine,no,no,,,
ID2903,2015-02-20,12:25:55,Dan,Air Conditioner,yes,yes,95.0,297.0,3.0
ID2904,2015-02-20,12:25:55,Becky,Toaster,yes,yes,114.0,186.0,4.0
ID2905,2015-02-20,12:46:05,Martha,Washing Machine,yes,yes,71.0,121.0,4.0
ID2906,2015-02-20,12:46:05,Stewart,Toaster,yes,yes,44.0,362.0,1.0
ID2907,2015-02-20,12:51:50,Greg,Air Conditioner,no,no,,,
ID2908,2015-02-20,12:51:50,Becky,Air Conditioner,no,no,,,
ID2909,2015-02-20,13:35:02,Stewart,Toaster,yes,yes,24.0,114.0,3.0
ID2910,2015-02-20,13:35:02,Greg,Television,no,no,,,
ID2911,2015-02-20,13:56:38,Dan,Washing Machine,yes,yes,70.0,178.0,3.0
ID2912,2015-02-20,13:56:38,Jim,Television,no,no,,,
ID2913,2015-02-20,14:13:55,Dan,Fridge,yes,yes,33.0,39.0,1.0
ID2914,2015-02-20,14:13:55,Diane,Washing Machine,no,no,,,
ID2915,2015-02-20,14:28:19,Greg,Fridge,yes,no,15.0,331.0,1.0
ID2916,2015-02-20,14:28:19,Joe,Television,yes,yes,103.0,295.0,4.0
ID2917,2015-02-20,15:07:12,Martha,Washing Machine,yes,yes,61.0,349.0,5.0
ID2918,2015-02-20,15:07:12,Greg,Fridge,no,no,,,
ID2919,2015-02-20,15:11:31,Greg,Washing Machine,yes,yes,32.0,84.0,4.0
ID2920,2015-02-20,15:11:31,Dan,Fridge,yes,yes,33.0,102.0,4.0
ID2921,2015-02-20,15:12:58,Becky,Toaster,yes,yes,30.0,350.0,3.0
ID2922,2015-02-20,15:12:58,Stewart,Television,yes,yes,36.0,325.0,4.0
ID2923,2015-02-20,15:21:36,Dan,Air Conditioner,yes,yes,16.0,259.0,4.0
ID2924,2015-02-20,15:21:36,Stewart,Air Conditioner,yes,yes,60.0,266.0,3.0
ID2925,2015-02-20,15:53:17,Stewart,Air Conditioner,no,no,,,
ID2926,2015-02-20,15:53:17,Stewart,Washing Machine,yes,yes,42.0,295.0,4.0
ID2927,2015-02-20,16:00:29,Dan,Washing Machine,yes,yes,58.0,340.0,1.0
ID2928,2015-02-20,16:00:29,Greg,Toaster,yes,no,44.0,137.0,1.0
ID2929,2015-02-20,16:10:34,Martha,Television,yes,no,72.0,153.0,1.0
ID2930,2015-02-20,16:10:34,Stewart,Television,yes,yes,13.0,237.0,4.0
ID2931,2015-02-20,16:14:53,Jim,Television,yes,yes,113.0,211.0,4.0
ID2932,2015-02-20,16:14:53,Joe,Television,no,no,,,
ID2933,2015-02-20,16:16:19,Greg,Washing Machine,yes,yes,51.0,390.0,4.0
ID2934,2015-02-20,16:16:19,Greg,Washing Machine,yes,no,85.0,313.0,1.0
ID2935,2015-02-20,16:32:10,Stewart,Toaster,yes,no,27.0,384.0,4.0
ID2936,2015-02-20,16:32:10,Dan,Washing Machine,yes,yes,75.0,204.0,3.0
ID2937,2015-02-20,16:52:19,Jim,Washing Machine,yes,yes,63.0,333.0,2.0
ID2938,2015-02-20,16:52:19,Dan,Fridge,no,no,,,
ID2939,2015-02-20,17:25:26,Diane,Toaster,yes,yes,22.0,50.0,3.0
ID2940,2015-02-20,17:25:26,Becky,Washing Machine,no,no,,,
ID2941,2015-02-20,17:57:07,Stewart,Fridge,yes,no,106.0,225.0,3.0
ID2942,2015-02-20,17:57:07,Greg,Television,yes,yes,86.0,159.0,4.0
ID2943,2015-02-21,09:57:36,Stewart,Washing Machine,yes,yes,55.0,363.0,3.0
ID2944,2015-02-21,09:57:36,Martha,Fridge,yes,yes,74.0,406.0,2.0
ID2945,2015-02-21,10:12:00,Stewart,Fridge,yes,yes,53.0,379.0,5.0
ID2946,2015-02-21,10:12:00,Joe,Air Conditioner,yes,yes,115.0,124.0,3.0
ID2947,2015-02-21,10:22:05,Jim,Fridge,yes,yes,29.0,89.0,4.0
ID2948,2015-02-21,10:22:05,Joe,Toaster,yes,yes,16.0,129.0,4.0
ID2949,2015-02-21,11:06:43,Martha,Air Conditioner,yes,no,26.0,225.0,3.0
ID2950,2015-02-21,11:06:43,Becky,Air Conditioner,yes,yes,71.0,229.0,1.0
ID2951,2015-02-21,11:08:10,Joe,Television,yes,yes,109.0,270.0,4.0
ID2952,2015-02-21,11:08:10,Joe,Air Conditioner,yes,yes,102.0,229.0,5.0
ID2953,2015-02-21,11:12:29,Joe,Toaster,yes,yes,115.0,36.0,4.0
ID2954,2015-02-21,11:12:29,Diane,Air Conditioner,yes,yes,48.0,147.0,4.0
ID2955,2015-02-21,11:35:31,Dan,Television,yes,yes,41.0,267.0,5.0
ID2956,2015-02-21,11:35:31,Greg,Air Conditioner,yes,yes,97.0,190.0,4.0
ID2957,2015-02-21,11:42:43,Martha,Toaster,yes,no,39.0,201.0,3.0
ID2958,2015-02-21,11:42:43,Becky,Fridge,no,no,,,
ID2959,2015-02-21,11:54:14,Jim,Toaster,yes,yes,73.0,73.0,3.0
ID2960,2015-02-21,11:54:14,Dan,Washing Machine,yes,yes,25.0,66.0,1.0
ID2961,2015-02-21,12:21:36,Becky,Television,yes,yes,84.0,229.0,3.0
ID2962,2015-02-21,12:21:36,Becky,Air Conditioner,yes,yes,99.0,155.0,5.0
ID2963,2015-02-21,12:25:55,Jim,Television,yes,yes,108.0,328.0,3.0
ID2964,2015-02-21,12:25:55,Greg,Toaster,yes,yes,80.0,137.0,4.0
ID2965,2015-02-21,12:57:36,Becky,Toaster,yes,yes,77.0,74.0,4.0
ID2966,2015-02-21,12:57:36,Stewart,Fridge,yes,yes,14.0,90.0,5.0
ID2967,2015-02-21,13:14:53,Stewart,Air Conditioner,yes,no,69.0,309.0,5.0
ID2968,2015-02-21,13:14:53,Jim,Washing Machine,yes,yes,91.0,53.0,3.0
ID2969,2015-02-21,13:35:02,Greg,Toaster,no,no,,,
ID2970,2015-02-21,13:35:02,Becky,Toaster,yes,yes,125.0,189.0,1.0
ID2971,2015-02-21,13:56:38,Becky,Television,yes,yes,25.0,359.0,4.0
ID2972,2015-02-21,13:56:38,Dan,Toaster,yes,yes,60.0,284.0,4.0
ID2973,2015-02-21,13:59:31,Becky,Air Conditioner,yes,no,97.0,280.0,3.0
ID2974,2015-02-21,13:59:31,Dan,Fridge,yes,yes,41.0,296.0,1.0
ID2975,2015-02-21,14:29:46,Stewart,Toaster,no,no,,,
ID2976,2015-02-21,14:29:46,Greg,Television,yes,yes,47.0,419.0,4.0
ID2977,2015-02-21,14:47:02,Becky,Washing Machine,no,no,,,
ID2978,2015-02-21,14:47:02,Jim,Television,yes,yes,82.0,394.0,5.0
ID2979,2015-02-21,14:58:34,Greg,Fridge,yes,yes,94.0,283.0,4.0
ID2980,2015-02-21,14:58:34,Becky,Washing Machine,yes,yes,43.0,282.0,4.0
ID2981,2015-02-21,15:10:05,Stewart,Air Conditioner,yes,yes,27.0,246.0,1.0
ID2982,2015-02-21,15:10:05,Joe,Air Conditioner,yes,no,15.0,170.0,3.0
ID2983,2015-02-21,15:44:38,Jim,Air Conditioner,yes,yes,21.0,82.0,4.0
ID2984,2015-02-21,15:44:38,Dan,Air Conditioner,yes,yes,30.0,105.0,5.0
ID2985,2015-02-21,15:46:05,Diane,Fridge,yes,no,106.0,130.0,1.0
ID2986,2015-02-21,15:46:05,Jim,Fridge,yes,yes,56.0,321.0,3.0
ID2987,2015-02-21,16:23:31,Dan,Toaster,yes,yes,100.0,393.0,5.0
ID2988,2015-02-21,16:23:31,Diane,Television,yes,yes,48.0,345.0,3.0
ID2989,2015-02-21,16:59:31,Jim,Television,yes,yes,74.0,216.0,5.0
ID2990,2015-02-21,16:59:31,Stewart,Fridge,yes,yes,100.0,240.0,1.0
ID2991,2015-02-21,17:19:41,Diane,Toaster,yes,no,90.0,163.0,3.0
ID2992,2015-02-21,17:19:41,Becky,Air Conditioner,no,no,,,
ID2993,2015-02-21,17:21:07,Dan,Toaster,yes,yes,43.0,380.0,5.0
ID2994,2015-02-21,17:21:07,Joe,Toaster,yes,yes,68.0,313.0,4.0
ID2995,2015-02-21,17:49:55,Jim,Television,no,no,,,
ID2996,2015-02-21,17:49:55,Diane,Fridge,yes,yes,65.0,318.0,1.0
ID2997,2015-02-22,09:04:19,Greg,Fridge,yes,yes,125.0,118.0,5.0
ID2998,2015-02-22,09:04:19,Joe,Fridge,yes,yes,62.0,313.0,4.0
ID2999,2015-02-22,09:44:38,Jim,Toaster,yes,yes,24.0,130.0,3.0
ID3000,2015-02-22,09:44:38,Becky,Television,no,no,,,
ID3001,2015-02-22,11:12:29,Jim,Television,yes,yes,41.0,136.0,4.0
ID3002,2015-02-22,11:12:29,Becky,Television,yes,yes,81.0,113.0,3.0
ID3003,2015-02-22,11:13:55,Diane,Air Conditioner,yes,yes,21.0,328.0,5.0
ID3004,2015-02-22,11:13:55,Joe,Fridge,no,no,,,
ID3005,2015-02-22,11:29:46,Jim,Television,no,no,,,
ID3006,2015-02-22,11:29:46,Jim,Washing Machine,yes,yes,42.0,267.0,4.0
ID3007,2015-02-22,11:58:34,Greg,Television,yes,yes,79.0,320.0,5.0
ID3008,2015-02-22,11:58:34,Greg,Air Conditioner,yes,yes,120.0,293.0,4.0
ID3009,2015-02-22,12:04:19,Dan,Fridge,yes,yes,10.0,153.0,4.0
ID3010,2015-02-22,12:04:19,Jim,Television,yes,yes,21.0,304.0,1.0
ID3011,2015-02-22,13:01:55,Diane,Air Conditioner,yes,no,16.0,215.0,5.0
ID3012,2015-02-22,13:01:55,Joe,Toaster,yes,yes,34.0,378.0,5.0
ID3013,2015-02-22,13:19:12,Diane,Washing Machine,yes,yes,116.0,412.0,1.0
ID3014,2015-02-22,13:19:12,Greg,Fridge,yes,yes,28.0,385.0,2.0
ID3015,2015-02-22,13:30:43,Martha,Air Conditioner,yes,yes,75.0,153.0,3.0
ID3016,2015-02-22,13:30:43,Martha,Toaster,no,no,,,
ID3017,2015-02-22,14:06:43,Joe,Toaster,yes,no,29.0,213.0,2.0
ID3018,2015-02-22,14:06:43,Jim,Air Conditioner,no,no,,,
ID3019,2015-02-22,14:32:38,Becky,Air Conditioner,no,no,,,
ID3020,2015-02-22,14:32:38,Dan,Air Conditioner,yes,yes,118.0,130.0,4.0
ID3021,2015-02-22,14:32:38,Dan,Fridge,yes,yes,87.0,303.0,3.0
ID3022,2015-02-22,14:32:38,Diane,Television,yes,no,100.0,405.0,3.0
ID3023,2015-02-22,15:12:58,Becky,Fridge,yes,yes,114.0,305.0,2.0
ID3024,2015-02-22,15:12:58,Stewart,Air Conditioner,yes,yes,69.0,35.0,4.0
ID3025,2015-02-22,15:18:43,Jim,Fridge,yes,yes,112.0,119.0,3.0
ID3026,2015-02-22,15:18:43,Dan,Air Conditioner,no,no,,,
ID3027,2015-02-22,15:37:26,Stewart,Television,yes,yes,48.0,113.0,3.0
ID3028,2015-02-22,15:37:26,Becky,Toaster,yes,yes,92.0,86.0,2.0
ID3029,2015-02-22,15:37:26,Jim,Television,yes,yes,102.0,393.0,4.0
ID3030,2015-02-22,15:37:26,Martha,Air Conditioner,yes,yes,16.0,390.0,3.0
ID3031,2015-02-22,15:41:46,Joe,Air Conditioner,yes,yes,58.0,173.0,5.0
ID3032,2015-02-22,15:41:46,Becky,Washing Machine,yes,yes,87.0,101.0,5.0
ID3033,2015-02-22,15:48:58,Joe,Washing Machine,yes,yes,88.0,76.0,4.0
ID3034,2015-02-22,15:48:58,Dan,Fridge,yes,yes,59.0,222.0,3.0
ID3035,2015-02-22,16:26:24,Jim,Television,yes,yes,11.0,194.0,3.0
ID3036,2015-02-22,16:26:24,Joe,Air Conditioner,yes,yes,75.0,392.0,3.0
ID3037,2015-02-22,16:39:22,Greg,Fridge,yes,yes,64.0,397.0,3.0
ID3038,2015-02-22,16:39:22,Becky,Television,yes,yes,95.0,315.0,1.0
ID3039,2015-02-22,16:55:12,Martha,Air Conditioner,yes,yes,94.0,301.0,4.0
ID3040,2015-02-22,16:55:12,Greg,Toaster,no,no,,,
ID3041,2015-02-22,17:03:50,Joe,Washing Machine,no,no,,,
ID3042,2015-02-22,17:03:50,Becky,Fridge,no,no,,,
ID3043,2015-02-22,17:09:36,Dan,Washing Machine,no,no,,,
ID3044,2015-02-22,17:09:36,Diane,Washing Machine,yes,yes,41.0,128.0,3.0
ID3045,2015-02-22,17:19:41,Diane,Fridge,yes,yes,38.0,227.0,3.0
ID3046,2015-02-22,17:19:41,Martha,Television,yes,yes,33.0,101.0,5.0
ID3047,2015-02-23,09:02:53,Dan,Air Conditioner,yes,yes,49.0,61.0,3.0
ID3048,2015-02-23,09:02:53,Dan,Television,yes,yes,97.0,45.0,5.0
ID3049,2015-02-23,09:23:02,Becky,Toaster,yes,yes,23.0,172.0,3.0
ID3050,2015-02-23,09:23:02,Joe,Air Conditioner,yes,yes,60.0,376.0,3.0
ID3051,2015-02-23,09:43:12,Martha,Air Conditioner,yes,yes,48.0,383.0,2.0
ID3052,2015-02-23,09:43:12,Diane,Washing Machine,yes,yes,28.0,105.0,4.0
ID3053,2015-02-23,10:24:58,Martha,Air Conditioner,yes,yes,104.0,343.0,4.0
ID3054,2015-02-23,10:24:58,Greg,Washing Machine,yes,yes,115.0,82.0,4.0
ID3055,2015-02-23,10:43:41,Becky,Fridge,yes,no,89.0,111.0,3.0
ID3056,2015-02-23,10:43:41,Martha,Washing Machine,no,no,,,
ID3057,2015-02-23,10:49:26,Stewart,Air Conditioner,yes,yes,111.0,257.0,3.0
ID3058,2015-02-23,10:49:26,Jim,Toaster,yes,yes,17.0,377.0,5.0
ID3059,2015-02-23,11:22:34,Diane,Air Conditioner,yes,yes,112.0,63.0,3.0
ID3060,2015-02-23,11:22:34,Stewart,Television,yes,no,100.0,264.0,5.0
ID3061,2015-02-23,12:01:26,Becky,Toaster,no,no,,,
ID3062,2015-02-23,12:01:26,Diane,Fridge,yes,yes,40.0,253.0,3.0
ID3063,2015-02-23,12:41:46,Martha,Washing Machine,no,no,,,
ID3064,2015-02-23,12:41:46,Becky,Fridge,yes,yes,29.0,70.0,3.0
ID3065,2015-02-23,12:59:02,Jim,Fridge,yes,no,39.0,393.0,4.0
ID3066,2015-02-23,12:59:02,Diane,Toaster,yes,yes,41.0,77.0,3.0
ID3067,2015-02-23,13:26:24,Stewart,Television,no,no,,,
ID3068,2015-02-23,13:26:24,Martha,Air Conditioner,no,no,,,
ID3069,2015-02-23,13:37:55,Becky,Fridge,yes,yes,56.0,37.0,5.0
ID3070,2015-02-23,13:37:55,Diane,Television,yes,yes,76.0,135.0,1.0
ID3071,2015-02-23,13:45:07,Greg,Fridge,yes,no,36.0,65.0,3.0
ID3072,2015-02-23,13:45:07,Jim,Television,yes,yes,111.0,102.0,3.0
ID3073,2015-02-23,14:28:19,Becky,Toaster,yes,yes,17.0,183.0,4.0
ID3074,2015-02-23,14:28:19,Diane,Toaster,yes,yes,121.0,202.0,5.0
ID3075,2015-02-23,14:34:05,Stewart,Toaster,yes,yes,69.0,364.0,4.0
ID3076,2015-02-23,14:34:05,Jim,Washing Machine,yes,yes,111.0,207.0,3.0
ID3077,2015-02-23,14:38:24,Martha,Air Conditioner,no,no,,,
ID3078,2015-02-23,14:38:24,Jim,Air Conditioner,yes,yes,86.0,277.0,3.0
ID3079,2015-02-23,14:48:29,Dan,Toaster,yes,yes,77.0,412.0,4.0
ID3080,2015-02-23,14:48:29,Jim,Washing Machine,yes,yes,70.0,288.0,3.0
ID3081,2015-02-23,14:54:14,Greg,Television,yes,yes,82.0,85.0,3.0
ID3082,2015-02-23,14:54:14,Joe,Toaster,no,no,,,
ID3083,2015-02-23,15:21:36,Becky,Washing Machine,yes,yes,69.0,136.0,1.0
ID3084,2015-02-23,15:21:36,Jim,Air Conditioner,no,no,,,
ID3085,2015-02-23,15:30:14,Joe,Washing Machine,yes,yes,56.0,81.0,1.0
ID3086,2015-02-23,15:30:14,Greg,Washing Machine,yes,yes,95.0,368.0,1.0
ID3087,2015-02-23,15:34:34,Jim,Fridge,no,no,,,
ID3088,2015-02-23,15:34:34,Greg,Television,yes,yes,13.0,366.0,3.0
ID3089,2015-02-23,15:47:31,Joe,Toaster,yes,yes,52.0,299.0,4.0
ID3090,2015-02-23,15:47:31,Joe,Air Conditioner,yes,no,40.0,352.0,4.0
ID3091,2015-02-23,16:40:48,Greg,Fridge,no,no,,,
ID3092,2015-02-23,16:40:48,Martha,Washing Machine,yes,yes,124.0,402.0,5.0
ID3093,2015-02-23,16:55:12,Greg,Toaster,yes,yes,99.0,404.0,4.0
ID3094,2015-02-23,16:55:12,Becky,Television,yes,yes,99.0,398.0,4.0
ID3095,2015-02-23,17:11:02,Diane,Toaster,yes,yes,86.0,265.0,4.0
ID3096,2015-02-23,17:11:02,Joe,Air Conditioner,yes,yes,118.0,53.0,2.0
ID3097,2015-02-23,17:24:00,Martha,Washing Machine,yes,yes,50.0,383.0,4.0
ID3098,2015-02-23,17:24:00,Martha,Fridge,no,no,,,
ID3099,2015-02-23,17:29:46,Becky,Television,yes,yes,52.0,213.0,1.0
ID3100,2015-02-23,17:29:46,Diane,Air Conditioner,yes,yes,34.0,285.0,4.0
ID3101,2015-02-24,09:36:00,Greg,Toaster,yes,yes,37.0,227.0,3.0
ID3102,2015-02-24,09:36:00,Dan,Fridge,yes,yes,75.0,180.0,4.0
ID3103,2015-02-24,12:59:02,Dan,Air Conditioner,yes,yes,85.0,73.0,2.0
ID3104,2015-02-24,12:59:02,Diane,Fridge,yes,yes,25.0,263.0,3.0
ID3105,2015-02-24,13:00:29,Stewart,Fridge,no,no,,,
ID3106,2015-02-24,13:00:29,Dan,Washing Machine,no,no,,,
ID3107,2015-02-24,13:17:46,Joe,Television,yes,yes,70.0,48.0,4.0
ID3108,2015-02-24,13:17:46,Diane,Air Conditioner,yes,yes,103.0,206.0,4.0
ID3109,2015-02-24,13:35:02,Stewart,Toaster,yes,yes,71.0,417.0,5.0
ID3110,2015-02-24,13:35:02,Becky,Air Conditioner,yes,yes,51.0,71.0,4.0
ID3111,2015-02-24,13:49:26,Jim,Toaster,yes,yes,103.0,31.0,5.0
ID3112,2015-02-24,13:49:26,Joe,Toaster,yes,yes,98.0,175.0,5.0
ID3113,2015-02-24,13:58:05,Greg,Toaster,yes,yes,65.0,203.0,2.0
ID3114,2015-02-24,13:58:05,Dan,Fridge,yes,yes,104.0,298.0,4.0
ID3115,2015-02-24,14:24:00,Jim,Toaster,yes,yes,82.0,285.0,2.0
ID3116,2015-02-24,14:24:00,Martha,Toaster,yes,yes,26.0,172.0,4.0
ID3117,2015-02-24,14:34:05,Diane,Toaster,yes,no,84.0,216.0,3.0
ID3118,2015-02-24,14:34:05,Greg,Air Conditioner,yes,yes,106.0,343.0,4.0
ID3119,2015-02-24,14:41:17,Joe,Fridge,yes,yes,92.0,101.0,4.0
ID3120,2015-02-24,14:41:17,Joe,Fridge,no,no,,,
ID3121,2015-02-24,15:17:17,Becky,Washing Machine,yes,yes,122.0,180.0,1.0
ID3122,2015-02-24,15:17:17,Becky,Washing Machine,yes,yes,92.0,164.0,4.0
ID3123,2015-02-24,15:21:36,Diane,Toaster,no,no,,,
ID3124,2015-02-24,15:21:36,Jim,Television,yes,yes,61.0,264.0,5.0
ID3125,2015-02-24,15:28:48,Martha,Air Conditioner,yes,yes,27.0,115.0,5.0
ID3126,2015-02-24,15:28:48,Becky,Air Conditioner,yes,yes,68.0,108.0,1.0
ID3127,2015-02-24,15:41:46,Diane,Air Conditioner,no,no,,,
ID3128,2015-02-24,15:41:46,Greg,Air Conditioner,yes,yes,59.0,42.0,4.0
ID3129,2015-02-24,16:07:41,Joe,Toaster,no,no,,,
ID3130,2015-02-24,16:07:41,Joe,Air Conditioner,yes,yes,110.0,350.0,4.0
ID3131,2015-02-24,16:23:31,Jim,Air Conditioner,yes,yes,23.0,139.0,4.0
ID3132,2015-02-24,16:23:31,Diane,Washing Machine,yes,yes,60.0,369.0,5.0
ID3133,2015-02-24,16:37:55,Stewart,Toaster,yes,yes,89.0,147.0,3.0
ID3134,2015-02-24,16:37:55,Martha,Fridge,yes,yes,48.0,246.0,3.0
ID3135,2015-02-24,16:42:14,Joe,Fridge,yes,yes,52.0,294.0,5.0
ID3136,2015-02-24,16:42:14,Jim,Toaster,yes,yes,49.0,198.0,1.0
ID3137,2015-02-24,16:48:00,Becky,Air Conditioner,yes,yes,33.0,278.0,2.0
ID3138,2015-02-24,16:48:00,Jim,Air Conditioner,yes,yes,108.0,259.0,4.0
ID3139,2015-02-24,17:13:55,Jim,Toaster,no,no,,,
ID3140,2015-02-24,17:13:55,Joe,Toaster,yes,yes,21.0,295.0,5.0
ID3141,2015-02-24,17:16:48,Martha,Washing Machine,yes,yes,23.0,228.0,5.0
ID3142,2015-02-24,17:16:48,Dan,Air Conditioner,no,no,,,
ID3143,2015-02-24,17:28:19,Becky,Washing Machine,yes,yes,73.0,333.0,5.0
ID3144,2015-02-24,17:28:19,Dan,Air Conditioner,no,no,,,
ID3145,2015-02-24,17:36:58,Stewart,Air Conditioner,yes,yes,22.0,253.0,3.0
ID3146,2015-02-24,17:36:58,Martha,Toaster,no,no,,,
ID3147,2015-02-24,17:42:43,Stewart,Fridge,yes,no,12.0,343.0,4.0
ID3148,2015-02-24,17:42:43,Joe,Television,yes,yes,111.0,265.0,3.0
ID3149,2015-02-24,17:47:02,Jim,Fridge,yes,yes,97.0,225.0,5.0
ID3150,2015-02-24,17:47:02,Diane,Television,yes,yes,93.0,330.0,4.0
ID3151,2015-02-24,17:55:41,Becky,Television,yes,yes,24.0,145.0,3.0
ID3152,2015-02-24,17:55:41,Martha,Air Conditioner,yes,yes,84.0,109.0,1.0
ID3153,2015-02-25,09:10:05,Stewart,Washing Machine,yes,yes,17.0,115.0,4.0
ID3154,2015-02-25,09:10:05,Stewart,Air Conditioner,yes,yes,55.0,243.0,4.0
ID3155,2015-02-25,09:10:05,Greg,Toaster,yes,yes,118.0,72.0,3.0
ID3156,2015-02-25,09:10:05,Dan,Television,yes,yes,109.0,177.0,5.0
ID3157,2015-02-25,09:15:50,Stewart,Air Conditioner,yes,yes,33.0,156.0,4.0
ID3158,2015-02-25,09:15:50,Joe,Washing Machine,yes,yes,18.0,358.0,4.0
ID3159,2015-02-25,10:06:14,Stewart,Fridge,yes,yes,99.0,252.0,2.0
ID3160,2015-02-25,10:06:14,Martha,Washing Machine,yes,yes,111.0,148.0,3.0
ID3161,2015-02-25,10:19:12,Diane,Fridge,no,no,,,
ID3162,2015-02-25,10:19:12,Diane,Toaster,yes,yes,82.0,406.0,5.0
ID3163,2015-02-25,10:20:38,Becky,Fridge,yes,yes,48.0,340.0,3.0
ID3164,2015-02-25,10:20:38,Joe,Air Conditioner,yes,yes,83.0,293.0,3.0
ID3165,2015-02-25,10:46:34,Dan,Air Conditioner,yes,yes,102.0,131.0,5.0
ID3166,2015-02-25,10:46:34,Joe,Fridge,yes,yes,124.0,83.0,1.0
ID3167,2015-02-25,10:52:19,Martha,Television,no,no,,,
ID3168,2015-02-25,10:52:19,Joe,Television,yes,yes,82.0,212.0,3.0
ID3169,2015-02-25,11:09:36,Jim,Toaster,yes,no,50.0,252.0,4.0
ID3170,2015-02-25,11:09:36,Martha,Toaster,yes,yes,27.0,114.0,3.0
ID3171,2015-02-25,11:35:31,Joe,Fridge,yes,yes,96.0,166.0,4.0
ID3172,2015-02-25,11:35:31,Greg,Washing Machine,yes,yes,122.0,235.0,1.0
ID3173,2015-02-25,11:42:43,Diane,Air Conditioner,no,no,,,
ID3174,2015-02-25,11:42:43,Joe,Toaster,yes,yes,76.0,109.0,4.0
ID3175,2015-02-25,11:55:41,Dan,Fridge,yes,yes,66.0,106.0,5.0
ID3176,2015-02-25,11:55:41,Martha,Air Conditioner,yes,yes,98.0,132.0,3.0
ID3177,2015-02-25,12:04:19,Martha,Washing Machine,no,no,,,
ID3178,2015-02-25,12:04:19,Joe,Air Conditioner,yes,yes,73.0,391.0,3.0
ID3179,2015-02-25,12:05:46,Joe,Washing Machine,yes,yes,76.0,106.0,3.0
ID3180,2015-02-25,12:05:46,Greg,Television,no,no,,,
ID3181,2015-02-25,12:31:41,Jim,Fridge,yes,yes,123.0,345.0,4.0
ID3182,2015-02-25,12:31:41,Stewart,Fridge,yes,no,98.0,310.0,4.0
ID3183,2015-02-25,12:34:34,Dan,Air Conditioner,yes,yes,81.0,126.0,1.0
ID3184,2015-02-25,12:34:34,Dan,Toaster,yes,yes,52.0,415.0,4.0
ID3185,2015-02-25,12:34:34,Stewart,Toaster,yes,yes,93.0,362.0,1.0
ID3186,2015-02-25,12:34:34,Jim,Toaster,yes,yes,17.0,307.0,4.0
ID3187,2015-02-25,13:00:29,Dan,Air Conditioner,yes,yes,91.0,98.0,4.0
ID3188,2015-02-25,13:00:29,Dan,Television,yes,yes,20.0,143.0,5.0
ID3189,2015-02-25,14:11:02,Diane,Washing Machine,no,no,,,
ID3190,2015-02-25,14:11:02,Joe,Toaster,yes,yes,125.0,377.0,4.0
ID3191,2015-02-25,14:57:07,Martha,Toaster,yes,yes,46.0,186.0,2.0
ID3192,2015-02-25,14:57:07,Diane,Washing Machine,yes,yes,124.0,328.0,3.0
ID3193,2015-02-25,15:14:24,Dan,Air Conditioner,yes,yes,29.0,244.0,3.0
ID3194,2015-02-25,15:14:24,Joe,Television,yes,no,75.0,276.0,3.0
ID3195,2015-02-25,15:27:22,Martha,Air Conditioner,yes,yes,57.0,250.0,4.0
ID3196,2015-02-25,15:27:22,Dan,Fridge,no,no,,,
ID3197,2015-02-25,15:30:14,Jim,Television,yes,yes,106.0,112.0,4.0
ID3198,2015-02-25,15:30:14,Jim,Washing Machine,yes,yes,19.0,343.0,3.0
ID3199,2015-02-25,15:41:46,Jim,Air Conditioner,yes,yes,94.0,70.0,4.0
ID3200,2015-02-25,15:41:46,Stewart,Television,no,no,,,
ID3201,2015-02-25,15:54:43,Diane,Fridge,yes,yes,28.0,181.0,3.0
ID3202,2015-02-25,15:54:43,Diane,Fridge,yes,yes,11.0,139.0,4.0
ID3203,2015-02-25,16:04:48,Stewart,Fridge,yes,yes,68.0,290.0,5.0
ID3204,2015-02-25,16:04:48,Dan,Washing Machine,yes,yes,103.0,282.0,5.0
ID3205,2015-02-25,16:26:24,Stewart,Television,yes,yes,28.0,365.0,2.0
ID3206,2015-02-25,16:26:24,Martha,Air Conditioner,yes,yes,36.0,248.0,5.0
ID3207,2015-02-25,16:40:48,Dan,Air Conditioner,yes,yes,63.0,339.0,5.0
ID3208,2015-02-25,16:40:48,Dan,Washing Machine,yes,yes,14.0,35.0,5.0
ID3209,2015-02-25,17:06:43,Dan,Television,yes,yes,82.0,314.0,1.0
ID3210,2015-02-25,17:06:43,Diane,Toaster,no,no,,,
ID3211,2015-02-25,17:06:43,Martha,Fridge,yes,yes,15.0,342.0,3.0
ID3212,2015-02-25,17:06:43,Diane,Fridge,yes,yes,85.0,257.0,3.0
ID3213,2015-02-25,17:24:00,Becky,Fridge,no,no,,,
ID3214,2015-02-25,17:24:00,Greg,Toaster,yes,yes,108.0,131.0,5.0
ID3215,2015-02-25,17:47:02,Martha,Television,yes,yes,45.0,177.0,3.0
ID3216,2015-02-25,17:47:02,Joe,Air Conditioner,yes,yes,24.0,112.0,4.0
ID3217,2015-02-26,09:10:05,Greg,Television,yes,yes,75.0,270.0,2.0
ID3218,2015-02-26,09:10:05,Martha,Air Conditioner,yes,yes,68.0,383.0,5.0
ID3219,2015-02-26,09:18:43,Jim,Toaster,yes,no,104.0,81.0,4.0
ID3220,2015-02-26,09:18:43,Joe,Washing Machine,yes,no,33.0,40.0,3.0
ID3221,2015-02-26,10:12:00,Dan,Air Conditioner,yes,yes,101.0,230.0,2.0
ID3222,2015-02-26,10:12:00,Jim,Fridge,no,no,,,
ID3223,2015-02-26,10:24:58,Greg,Air Conditioner,yes,yes,41.0,184.0,1.0
ID3224,2015-02-26,10:24:58,Martha,Television,no,no,,,
ID3225,2015-02-26,10:45:07,Jim,Washing Machine,yes,yes,124.0,207.0,4.0
ID3226,2015-02-26,10:45:07,Jim,Television,yes,no,98.0,329.0,2.0
ID3227,2015-02-26,11:03:50,Greg,Toaster,yes,yes,119.0,130.0,3.0
ID3228,2015-02-26,11:03:50,Jim,Television,yes,yes,40.0,145.0,1.0
ID3229,2015-02-26,11:36:58,Greg,Toaster,no,no,,,
ID3230,2015-02-26,11:36:58,Becky,Toaster,yes,yes,97.0,329.0,2.0
ID3231,2015-02-26,11:44:10,Martha,Fridge,yes,yes,119.0,226.0,2.0
ID3232,2015-02-26,11:44:10,Becky,Air Conditioner,no,no,,,
ID3233,2015-02-26,11:45:36,Stewart,Television,yes,yes,26.0,41.0,5.0
ID3234,2015-02-26,11:45:36,Greg,Toaster,no,no,,,
ID3235,2015-02-26,12:40:19,Jim,Toaster,yes,yes,77.0,106.0,4.0
ID3236,2015-02-26,12:40:19,Jim,Air Conditioner,yes,yes,31.0,125.0,3.0
ID3237,2015-02-26,13:01:55,Becky,Fridge,no,no,,,
ID3238,2015-02-26,13:01:55,Becky,Toaster,yes,no,16.0,220.0,4.0
ID3239,2015-02-26,13:06:14,Diane,Fridge,yes,yes,117.0,389.0,4.0
ID3240,2015-02-26,13:06:14,Becky,Television,yes,no,16.0,197.0,5.0
ID3241,2015-02-26,14:05:17,Stewart,Toaster,yes,no,35.0,207.0,4.0
ID3242,2015-02-26,14:05:17,Martha,Washing Machine,yes,no,93.0,152.0,4.0
ID3243,2015-02-26,14:51:22,Joe,Television,yes,yes,39.0,176.0,1.0
ID3244,2015-02-26,14:51:22,Greg,Television,yes,no,18.0,294.0,1.0
ID3245,2015-02-26,14:54:14,Greg,Washing Machine,yes,yes,124.0,327.0,4.0
ID3246,2015-02-26,14:54:14,Greg,Television,no,no,,,
ID3247,2015-02-26,15:01:26,Becky,Television,yes,yes,10.0,239.0,1.0
ID3248,2015-02-26,15:01:26,Diane,Washing Machine,no,no,,,
ID3249,2015-02-26,15:05:46,Becky,Television,yes,yes,99.0,307.0,4.0
ID3250,2015-02-26,15:05:46,Greg,Air Conditioner,yes,yes,114.0,305.0,4.0
ID3251,2015-02-26,15:41:46,Greg,Air Conditioner,yes,yes,122.0,275.0,1.0
ID3252,2015-02-26,15:41:46,Joe,Washing Machine,no,no,,,
ID3253,2015-02-26,16:04:48,Becky,Television,no,no,,,
ID3254,2015-02-26,16:04:48,Diane,Washing Machine,yes,no,87.0,76.0,4.0
ID3255,2015-02-26,16:29:17,Dan,Television,yes,yes,63.0,206.0,3.0
ID3256,2015-02-26,16:29:17,Martha,Toaster,no,no,,,
ID3257,2015-02-26,16:49:26,Stewart,Television,yes,yes,120.0,398.0,4.0
ID3258,2015-02-26,16:49:26,Jim,Television,no,no,,,
ID3259,2015-02-26,16:58:05,Stewart,Television,no,no,,,
ID3260,2015-02-26,16:58:05,Stewart,Toaster,yes,yes,23.0,319.0,4.0
ID3261,2015-02-26,17:05:17,Martha,Air Conditioner,yes,no,122.0,228.0,5.0
ID3262,2015-02-26,17:05:17,Joe,Washing Machine,yes,yes,60.0,208.0,1.0
ID3263,2015-02-26,17:35:31,Dan,Washing Machine,yes,yes,123.0,45.0,5.0
ID3264,2015-02-26,17:35:31,Dan,Air Conditioner,yes,yes,64.0,319.0,1.0
ID3265,2015-02-26,17:36:58,Greg,Television,yes,yes,124.0,304.0,2.0
ID3266,2015-02-26,17:36:58,Diane,Washing Machine,yes,yes,102.0,139.0,4.0
ID3267,2015-02-26,17:39:50,Becky,Fridge,yes,yes,27.0,392.0,4.0
ID3268,2015-02-26,17:39:50,Becky,Fridge,yes,yes,26.0,346.0,4.0
ID3269,2015-02-26,17:42:43,Joe,Toaster,yes,yes,42.0,81.0,5.0
ID3270,2015-02-26,17:42:43,Dan,Air Conditioner,yes,yes,121.0,266.0,4.0
ID3271,2015-02-26,17:51:22,Becky,Toaster,yes,yes,91.0,385.0,3.0
ID3272,2015-02-26,17:51:22,Stewart,Air Conditioner,yes,yes,79.0,237.0,5.0
ID3273,2015-02-27,09:11:31,Stewart,Television,yes,yes,49.0,262.0,5.0
ID3274,2015-02-27,09:11:31,Martha,Television,no,no,,,
ID3275,2015-02-27,09:11:31,Martha,Washing Machine,yes,no,44.0,316.0,4.0
ID3276,2015-02-27,09:11:31,Becky,Washing Machine,no,no,,,
ID3277,2015-02-27,09:46:05,Greg,Television,no,no,,,
ID3278,2015-02-27,09:46:05,Greg,Television,yes,yes,47.0,365.0,3.0
ID3279,2015-02-27,09:50:24,Greg,Television,no,no,,,
ID3280,2015-02-27,09:50:24,Diane,Toaster,no,no,,,
ID3281,2015-02-27,09:56:10,Greg,Air Conditioner,yes,no,26.0,50.0,5.0
ID3282,2015-02-27,09:56:10,Greg,Fridge,no,no,,,
ID3283,2015-02-27,10:16:19,Martha,Fridge,yes,yes,50.0,92.0,3.0
ID3284,2015-02-27,10:16:19,Stewart,Television,yes,yes,121.0,319.0,1.0
ID3285,2015-02-27,10:50:53,Jim,Washing Machine,yes,yes,82.0,404.0,3.0
ID3286,2015-02-27,10:50:53,Diane,Fridge,yes,yes,41.0,277.0,4.0
ID3287,2015-02-27,11:47:02,Dan,Fridge,yes,yes,65.0,351.0,1.0
ID3288,2015-02-27,11:47:02,Dan,Washing Machine,yes,yes,100.0,348.0,3.0
ID3289,2015-02-27,12:14:24,Dan,Television,yes,yes,72.0,298.0,2.0
ID3290,2015-02-27,12:14:24,Dan,Television,yes,yes,120.0,48.0,5.0
ID3291,2015-02-27,12:34:34,Stewart,Washing Machine,yes,yes,59.0,72.0,3.0
ID3292,2015-02-27,12:34:34,Diane,Washing Machine,no,no,,,
ID3293,2015-02-27,12:44:38,Jim,Washing Machine,yes,yes,25.0,244.0,2.0
ID3294,2015-02-27,12:44:38,Dan,Television,yes,yes,20.0,295.0,3.0
ID3295,2015-02-27,12:56:10,Dan,Toaster,yes,yes,40.0,354.0,4.0
ID3296,2015-02-27,12:56:10,Becky,Television,yes,yes,34.0,310.0,5.0
ID3297,2015-02-27,13:07:41,Martha,Fridge,no,no,,,
ID3298,2015-02-27,13:07:41,Martha,Washing Machine,yes,yes,27.0,130.0,5.0
ID3299,2015-02-27,13:39:22,Joe,Television,yes,yes,103.0,296.0,1.0
ID3300,2015-02-27,13:39:22,Diane,Fridge,yes,yes,76.0,197.0,4.0
ID3301,2015-02-27,14:11:02,Jim,Washing Machine,no,no,,,
ID3302,2015-02-27,14:11:02,Martha,Fridge,yes,yes,23.0,162.0,4.0
ID3303,2015-02-27,14:38:24,Greg,Fridge,yes,yes,94.0,417.0,4.0
ID3304,2015-02-27,14:38:24,Dan,Air Conditioner,yes,yes,115.0,377.0,5.0
ID3305,2015-02-27,14:58:34,Martha,Air Conditioner,yes,no,11.0,190.0,3.0
ID3306,2015-02-27,14:58:34,Diane,Toaster,yes,yes,117.0,125.0,5.0
ID3307,2015-02-27,15:00:00,Diane,Washing Machine,yes,yes,110.0,392.0,5.0
ID3308,2015-02-27,15:00:00,Dan,Fridge,yes,yes,24.0,167.0,3.0
ID3309,2015-02-27,15:08:38,Jim,Television,yes,yes,31.0,278.0,3.0
ID3310,2015-02-27,15:08:38,Becky,Fridge,yes,yes,25.0,306.0,3.0
ID3311,2015-02-27,15:25:55,Stewart,Washing Machine,yes,yes,96.0,331.0,3.0
ID3312,2015-02-27,15:25:55,Becky,Television,yes,yes,48.0,43.0,2.0
ID3313,2015-02-27,16:00:29,Dan,Fridge,yes,no,110.0,156.0,5.0
ID3314,2015-02-27,16:00:29,Jim,Washing Machine,yes,no,19.0,294.0,3.0
ID3315,2015-02-27,16:20:38,Diane,Fridge,no,no,,,
ID3316,2015-02-27,16:20:38,Diane,Washing Machine,yes,yes,88.0,220.0,1.0
ID3317,2015-02-27,16:37:55,Jim,Washing Machine,yes,yes,42.0,380.0,3.0
ID3318,2015-02-27,16:37:55,Stewart,Toaster,yes,yes,111.0,398.0,4.0
ID3319,2015-02-27,16:46:34,Stewart,Air Conditioner,yes,yes,89.0,225.0,5.0
ID3320,2015-02-27,16:46:34,Dan,Television,yes,yes,32.0,340.0,2.0
ID3321,2015-02-27,16:52:19,Greg,Air Conditioner,yes,yes,118.0,358.0,3.0
ID3322,2015-02-27,16:52:19,Joe,Air Conditioner,yes,yes,21.0,46.0,4.0
ID3323,2015-02-27,17:06:43,Jim,Washing Machine,yes,yes,15.0,101.0,2.0
ID3324,2015-02-27,17:06:43,Dan,Air Conditioner,yes,yes,87.0,170.0,4.0
ID3325,2015-02-27,17:09:36,Becky,Fridge,yes,yes,18.0,376.0,1.0
ID3326,2015-02-27,17:09:36,Becky,Toaster,no,no,,,
ID3327,2015-02-28,09:07:12,Diane,Air Conditioner,yes,yes,15.0,185.0,3.0
ID3328,2015-02-28,09:07:12,Diane,Washing Machine,yes,yes,12.0,349.0,5.0
ID3329,2015-02-28,09:14:24,Stewart,Washing Machine,no,no,,,
ID3330,2015-02-28,09:14:24,Becky,Fridge,yes,yes,84.0,145.0,3.0
ID3331,2015-02-28,09:15:50,Diane,Washing Machine,no,no,,,
ID3332,2015-02-28,09:15:50,Joe,Fridge,no,no,,,
ID3333,2015-02-28,09:30:14,Dan,Television,yes,yes,55.0,227.0,4.0
ID3334,2015-02-28,09:30:14,Jim,Television,no,no,,,
ID3335,2015-02-28,10:07:41,Martha,Air Conditioner,yes,yes,63.0,209.0,5.0
ID3336,2015-02-28,10:07:41,Dan,Toaster,no,no,,,
ID3337,2015-02-28,10:27:50,Joe,Television,yes,yes,121.0,209.0,3.0
ID3338,2015-02-28,10:27:50,Joe,Fridge,yes,yes,53.0,365.0,4.0
ID3339,2015-02-28,10:33:36,Greg,Television,yes,yes,102.0,34.0,3.0
ID3340,2015-02-28,10:33:36,Joe,Washing Machine,yes,yes,92.0,372.0,2.0
ID3341,2015-02-28,11:00:58,Martha,Washing Machine,yes,yes,32.0,46.0,5.0
ID3342,2015-02-28,11:00:58,Stewart,Fridge,yes,yes,107.0,285.0,5.0
ID3343,2015-02-28,11:00:58,Diane,Fridge,yes,yes,106.0,289.0,1.0
ID3344,2015-02-28,11:00:58,Jim,Washing Machine,yes,yes,114.0,198.0,5.0
ID3345,2015-02-28,11:12:29,Diane,Toaster,yes,no,62.0,133.0,5.0
ID3346,2015-02-28,11:12:29,Dan,Toaster,yes,yes,37.0,250.0,5.0
ID3347,2015-02-28,11:26:53,Becky,Washing Machine,yes,no,116.0,360.0,4.0
ID3348,2015-02-28,11:26:53,Becky,Toaster,yes,yes,89.0,133.0,4.0
ID3349,2015-02-28,11:34:05,Jim,Washing Machine,yes,yes,37.0,285.0,4.0
ID3350,2015-02-28,11:34:05,Jim,Washing Machine,yes,yes,120.0,329.0,3.0
ID3351,2015-02-28,11:34:05,Dan,Washing Machine,yes,yes,46.0,342.0,1.0
ID3352,2015-02-28,11:34:05,Becky,Television,yes,yes,70.0,60.0,4.0
ID3353,2015-02-28,11:42:43,Diane,Air Conditioner,yes,yes,21.0,132.0,4.0
ID3354,2015-02-28,11:42:43,Joe,Fridge,yes,yes,86.0,51.0,4.0
ID3355,2015-02-28,12:40:19,Becky,Television,yes,no,54.0,330.0,2.0
ID3356,2015-02-28,12:40:19,Martha,Fridge,yes,yes,117.0,339.0,4.0
ID3357,2015-02-28,12:40:19,Greg,Fridge,no,no,,,
ID3358,2015-02-28,12:40:19,Becky,Television,yes,yes,101.0,305.0,1.0
ID3359,2015-02-28,13:09:07,Martha,Toaster,yes,yes,52.0,107.0,2.0
ID3360,2015-02-28,13:09:07,Dan,Air Conditioner,yes,yes,65.0,135.0,5.0
ID3361,2015-02-28,13:14:53,Greg,Toaster,yes,yes,84.0,308.0,5.0
ID3362,2015-02-28,13:14:53,Joe,Air Conditioner,yes,no,115.0,390.0,2.0
ID3363,2015-02-28,13:20:38,Becky,Washing Machine,no,no,,,
ID3364,2015-02-28,13:20:38,Diane,Fridge,yes,yes,22.0,206.0,4.0
ID3365,2015-02-28,13:23:31,Greg,Fridge,yes,yes,45.0,41.0,4.0
ID3366,2015-02-28,13:23:31,Jim,Fridge,no,no,,,
ID3367,2015-02-28,13:40:48,Diane,Washing Machine,no,no,,,
ID3368,2015-02-28,13:40:48,Greg,Washing Machine,yes,yes,23.0,297.0,5.0
ID3369,2015-02-28,14:03:50,Greg,Air Conditioner,yes,yes,45.0,149.0,3.0
ID3370,2015-02-28,14:03:50,Jim,Washing Machine,no,no,,,
ID3371,2015-02-28,14:48:29,Diane,Washing Machine,yes,yes,53.0,47.0,4.0
ID3372,2015-02-28,14:48:29,Greg,Washing Machine,yes,yes,76.0,305.0,4.0
ID3373,2015-02-28,14:52:48,Diane,Fridge,yes,yes,62.0,177.0,3.0
ID3374,2015-02-28,14:52:48,Martha,Television,yes,no,104.0,161.0,3.0
ID3375,2015-02-28,15:21:36,Martha,Fridge,no,no,,,
ID3376,2015-02-28,15:21:36,Martha,Washing Machine,yes,yes,72.0,374.0,1.0
ID3377,2015-02-28,15:25:55,Joe,Air Conditioner,no,no,,,
ID3378,2015-02-28,15:25:55,Greg,Fridge,yes,yes,74.0,380.0,4.0
ID3379,2015-02-28,16:06:14,Joe,Toaster,yes,yes,64.0,49.0,4.0
ID3380,2015-02-28,16:06:14,Diane,Television,yes,yes,44.0,188.0,4.0
ID3381,2015-02-28,16:07:41,Stewart,Air Conditioner,yes,yes,50.0,311.0,4.0
ID3382,2015-02-28,16:07:41,Dan,Air Conditioner,yes,yes,73.0,235.0,3.0
ID3383,2015-02-28,16:50:53,Joe,Air Conditioner,yes,yes,34.0,204.0,1.0
ID3384,2015-02-28,16:50:53,Dan,Toaster,yes,yes,118.0,391.0,3.0
ID3385,2015-02-28,17:32:38,Becky,Fridge,yes,yes,44.0,409.0,3.0
ID3386,2015-02-28,17:32:38,Greg,Washing Machine,yes,yes,38.0,96.0,3.0
ID3387,2015-02-28,18:00:00,Jim,Television,yes,yes,56.0,153.0,4.0
ID3388,2015-02-28,18:00:00,Joe,Air Conditioner,yes,yes,79.0,379.0,4.0
ID3389,2015-03-01,09:07:12,Stewart,Toaster,yes,yes,111.0,271.0,5.0
ID3390,2015-03-01,09:07:12,Joe,Washing Machine,yes,no,62.0,308.0,5.0
ID3391,2015-03-01,09:15:50,Martha,Television,yes,yes,112.0,259.0,1.0
ID3392,2015-03-01,09:15:50,Dan,Fridge,yes,yes,55.0,330.0,4.0
ID3393,2015-03-01,09:33:07,Jim,Fridge,yes,yes,107.0,225.0,5.0
ID3394,2015-03-01,09:33:07,Martha,Fridge,no,no,,,
ID3395,2015-03-01,09:57:36,Diane,Air Conditioner,no,no,,,
ID3396,2015-03-01,09:57:36,Becky,Fridge,yes,yes,81.0,349.0,4.0
ID3397,2015-03-01,10:01:55,Joe,Television,yes,no,120.0,150.0,4.0
ID3398,2015-03-01,10:01:55,Diane,Fridge,no,no,,,
ID3399,2015-03-01,10:33:36,Becky,Washing Machine,no,no,,,
ID3400,2015-03-01,10:33:36,Jim,Air Conditioner,yes,yes,68.0,64.0,3.0
ID3401,2015-03-01,11:13:55,Greg,Air Conditioner,no,no,,,
ID3402,2015-03-01,11:13:55,Stewart,Toaster,yes,yes,40.0,84.0,4.0
ID3403,2015-03-01,12:21:36,Jim,Air Conditioner,yes,yes,60.0,286.0,4.0
ID3404,2015-03-01,12:21:36,Jim,Television,yes,yes,53.0,235.0,3.0
ID3405,2015-03-01,12:36:00,Martha,Washing Machine,yes,yes,72.0,164.0,3.0
ID3406,2015-03-01,12:36:00,Jim,Air Conditioner,no,no,,,
ID3407,2015-03-01,12:46:05,Greg,Television,yes,yes,100.0,264.0,1.0
ID3408,2015-03-01,12:46:05,Stewart,Toaster,yes,yes,99.0,143.0,3.0
ID3409,2015-03-01,13:06:14,Becky,Toaster,yes,yes,96.0,419.0,4.0
ID3410,2015-03-01,13:06:14,Becky,Toaster,yes,yes,33.0,143.0,2.0
ID3411,2015-03-01,13:10:34,Jim,Washing Machine,yes,yes,92.0,218.0,4.0
ID3412,2015-03-01,13:10:34,Greg,Toaster,yes,yes,96.0,274.0,4.0
ID3413,2015-03-01,13:14:53,Dan,Washing Machine,yes,no,116.0,392.0,3.0
ID3414,2015-03-01,13:14:53,Joe,Television,yes,yes,29.0,357.0,5.0
ID3415,2015-03-01,13:14:53,Diane,Fridge,yes,yes,40.0,121.0,4.0
ID3416,2015-03-01,13:14:53,Becky,Toaster,yes,yes,62.0,77.0,4.0
ID3417,2015-03-01,13:16:19,Martha,Toaster,yes,yes,111.0,163.0,1.0
ID3418,2015-03-01,13:16:19,Stewart,Television,yes,yes,66.0,45.0,3.0
ID3419,2015-03-01,13:20:38,Jim,Toaster,yes,yes,79.0,184.0,3.0
ID3420,2015-03-01,13:20:38,Stewart,Air Conditioner,no,no,,,
ID3421,2015-03-01,13:36:29,Becky,Toaster,yes,yes,69.0,37.0,5.0
ID3422,2015-03-01,13:36:29,Stewart,Television,yes,yes,49.0,139.0,2.0
ID3423,2015-03-01,13:37:55,Becky,Television,yes,yes,80.0,259.0,4.0
ID3424,2015-03-01,13:37:55,Becky,Washing Machine,yes,yes,101.0,48.0,5.0
ID3425,2015-03-01,13:58:05,Becky,Fridge,yes,yes,99.0,110.0,5.0
ID3426,2015-03-01,13:58:05,Diane,Television,yes,yes,111.0,308.0,5.0
ID3427,2015-03-01,14:12:29,Joe,Washing Machine,no,no,,,
ID3428,2015-03-01,14:12:29,Martha,Fridge,yes,yes,83.0,303.0,5.0
ID3429,2015-03-01,14:15:22,Greg,Fridge,yes,yes,14.0,298.0,3.0
ID3430,2015-03-01,14:15:22,Stewart,Washing Machine,yes,yes,120.0,348.0,3.0
ID3431,2015-03-01,14:16:48,Becky,Washing Machine,yes,yes,38.0,120.0,5.0
ID3432,2015-03-01,14:16:48,Dan,Television,yes,no,88.0,317.0,1.0
ID3433,2015-03-01,14:51:22,Becky,Television,yes,yes,26.0,78.0,4.0
ID3434,2015-03-01,14:51:22,Dan,Air Conditioner,yes,yes,94.0,200.0,3.0
ID3435,2015-03-01,14:55:41,Jim,Fridge,no,no,,,
ID3436,2015-03-01,14:55:41,Dan,Toaster,no,no,,,
ID3437,2015-03-01,15:33:07,Stewart,Fridge,yes,yes,29.0,375.0,3.0
ID3438,2015-03-01,15:33:07,Joe,Fridge,yes,yes,49.0,171.0,3.0
ID3439,2015-03-01,15:43:12,Diane,Air Conditioner,yes,yes,104.0,136.0,4.0
ID3440,2015-03-01,15:43:12,Becky,Fridge,yes,yes,62.0,63.0,4.0
ID3441,2015-03-01,16:33:36,Becky,Fridge,yes,yes,123.0,342.0,5.0
ID3442,2015-03-01,16:33:36,Becky,Washing Machine,yes,yes,114.0,111.0,5.0
ID3443,2015-03-01,16:48:00,Becky,Washing Machine,no,no,,,
ID3444,2015-03-01,16:48:00,Jim,Fridge,yes,yes,12.0,317.0,4.0
ID3445,2015-03-01,17:03:50,Jim,Toaster,yes,yes,116.0,32.0,4.0
ID3446,2015-03-01,17:03:50,Becky,Toaster,yes,yes,31.0,99.0,2.0
ID3447,2015-03-01,17:16:48,Becky,Washing Machine,no,no,,,
ID3448,2015-03-01,17:16:48,Martha,Toaster,yes,yes,39.0,111.0,3.0
ID3449,2015-03-01,17:38:24,Dan,Toaster,yes,yes,81.0,322.0,4.0
ID3450,2015-03-01,17:38:24,Martha,Toaster,yes,yes,34.0,169.0,3.0
ID3451,2015-03-01,17:39:50,Jim,Air Conditioner,yes,yes,33.0,207.0,3.0
ID3452,2015-03-01,17:39:50,Becky,Air Conditioner,yes,yes,37.0,73.0,1.0
ID3453,2015-03-02,09:24:29,Joe,Television,yes,yes,92.0,119.0,2.0
ID3454,2015-03-02,09:24:29,Jim,Toaster,yes,yes,117.0,358.0,3.0
ID3455,2015-03-02,09:44:38,Becky,Television,yes,yes,53.0,272.0,3.0
ID3456,2015-03-02,09:44:38,Stewart,Washing Machine,yes,yes,61.0,262.0,5.0
ID3457,2015-03-02,10:09:07,Martha,Air Conditioner,no,no,,,
ID3458,2015-03-02,10:09:07,Diane,Air Conditioner,yes,yes,72.0,137.0,4.0
ID3459,2015-03-02,10:23:31,Dan,Toaster,no,no,,,
ID3460,2015-03-02,10:23:31,Greg,Fridge,yes,yes,82.0,319.0,3.0
ID3461,2015-03-02,10:29:17,Martha,Toaster,yes,yes,86.0,314.0,5.0
ID3462,2015-03-02,10:29:17,Becky,Air Conditioner,yes,yes,35.0,133.0,3.0
ID3463,2015-03-02,10:49:26,Greg,Television,yes,yes,83.0,114.0,5.0
ID3464,2015-03-02,10:49:26,Stewart,Fridge,yes,yes,42.0,223.0,4.0
ID3465,2015-03-02,10:53:46,Stewart,Air Conditioner,yes,yes,82.0,342.0,5.0
ID3466,2015-03-02,10:53:46,Diane,Air Conditioner,yes,yes,42.0,48.0,4.0
ID3467,2015-03-02,11:08:10,Jim,Television,no,no,,,
ID3468,2015-03-02,11:08:10,Becky,Toaster,yes,no,106.0,408.0,3.0
ID3469,2015-03-02,11:32:38,Joe,Television,no,no,,,
ID3470,2015-03-02,11:32:38,Diane,Fridge,yes,yes,89.0,51.0,4.0
ID3471,2015-03-02,11:57:07,Greg,Air Conditioner,no,no,,,
ID3472,2015-03-02,11:57:07,Becky,Toaster,yes,yes,112.0,313.0,4.0
ID3473,2015-03-02,12:47:31,Martha,Toaster,yes,yes,67.0,276.0,4.0
ID3474,2015-03-02,12:47:31,Joe,Television,yes,yes,77.0,236.0,5.0
ID3475,2015-03-02,13:00:29,Martha,Toaster,yes,yes,54.0,64.0,5.0
ID3476,2015-03-02,13:00:29,Dan,Fridge,yes,yes,83.0,197.0,3.0
ID3477,2015-03-02,13:07:41,Jim,Toaster,yes,yes,56.0,300.0,5.0
ID3478,2015-03-02,13:07:41,Greg,Toaster,no,no,,,
ID3479,2015-03-02,13:23:31,Joe,Toaster,yes,no,19.0,384.0,2.0
ID3480,2015-03-02,13:23:31,Stewart,Fridge,no,no,,,
ID3481,2015-03-02,13:23:31,Martha,Television,yes,yes,47.0,249.0,4.0
ID3482,2015-03-02,13:23:31,Diane,Toaster,yes,yes,89.0,202.0,1.0
ID3483,2015-03-02,14:06:43,Joe,Television,no,no,,,
ID3484,2015-03-02,14:06:43,Martha,Toaster,yes,yes,44.0,270.0,3.0
ID3485,2015-03-02,14:34:05,Becky,Toaster,yes,yes,91.0,223.0,5.0
ID3486,2015-03-02,14:34:05,Greg,Fridge,no,no,,,
ID3487,2015-03-02,14:57:07,Martha,Toaster,yes,yes,75.0,419.0,4.0
ID3488,2015-03-02,14:57:07,Greg,Washing Machine,yes,yes,62.0,219.0,4.0
ID3489,2015-03-02,15:23:02,Martha,Air Conditioner,yes,yes,31.0,30.0,4.0
ID3490,2015-03-02,15:23:02,Dan,Washing Machine,yes,yes,122.0,264.0,1.0
ID3491,2015-03-02,15:36:00,Martha,Air Conditioner,yes,yes,80.0,134.0,3.0
ID3492,2015-03-02,15:36:00,Joe,Air Conditioner,yes,yes,105.0,331.0,5.0
ID3493,2015-03-02,15:47:31,Greg,Television,yes,yes,91.0,399.0,3.0
ID3494,2015-03-02,15:47:31,Greg,Toaster,yes,yes,66.0,81.0,4.0
ID3495,2015-03-02,16:07:41,Martha,Toaster,yes,yes,26.0,149.0,3.0
ID3496,2015-03-02,16:07:41,Stewart,Toaster,yes,yes,72.0,187.0,3.0
ID3497,2015-03-02,16:26:24,Diane,Air Conditioner,yes,yes,71.0,326.0,3.0
ID3498,2015-03-02,16:26:24,Jim,Washing Machine,no,no,,,
ID3499,2015-03-02,16:30:43,Joe,Fridge,yes,yes,115.0,282.0,5.0
ID3500,2015-03-02,16:30:43,Dan,Fridge,yes,yes,69.0,219.0,2.0
ID3501,2015-03-02,16:30:43,Joe,Television,yes,yes,30.0,89.0,4.0
ID3502,2015-03-02,16:30:43,Stewart,Washing Machine,yes,yes,85.0,230.0,3.0
ID3503,2015-03-02,16:42:14,Greg,Fridge,yes,yes,54.0,373.0,4.0
ID3504,2015-03-02,16:42:14,Dan,Washing Machine,no,no,,,
ID3505,2015-03-02,16:45:07,Diane,Washing Machine,no,no,,,
ID3506,2015-03-02,16:45:07,Jim,Air Conditioner,yes,yes,122.0,151.0,3.0
ID3507,2015-03-02,17:05:17,Martha,Fridge,yes,yes,48.0,347.0,3.0
ID3508,2015-03-02,17:05:17,Jim,Television,yes,yes,13.0,176.0,1.0
ID3509,2015-03-02,17:12:29,Diane,Fridge,yes,yes,23.0,219.0,3.0
ID3510,2015-03-02,17:12:29,Dan,Television,yes,yes,13.0,69.0,4.0
ID3511,2015-03-02,17:18:14,Jim,Air Conditioner,yes,yes,16.0,357.0,3.0
ID3512,2015-03-02,17:18:14,Jim,Washing Machine,no,no,,,
ID3513,2015-03-02,17:29:46,Becky,Television,yes,yes,49.0,254.0,3.0
ID3514,2015-03-02,17:29:46,Becky,Washing Machine,yes,yes,76.0,85.0,3.0
ID3515,2015-03-03,09:20:10,Greg,Air Conditioner,no,no,,,
ID3516,2015-03-03,09:20:10,Diane,Television,no,no,,,
ID3517,2015-03-03,09:40:19,Joe,Washing Machine,no,no,,,
ID3518,2015-03-03,09:40:19,Jim,Television,yes,yes,43.0,194.0,4.0
ID3519,2015-03-03,09:50:24,Martha,Television,yes,no,118.0,87.0,5.0
ID3520,2015-03-03,09:50:24,Greg,Television,yes,yes,57.0,84.0,4.0
ID3521,2015-03-03,10:07:41,Diane,Fridge,yes,yes,79.0,216.0,2.0
ID3522,2015-03-03,10:07:41,Dan,Washing Machine,yes,yes,39.0,410.0,1.0
ID3523,2015-03-03,10:43:41,Greg,Fridge,yes,yes,62.0,169.0,4.0
ID3524,2015-03-03,10:43:41,Stewart,Washing Machine,yes,yes,38.0,235.0,5.0
ID3525,2015-03-03,10:59:31,Stewart,Air Conditioner,yes,yes,85.0,337.0,5.0
ID3526,2015-03-03,10:59:31,Joe,Television,yes,yes,56.0,168.0,1.0
ID3527,2015-03-03,12:41:46,Diane,Washing Machine,yes,yes,38.0,323.0,1.0
ID3528,2015-03-03,12:41:46,Martha,Washing Machine,yes,yes,21.0,186.0,3.0
ID3529,2015-03-03,12:57:36,Stewart,Television,yes,yes,36.0,243.0,1.0
ID3530,2015-03-03,12:57:36,Greg,Toaster,yes,yes,77.0,374.0,4.0
ID3531,2015-03-03,13:12:00,Greg,Washing Machine,yes,yes,64.0,80.0,3.0
ID3532,2015-03-03,13:12:00,Stewart,Toaster,no,no,,,
ID3533,2015-03-03,13:16:19,Diane,Air Conditioner,yes,yes,72.0,133.0,1.0
ID3534,2015-03-03,13:16:19,Stewart,Air Conditioner,yes,yes,84.0,100.0,4.0
ID3535,2015-03-03,14:08:10,Becky,Washing Machine,yes,yes,59.0,173.0,5.0
ID3536,2015-03-03,14:08:10,Diane,Fridge,yes,yes,10.0,363.0,3.0
ID3537,2015-03-03,14:44:10,Martha,Fridge,yes,yes,64.0,366.0,1.0
ID3538,2015-03-03,14:44:10,Dan,Fridge,yes,yes,60.0,52.0,3.0
ID3539,2015-03-03,14:51:22,Jim,Fridge,yes,yes,44.0,371.0,4.0
ID3540,2015-03-03,14:51:22,Dan,Fridge,no,no,,,
ID3541,2015-03-03,15:25:55,Becky,Toaster,no,no,,,
ID3542,2015-03-03,15:25:55,Joe,Washing Machine,yes,yes,70.0,46.0,2.0
ID3543,2015-03-03,15:27:22,Joe,Toaster,no,no,,,
ID3544,2015-03-03,15:27:22,Joe,Washing Machine,yes,yes,51.0,244.0,1.0
ID3545,2015-03-03,15:31:41,Jim,Air Conditioner,yes,yes,31.0,269.0,5.0
ID3546,2015-03-03,15:31:41,Martha,Air Conditioner,yes,yes,51.0,386.0,4.0
ID3547,2015-03-03,15:33:07,Becky,Toaster,yes,yes,36.0,103.0,1.0
ID3548,2015-03-03,15:33:07,Dan,Fridge,yes,no,18.0,372.0,5.0
ID3549,2015-03-03,15:50:24,Martha,Toaster,yes,yes,89.0,307.0,4.0
ID3550,2015-03-03,15:50:24,Diane,Air Conditioner,yes,yes,90.0,215.0,5.0
ID3551,2015-03-03,15:54:43,Becky,Toaster,yes,yes,94.0,192.0,4.0
ID3552,2015-03-03,15:54:43,Stewart,Toaster,yes,yes,121.0,99.0,5.0
ID3553,2015-03-03,15:56:10,Stewart,Fridge,yes,yes,46.0,270.0,2.0
ID3554,2015-03-03,15:56:10,Martha,Washing Machine,yes,yes,117.0,232.0,1.0
ID3555,2015-03-03,15:57:36,Diane,Television,yes,no,114.0,185.0,5.0
ID3556,2015-03-03,15:57:36,Diane,Washing Machine,no,no,,,
ID3557,2015-03-03,16:06:14,Martha,Toaster,yes,yes,65.0,283.0,4.0
ID3558,2015-03-03,16:06:14,Diane,Fridge,no,no,,,
ID3559,2015-03-03,16:17:46,Becky,Air Conditioner,yes,yes,100.0,32.0,1.0
ID3560,2015-03-03,16:17:46,Dan,Fridge,yes,yes,67.0,394.0,4.0
ID3561,2015-03-03,16:17:46,Dan,Washing Machine,yes,yes,46.0,123.0,4.0
ID3562,2015-03-03,16:17:46,Diane,Air Conditioner,yes,yes,117.0,144.0,3.0
ID3563,2015-03-03,17:13:55,Greg,Air Conditioner,yes,yes,34.0,395.0,4.0
ID3564,2015-03-03,17:13:55,Greg,Toaster,yes,yes,120.0,143.0,4.0
ID3565,2015-03-03,17:22:34,Jim,Washing Machine,yes,yes,67.0,132.0,4.0
ID3566,2015-03-03,17:22:34,Jim,Television,yes,no,44.0,208.0,2.0
ID3567,2015-03-04,09:40:19,Martha,Fridge,yes,yes,91.0,306.0,2.0
ID3568,2015-03-04,09:40:19,Stewart,Toaster,yes,yes,44.0,282.0,4.0
ID3569,2015-03-04,09:43:12,Diane,Air Conditioner,no,no,,,
ID3570,2015-03-04,09:43:12,Jim,Washing Machine,yes,no,24.0,122.0,5.0
ID3571,2015-03-04,09:44:38,Dan,Washing Machine,yes,yes,11.0,238.0,3.0
ID3572,2015-03-04,09:44:38,Martha,Fridge,yes,yes,75.0,203.0,4.0
ID3573,2015-03-04,09:47:31,Joe,Television,yes,yes,58.0,186.0,2.0
ID3574,2015-03-04,09:47:31,Martha,Fridge,yes,yes,123.0,300.0,5.0
ID3575,2015-03-04,09:54:43,Dan,Fridge,no,no,,,
ID3576,2015-03-04,09:54:43,Joe,Toaster,no,no,,,
ID3577,2015-03-04,10:10:34,Greg,Fridge,yes,yes,45.0,308.0,1.0
ID3578,2015-03-04,10:10:34,Martha,Toaster,yes,yes,38.0,57.0,3.0
ID3579,2015-03-04,10:19:12,Stewart,Washing Machine,yes,yes,37.0,248.0,4.0
ID3580,2015-03-04,10:19:12,Diane,Television,yes,yes,90.0,119.0,4.0
ID3581,2015-03-04,10:30:43,Dan,Television,yes,yes,90.0,233.0,3.0
ID3582,2015-03-04,10:30:43,Greg,Fridge,no,no,,,
ID3583,2015-03-04,10:43:41,Jim,Television,yes,yes,74.0,210.0,3.0
ID3584,2015-03-04,10:43:41,Martha,Television,no,no,,,
ID3585,2015-03-04,10:59:31,Diane,Air Conditioner,yes,no,101.0,145.0,4.0
ID3586,2015-03-04,10:59:31,Joe,Fridge,no,no,,,
ID3587,2015-03-04,11:09:36,Greg,Washing Machine,yes,yes,105.0,334.0,4.0
ID3588,2015-03-04,11:09:36,Stewart,Television,yes,yes,11.0,128.0,1.0
ID3589,2015-03-04,11:11:02,Becky,Fridge,no,no,,,
ID3590,2015-03-04,11:11:02,Diane,Air Conditioner,yes,yes,89.0,303.0,3.0
ID3591,2015-03-04,11:32:38,Becky,Washing Machine,yes,yes,90.0,143.0,3.0
ID3592,2015-03-04,11:32:38,Becky,Air Conditioner,yes,yes,106.0,280.0,5.0
ID3593,2015-03-04,11:36:58,Greg,Air Conditioner,yes,yes,113.0,211.0,4.0
ID3594,2015-03-04,11:36:58,Jim,Television,yes,yes,44.0,180.0,5.0
ID3595,2015-03-04,12:00:00,Becky,Toaster,yes,yes,50.0,80.0,3.0
ID3596,2015-03-04,12:00:00,Jim,Washing Machine,yes,yes,111.0,282.0,4.0
ID3597,2015-03-04,12:14:24,Joe,Fridge,yes,yes,46.0,142.0,1.0
ID3598,2015-03-04,12:14:24,Dan,Television,yes,yes,96.0,164.0,5.0
ID3599,2015-03-04,12:46:05,Greg,Toaster,yes,yes,102.0,172.0,3.0
ID3600,2015-03-04,12:46:05,Martha,Washing Machine,yes,no,30.0,311.0,5.0
ID3601,2015-03-04,13:09:07,Stewart,Television,yes,yes,91.0,329.0,5.0
ID3602,2015-03-04,13:09:07,Greg,Air Conditioner,yes,yes,111.0,281.0,4.0
ID3603,2015-03-04,13:36:29,Greg,Television,no,no,,,
ID3604,2015-03-04,13:36:29,Diane,Television,yes,yes,99.0,183.0,4.0
ID3605,2015-03-04,13:40:48,Joe,Air Conditioner,yes,yes,125.0,45.0,3.0
ID3606,2015-03-04,13:40:48,Joe,Toaster,yes,yes,11.0,372.0,3.0
ID3607,2015-03-04,14:16:48,Martha,Washing Machine,yes,yes,79.0,53.0,2.0
ID3608,2015-03-04,14:16:48,Stewart,Air Conditioner,yes,yes,92.0,266.0,1.0
ID3609,2015-03-04,14:49:55,Dan,Air Conditioner,no,no,,,
ID3610,2015-03-04,14:49:55,Joe,Television,yes,yes,119.0,321.0,3.0
ID3611,2015-03-04,15:00:00,Jim,Air Conditioner,yes,yes,15.0,276.0,4.0
ID3612,2015-03-04,15:00:00,Jim,Air Conditioner,yes,yes,15.0,133.0,4.0
ID3613,2015-03-04,15:30:14,Martha,Fridge,yes,yes,61.0,405.0,5.0
ID3614,2015-03-04,15:30:14,Joe,Washing Machine,yes,yes,92.0,260.0,3.0
ID3615,2015-03-04,15:36:00,Joe,Television,yes,no,69.0,132.0,4.0
ID3616,2015-03-04,15:36:00,Becky,Toaster,yes,yes,32.0,385.0,3.0
ID3617,2015-03-04,15:36:00,Diane,Toaster,yes,yes,119.0,273.0,4.0
ID3618,2015-03-04,15:36:00,Diane,Washing Machine,yes,no,11.0,309.0,4.0
ID3619,2015-03-04,16:06:14,Greg,Air Conditioner,yes,yes,81.0,172.0,4.0
ID3620,2015-03-04,16:06:14,Becky,Television,yes,yes,23.0,30.0,3.0
ID3621,2015-03-04,16:17:46,Greg,Television,yes,yes,54.0,47.0,2.0
ID3622,2015-03-04,16:17:46,Martha,Television,yes,yes,61.0,343.0,5.0
ID3623,2015-03-04,16:30:43,Diane,Air Conditioner,yes,yes,62.0,242.0,4.0
ID3624,2015-03-04,16:30:43,Martha,Toaster,yes,yes,105.0,357.0,4.0
ID3625,2015-03-04,16:36:29,Dan,Washing Machine,no,no,,,
ID3626,2015-03-04,16:36:29,Becky,Washing Machine,yes,yes,83.0,351.0,4.0
ID3627,2015-03-04,16:56:38,Dan,Television,yes,yes,31.0,169.0,4.0
ID3628,2015-03-04,16:56:38,Jim,Toaster,yes,no,57.0,297.0,1.0
ID3629,2015-03-04,17:15:22,Greg,Washing Machine,yes,yes,54.0,258.0,5.0
ID3630,2015-03-04,17:15:22,Jim,Washing Machine,yes,no,91.0,344.0,5.0
ID3631,2015-03-04,17:22:34,Martha,Washing Machine,yes,yes,96.0,43.0,1.0
ID3632,2015-03-04,17:22:34,Stewart,Air Conditioner,no,no,,,
ID3633,2015-03-04,17:25:26,Becky,Fridge,yes,yes,46.0,271.0,4.0
ID3634,2015-03-04,17:25:26,Martha,Fridge,yes,yes,94.0,314.0,4.0
ID3635,2015-03-04,17:39:50,Becky,Television,yes,yes,48.0,354.0,4.0
ID3636,2015-03-04,17:39:50,Jim,Air Conditioner,yes,yes,38.0,224.0,3.0
ID3637,2015-03-05,10:24:58,Becky,Toaster,yes,no,98.0,59.0,5.0
ID3638,2015-03-05,10:24:58,Becky,Fridge,yes,yes,59.0,322.0,5.0
ID3639,2015-03-05,10:46:34,Diane,Air Conditioner,yes,yes,18.0,255.0,4.0
ID3640,2015-03-05,10:46:34,Diane,Television,yes,yes,118.0,40.0,2.0
ID3641,2015-03-05,10:52:19,Greg,Toaster,yes,yes,97.0,33.0,4.0
ID3642,2015-03-05,10:52:19,Jim,Air Conditioner,yes,yes,41.0,239.0,3.0
ID3643,2015-03-05,11:15:22,Greg,Television,yes,yes,24.0,282.0,3.0
ID3644,2015-03-05,11:15:22,Becky,Television,yes,yes,112.0,58.0,3.0
ID3645,2015-03-05,11:24:00,Martha,Air Conditioner,yes,yes,104.0,155.0,2.0
ID3646,2015-03-05,11:24:00,Diane,Toaster,yes,no,117.0,131.0,4.0
ID3647,2015-03-05,11:44:10,Jim,Air Conditioner,yes,yes,51.0,261.0,4.0
ID3648,2015-03-05,11:44:10,Becky,Fridge,yes,yes,62.0,358.0,4.0
ID3649,2015-03-05,12:11:31,Diane,Toaster,no,no,,,
ID3650,2015-03-05,12:11:31,Stewart,Air Conditioner,yes,yes,56.0,259.0,4.0
ID3651,2015-03-05,12:31:41,Joe,Washing Machine,yes,yes,72.0,95.0,4.0
ID3652,2015-03-05,12:31:41,Jim,Air Conditioner,yes,yes,115.0,288.0,1.0
ID3653,2015-03-05,12:41:46,Joe,Fridge,yes,no,118.0,180.0,3.0
ID3654,2015-03-05,12:41:46,Stewart,Toaster,yes,yes,98.0,151.0,3.0
ID3655,2015-03-05,12:47:31,Diane,Television,yes,yes,112.0,106.0,4.0
ID3656,2015-03-05,12:47:31,Stewart,Air Conditioner,yes,yes,75.0,203.0,1.0
ID3657,2015-03-05,12:50:24,Becky,Toaster,yes,yes,34.0,112.0,3.0
ID3658,2015-03-05,12:50:24,Jim,Fridge,no,no,,,
ID3659,2015-03-05,13:26:24,Stewart,Toaster,yes,yes,111.0,330.0,4.0
ID3660,2015-03-05,13:26:24,Martha,Television,yes,yes,81.0,174.0,4.0
ID3661,2015-03-05,13:42:14,Joe,Air Conditioner,yes,yes,16.0,157.0,3.0
ID3662,2015-03-05,13:42:14,Dan,Toaster,yes,yes,75.0,193.0,3.0
ID3663,2015-03-05,14:13:55,Becky,Television,yes,yes,11.0,408.0,4.0
ID3664,2015-03-05,14:13:55,Dan,Toaster,yes,yes,65.0,283.0,3.0
ID3665,2015-03-05,14:22:34,Stewart,Washing Machine,yes,yes,36.0,253.0,3.0
ID3666,2015-03-05,14:22:34,Jim,Toaster,yes,yes,28.0,217.0,2.0
ID3667,2015-03-05,15:15:50,Jim,Fridge,yes,yes,34.0,264.0,4.0
ID3668,2015-03-05,15:15:50,Becky,Television,no,no,,,
ID3669,2015-03-05,15:51:50,Becky,Television,yes,yes,105.0,209.0,4.0
ID3670,2015-03-05,15:51:50,Stewart,Toaster,no,no,,,
ID3671,2015-03-05,15:54:43,Stewart,Washing Machine,yes,yes,23.0,78.0,1.0
ID3672,2015-03-05,15:54:43,Stewart,Television,yes,no,74.0,211.0,1.0
ID3673,2015-03-05,16:10:34,Stewart,Washing Machine,yes,yes,19.0,303.0,4.0
ID3674,2015-03-05,16:10:34,Diane,Television,yes,yes,102.0,240.0,4.0
ID3675,2015-03-05,16:13:26,Joe,Television,yes,no,16.0,245.0,3.0
ID3676,2015-03-05,16:13:26,Joe,Washing Machine,yes,yes,56.0,70.0,5.0
ID3677,2015-03-05,16:16:19,Joe,Television,yes,yes,22.0,229.0,2.0
ID3678,2015-03-05,16:16:19,Joe,Air Conditioner,yes,yes,68.0,269.0,4.0
ID3679,2015-03-05,16:20:38,Martha,Air Conditioner,yes,yes,103.0,339.0,4.0
ID3680,2015-03-05,16:20:38,Joe,Air Conditioner,no,no,,,
ID3681,2015-03-05,16:20:38,Stewart,Air Conditioner,yes,yes,74.0,261.0,3.0
ID3682,2015-03-05,16:20:38,Stewart,Fridge,yes,yes,72.0,192.0,3.0
ID3683,2015-03-05,16:23:31,Diane,Television,yes,yes,44.0,284.0,3.0
ID3684,2015-03-05,16:23:31,Joe,Washing Machine,yes,yes,118.0,222.0,3.0
ID3685,2015-03-05,17:31:12,Dan,Toaster,yes,no,102.0,129.0,5.0
ID3686,2015-03-05,17:31:12,Greg,Air Conditioner,yes,yes,116.0,329.0,2.0
ID3687,2015-03-05,17:34:05,Jim,Television,no,no,,,
ID3688,2015-03-05,17:34:05,Jim,Washing Machine,yes,no,116.0,199.0,5.0
ID3689,2015-03-05,17:52:48,Becky,Fridge,yes,yes,29.0,196.0,2.0
ID3690,2015-03-05,17:52:48,Stewart,Television,no,no,,,
ID3691,2015-03-06,09:00:00,Martha,Air Conditioner,yes,yes,73.0,80.0,4.0
ID3692,2015-03-06,09:00:00,Stewart,Toaster,yes,yes,85.0,134.0,5.0
ID3693,2015-03-06,09:51:50,Diane,Fridge,yes,yes,22.0,301.0,3.0
ID3694,2015-03-06,09:51:50,Jim,Washing Machine,yes,yes,29.0,81.0,3.0
ID3695,2015-03-06,10:00:29,Becky,Washing Machine,yes,yes,56.0,147.0,5.0
ID3696,2015-03-06,10:00:29,Martha,Fridge,yes,yes,93.0,348.0,3.0
ID3697,2015-03-06,10:17:46,Greg,Television,yes,yes,85.0,364.0,5.0
ID3698,2015-03-06,10:17:46,Martha,Toaster,no,no,,,
ID3699,2015-03-06,10:17:46,Greg,Television,yes,yes,69.0,163.0,5.0
ID3700,2015-03-06,10:17:46,Becky,Washing Machine,yes,yes,66.0,207.0,2.0
ID3701,2015-03-06,10:40:48,Joe,Toaster,yes,yes,117.0,395.0,3.0
ID3702,2015-03-06,10:40:48,Dan,Toaster,yes,yes,71.0,191.0,1.0
ID3703,2015-03-06,10:45:07,Martha,Fridge,yes,yes,23.0,304.0,4.0
ID3704,2015-03-06,10:45:07,Joe,Fridge,no,no,,,
ID3705,2015-03-06,11:02:24,Dan,Air Conditioner,yes,yes,116.0,51.0,4.0
ID3706,2015-03-06,11:02:24,Jim,Washing Machine,yes,yes,52.0,406.0,4.0
ID3707,2015-03-06,11:21:07,Martha,Fridge,yes,yes,106.0,111.0,5.0
ID3708,2015-03-06,11:21:07,Joe,Washing Machine,no,no,,,
ID3709,2015-03-06,11:25:26,Martha,Fridge,yes,yes,48.0,200.0,1.0
ID3710,2015-03-06,11:25:26,Dan,Toaster,yes,yes,93.0,398.0,2.0
ID3711,2015-03-06,11:28:19,Martha,Toaster,yes,yes,106.0,54.0,5.0
ID3712,2015-03-06,11:28:19,Joe,Television,no,no,,,
ID3713,2015-03-06,12:07:12,Becky,Fridge,yes,yes,33.0,291.0,4.0
ID3714,2015-03-06,12:07:12,Joe,Fridge,yes,yes,18.0,149.0,5.0
ID3715,2015-03-06,12:18:43,Joe,Air Conditioner,yes,yes,118.0,335.0,4.0
ID3716,2015-03-06,12:18:43,Martha,Toaster,no,no,,,
ID3717,2015-03-06,12:46:05,Stewart,Fridge,yes,yes,55.0,211.0,3.0
ID3718,2015-03-06,12:46:05,Greg,Washing Machine,no,no,,,
ID3719,2015-03-06,13:22:05,Jim,Fridge,yes,yes,35.0,221.0,3.0
ID3720,2015-03-06,13:22:05,Joe,Television,yes,yes,10.0,262.0,2.0
ID3721,2015-03-06,13:32:10,Jim,Washing Machine,yes,yes,114.0,195.0,3.0
ID3722,2015-03-06,13:32:10,Jim,Television,yes,yes,85.0,121.0,4.0
ID3723,2015-03-06,13:42:14,Greg,Washing Machine,no,no,,,
ID3724,2015-03-06,13:42:14,Becky,Fridge,yes,yes,84.0,366.0,3.0
ID3725,2015-03-06,13:46:34,Jim,Air Conditioner,no,no,,,
ID3726,2015-03-06,13:46:34,Greg,Television,yes,yes,73.0,132.0,3.0
ID3727,2015-03-06,13:49:26,Becky,Fridge,yes,yes,22.0,284.0,4.0
ID3728,2015-03-06,13:49:26,Diane,Fridge,yes,yes,102.0,209.0,5.0
ID3729,2015-03-06,14:25:26,Diane,Television,yes,yes,14.0,198.0,3.0
ID3730,2015-03-06,14:25:26,Greg,Fridge,no,no,,,
ID3731,2015-03-06,14:28:19,Becky,Television,no,no,,,
ID3732,2015-03-06,14:28:19,Jim,Toaster,yes,yes,66.0,189.0,1.0
ID3733,2015-03-06,16:10:34,Becky,Washing Machine,yes,yes,57.0,203.0,5.0
ID3734,2015-03-06,16:10:34,Dan,Toaster,yes,yes,40.0,316.0,4.0
ID3735,2015-03-06,16:27:50,Jim,Washing Machine,yes,yes,90.0,168.0,4.0
ID3736,2015-03-06,16:27:50,Diane,Air Conditioner,yes,yes,74.0,83.0,4.0
ID3737,2015-03-06,16:32:10,Diane,Television,yes,yes,65.0,389.0,3.0
ID3738,2015-03-06,16:32:10,Jim,Toaster,yes,yes,125.0,42.0,5.0
ID3739,2015-03-06,16:35:02,Diane,Washing Machine,no,no,,,
ID3740,2015-03-06,16:35:02,Dan,Air Conditioner,yes,no,71.0,362.0,5.0
ID3741,2015-03-06,16:40:48,Stewart,Washing Machine,yes,yes,37.0,120.0,1.0
ID3742,2015-03-06,16:40:48,Greg,Air Conditioner,yes,yes,119.0,378.0,4.0
ID3743,2015-03-06,16:49:26,Martha,Fridge,yes,yes,22.0,82.0,4.0
ID3744,2015-03-06,16:49:26,Dan,Air Conditioner,yes,yes,76.0,71.0,5.0
ID3745,2015-03-06,17:15:22,Greg,Fridge,no,no,,,
ID3746,2015-03-06,17:15:22,Martha,Television,yes,no,125.0,296.0,5.0
ID3747,2015-03-06,17:18:14,Diane,Toaster,yes,no,34.0,232.0,1.0
ID3748,2015-03-06,17:18:14,Diane,Fridge,yes,yes,121.0,387.0,3.0
ID3749,2015-03-06,17:22:34,Diane,Air Conditioner,no,no,,,
ID3750,2015-03-06,17:22:34,Greg,Toaster,no,no,,,
ID3751,2015-03-06,17:22:34,Martha,Television,yes,yes,17.0,121.0,1.0
ID3752,2015-03-06,17:22:34,Dan,Washing Machine,yes,yes,65.0,323.0,1.0
ID3753,2015-03-07,09:59:02,Stewart,Air Conditioner,yes,yes,65.0,266.0,5.0
ID3754,2015-03-07,09:59:02,Jim,Toaster,no,no,,,
ID3755,2015-03-07,10:01:55,Martha,Toaster,yes,yes,96.0,405.0,1.0
ID3756,2015-03-07,10:01:55,Diane,Washing Machine,yes,yes,23.0,413.0,4.0
ID3757,2015-03-07,10:58:05,Martha,Air Conditioner,no,no,,,
ID3758,2015-03-07,10:58:05,Joe,Fridge,no,no,,,
ID3759,2015-03-07,12:01:26,Jim,Toaster,yes,yes,105.0,119.0,4.0
ID3760,2015-03-07,12:01:26,Dan,Fridge,no,no,,,
ID3761,2015-03-07,12:07:12,Jim,Television,yes,yes,42.0,116.0,5.0
ID3762,2015-03-07,12:07:12,Jim,Fridge,yes,yes,79.0,127.0,4.0
ID3763,2015-03-07,12:21:36,Diane,Washing Machine,no,no,,,
ID3764,2015-03-07,12:21:36,Martha,Toaster,yes,yes,35.0,61.0,5.0
ID3765,2015-03-07,12:33:07,Martha,Toaster,yes,yes,70.0,404.0,4.0
ID3766,2015-03-07,12:33:07,Becky,Fridge,yes,yes,104.0,387.0,4.0
ID3767,2015-03-07,13:06:14,Greg,Fridge,yes,yes,103.0,131.0,3.0
ID3768,2015-03-07,13:06:14,Greg,Television,no,no,,,
ID3769,2015-03-07,13:20:38,Becky,Toaster,yes,yes,22.0,378.0,3.0
ID3770,2015-03-07,13:20:38,Stewart,Washing Machine,yes,yes,48.0,349.0,2.0
ID3771,2015-03-07,13:40:48,Becky,Toaster,no,no,,,
ID3772,2015-03-07,13:40:48,Stewart,Air Conditioner,yes,yes,12.0,151.0,3.0
ID3773,2015-03-07,13:46:34,Joe,Air Conditioner,yes,yes,16.0,275.0,3.0
ID3774,2015-03-07,13:46:34,Joe,Washing Machine,yes,yes,116.0,241.0,2.0
ID3775,2015-03-07,13:52:19,Greg,Fridge,no,no,,,
ID3776,2015-03-07,13:52:19,Greg,Fridge,yes,yes,25.0,143.0,2.0
ID3777,2015-03-07,13:53:46,Greg,Fridge,yes,yes,30.0,275.0,4.0
ID3778,2015-03-07,13:53:46,Joe,Air Conditioner,no,no,,,
ID3779,2015-03-07,14:35:31,Jim,Air Conditioner,yes,yes,29.0,235.0,2.0
ID3780,2015-03-07,14:35:31,Jim,Toaster,yes,yes,23.0,196.0,4.0
ID3781,2015-03-07,14:42:43,Stewart,Washing Machine,yes,yes,11.0,309.0,5.0
ID3782,2015-03-07,14:42:43,Martha,Washing Machine,yes,yes,114.0,156.0,3.0
ID3783,2015-03-07,15:25:55,Jim,Television,yes,yes,27.0,52.0,3.0
ID3784,2015-03-07,15:25:55,Dan,Television,yes,yes,64.0,206.0,3.0
ID3785,2015-03-07,15:30:14,Becky,Fridge,yes,yes,59.0,220.0,2.0
ID3786,2015-03-07,15:30:14,Martha,Air Conditioner,no,no,,,
ID3787,2015-03-07,15:36:00,Joe,Toaster,yes,yes,10.0,205.0,5.0
ID3788,2015-03-07,15:36:00,Martha,Fridge,yes,yes,84.0,100.0,2.0
ID3789,2015-03-07,15:59:02,Diane,Washing Machine,no,no,,,
ID3790,2015-03-07,15:59:02,Jim,Fridge,no,no,,,
ID3791,2015-03-07,16:24:58,Dan,Fridge,no,no,,,
ID3792,2015-03-07,16:24:58,Greg,Fridge,yes,no,56.0,67.0,5.0
ID3793,2015-03-07,16:43:41,Diane,Air Conditioner,no,no,,,
ID3794,2015-03-07,16:43:41,Jim,Toaster,yes,yes,119.0,389.0,4.0
ID3795,2015-03-07,16:46:34,Diane,Television,yes,yes,19.0,143.0,3.0
ID3796,2015-03-07,16:46:34,Jim,Washing Machine,yes,yes,96.0,320.0,4.0
ID3797,2015-03-07,16:58:05,Joe,Fridge,yes,yes,13.0,97.0,5.0
ID3798,2015-03-07,16:58:05,Becky,Fridge,yes,no,22.0,349.0,5.0
ID3799,2015-03-07,17:15:22,Stewart,Television,no,no,,,
ID3800,2015-03-07,17:15:22,Dan,Air Conditioner,no,no,,,
ID3801,2015-03-08,09:07:12,Dan,Fridge,yes,yes,43.0,204.0,3.0
ID3802,2015-03-08,09:07:12,Martha,Washing Machine,yes,yes,39.0,238.0,2.0
ID3803,2015-03-08,09:57:36,Diane,Air Conditioner,yes,yes,26.0,98.0,5.0
ID3804,2015-03-08,09:57:36,Becky,Television,yes,yes,27.0,254.0,2.0
ID3805,2015-03-08,10:24:58,Diane,Toaster,yes,yes,72.0,419.0,5.0
ID3806,2015-03-08,10:24:58,Dan,Washing Machine,yes,yes,77.0,30.0,4.0
ID3807,2015-03-08,10:29:17,Martha,Fridge,yes,yes,119.0,51.0,3.0
ID3808,2015-03-08,10:29:17,Diane,Washing Machine,yes,yes,30.0,113.0,4.0
ID3809,2015-03-08,10:36:29,Becky,Toaster,yes,yes,112.0,226.0,4.0
ID3810,2015-03-08,10:36:29,Jim,Fridge,yes,yes,34.0,317.0,2.0
ID3811,2015-03-08,11:19:41,Greg,Air Conditioner,yes,yes,99.0,85.0,3.0
ID3812,2015-03-08,11:19:41,Greg,Fridge,no,no,,,
ID3813,2015-03-08,11:22:34,Jim,Fridge,yes,yes,40.0,167.0,4.0
ID3814,2015-03-08,11:22:34,Martha,Television,yes,yes,55.0,198.0,3.0
ID3815,2015-03-08,12:23:02,Greg,Fridge,yes,yes,79.0,84.0,3.0
ID3816,2015-03-08,12:23:02,Greg,Air Conditioner,yes,yes,67.0,231.0,3.0
ID3817,2015-03-08,12:25:55,Stewart,Fridge,yes,yes,68.0,67.0,4.0
ID3818,2015-03-08,12:25:55,Joe,Television,yes,no,69.0,387.0,5.0
ID3819,2015-03-08,13:07:41,Dan,Air Conditioner,no,no,,,
ID3820,2015-03-08,13:07:41,Dan,Toaster,yes,yes,29.0,155.0,3.0
ID3821,2015-03-08,13:10:34,Dan,Air Conditioner,yes,no,62.0,321.0,3.0
ID3822,2015-03-08,13:10:34,Stewart,Toaster,yes,yes,109.0,319.0,4.0
ID3823,2015-03-08,13:33:36,Martha,Toaster,yes,yes,59.0,270.0,3.0
ID3824,2015-03-08,13:33:36,Joe,Air Conditioner,yes,yes,51.0,180.0,4.0
ID3825,2015-03-08,13:46:34,Greg,Television,yes,yes,11.0,321.0,4.0
ID3826,2015-03-08,13:46:34,Stewart,Fridge,no,no,,,
ID3827,2015-03-08,13:50:53,Joe,Toaster,yes,yes,44.0,205.0,4.0
ID3828,2015-03-08,13:50:53,Stewart,Toaster,yes,yes,35.0,236.0,2.0
ID3829,2015-03-08,13:55:12,Becky,Television,yes,yes,17.0,218.0,1.0
ID3830,2015-03-08,13:55:12,Dan,Television,yes,yes,105.0,367.0,4.0
ID3831,2015-03-08,14:35:31,Diane,Television,no,no,,,
ID3832,2015-03-08,14:35:31,Greg,Air Conditioner,no,no,,,
ID3833,2015-03-08,15:00:00,Diane,Fridge,yes,yes,10.0,33.0,5.0
ID3834,2015-03-08,15:00:00,Becky,Toaster,yes,yes,110.0,113.0,3.0
ID3835,2015-03-08,15:04:19,Greg,Toaster,yes,yes,41.0,72.0,5.0
ID3836,2015-03-08,15:04:19,Stewart,Washing Machine,yes,yes,46.0,150.0,4.0
ID3837,2015-03-08,15:25:55,Martha,Fridge,yes,yes,109.0,181.0,3.0
ID3838,2015-03-08,15:25:55,Becky,Air Conditioner,yes,yes,18.0,178.0,5.0
ID3839,2015-03-08,15:40:19,Becky,Toaster,yes,yes,61.0,141.0,4.0
ID3840,2015-03-08,15:40:19,Dan,Television,yes,no,42.0,245.0,3.0
ID3841,2015-03-08,16:37:55,Diane,Toaster,yes,yes,105.0,315.0,3.0
ID3842,2015-03-08,16:37:55,Martha,Fridge,yes,yes,85.0,34.0,3.0
ID3843,2015-03-08,17:00:58,Becky,Washing Machine,yes,no,95.0,304.0,3.0
ID3844,2015-03-08,17:00:58,Dan,Toaster,yes,yes,71.0,59.0,5.0
ID3845,2015-03-08,17:31:12,Greg,Toaster,yes,yes,15.0,291.0,3.0
ID3846,2015-03-08,17:31:12,Becky,Fridge,yes,yes,21.0,171.0,5.0
ID3847,2015-03-08,17:38:24,Diane,Television,yes,no,123.0,122.0,4.0
ID3848,2015-03-08,17:38:24,Jim,Fridge,yes,yes,107.0,238.0,1.0
ID3849,2015-03-08,17:48:29,Joe,Television,yes,yes,93.0,410.0,3.0
ID3850,2015-03-08,17:48:29,Dan,Toaster,yes,yes,110.0,31.0,4.0
ID3851,2015-03-08,17:48:29,Diane,Television,yes,yes,18.0,126.0,5.0
ID3852,2015-03-08,17:48:29,Jim,Washing Machine,yes,yes,33.0,282.0,3.0
ID3853,2015-03-08,17:51:22,Jim,Washing Machine,yes,yes,71.0,276.0,4.0
ID3854,2015-03-08,17:51:22,Dan,Fridge,yes,yes,19.0,306.0,4.0
ID3855,2015-03-08,17:52:48,Dan,Toaster,yes,yes,93.0,400.0,4.0
ID3856,2015-03-08,17:52:48,Diane,Air Conditioner,yes,yes,43.0,218.0,1.0
ID3857,2015-03-09,09:18:43,Diane,Air Conditioner,yes,no,92.0,293.0,5.0
ID3858,2015-03-09,09:18:43,Martha,Washing Machine,yes,yes,19.0,313.0,3.0
ID3859,2015-03-09,09:40:19,Dan,Washing Machine,no,no,,,
ID3860,2015-03-09,09:40:19,Becky,Washing Machine,yes,yes,66.0,135.0,1.0
ID3861,2015-03-09,10:13:26,Greg,Washing Machine,yes,yes,47.0,136.0,4.0
ID3862,2015-03-09,10:13:26,Dan,Air Conditioner,yes,yes,80.0,323.0,3.0
ID3863,2015-03-09,10:27:50,Greg,Television,yes,yes,82.0,217.0,2.0
ID3864,2015-03-09,10:27:50,Martha,Air Conditioner,yes,yes,88.0,170.0,1.0
ID3865,2015-03-09,10:29:17,Martha,Air Conditioner,yes,yes,51.0,85.0,4.0
ID3866,2015-03-09,10:29:17,Becky,Washing Machine,yes,no,41.0,323.0,3.0
ID3867,2015-03-09,10:30:43,Diane,Toaster,yes,yes,46.0,174.0,1.0
ID3868,2015-03-09,10:30:43,Martha,Air Conditioner,yes,yes,113.0,401.0,4.0
ID3869,2015-03-09,11:02:24,Diane,Fridge,yes,yes,52.0,175.0,4.0
ID3870,2015-03-09,11:02:24,Diane,Air Conditioner,yes,yes,77.0,301.0,3.0
ID3871,2015-03-09,11:03:50,Greg,Television,yes,yes,119.0,116.0,1.0
ID3872,2015-03-09,11:03:50,Diane,Toaster,no,no,,,
ID3873,2015-03-09,11:22:34,Joe,Fridge,yes,yes,63.0,49.0,3.0
ID3874,2015-03-09,11:22:34,Becky,Television,yes,no,41.0,381.0,4.0
ID3875,2015-03-09,11:48:29,Diane,Washing Machine,yes,yes,93.0,399.0,5.0
ID3876,2015-03-09,11:48:29,Becky,Television,yes,no,63.0,306.0,2.0
ID3877,2015-03-09,13:22:05,Diane,Washing Machine,no,no,,,
ID3878,2015-03-09,13:22:05,Martha,Television,yes,no,43.0,117.0,2.0
ID3879,2015-03-09,13:26:24,Jim,Toaster,yes,yes,88.0,155.0,4.0
ID3880,2015-03-09,13:26:24,Stewart,Washing Machine,yes,yes,100.0,65.0,4.0
ID3881,2015-03-09,13:45:07,Diane,Fridge,no,no,,,
ID3882,2015-03-09,13:45:07,Stewart,Fridge,yes,yes,108.0,60.0,5.0
ID3883,2015-03-09,15:21:36,Greg,Toaster,yes,yes,88.0,240.0,3.0
ID3884,2015-03-09,15:21:36,Diane,Toaster,no,no,,,
ID3885,2015-03-09,15:23:02,Becky,Washing Machine,yes,yes,72.0,282.0,3.0
ID3886,2015-03-09,15:23:02,Joe,Television,yes,yes,52.0,210.0,5.0
ID3887,2015-03-09,15:27:22,Stewart,Air Conditioner,yes,yes,15.0,282.0,5.0
ID3888,2015-03-09,15:27:22,Dan,Toaster,yes,yes,113.0,288.0,3.0
ID3889,2015-03-09,15:41:46,Martha,Air Conditioner,yes,yes,123.0,302.0,1.0
ID3890,2015-03-09,15:41:46,Greg,Toaster,yes,yes,97.0,121.0,4.0
ID3891,2015-03-09,15:43:12,Becky,Fridge,yes,yes,22.0,280.0,3.0
ID3892,2015-03-09,15:43:12,Greg,Washing Machine,yes,yes,62.0,396.0,5.0
ID3893,2015-03-09,15:44:38,Becky,Washing Machine,yes,no,79.0,361.0,1.0
ID3894,2015-03-09,15:44:38,Diane,Toaster,yes,yes,85.0,186.0,4.0
ID3895,2015-03-09,15:59:02,Stewart,Air Conditioner,yes,yes,74.0,47.0,5.0
ID3896,2015-03-09,15:59:02,Jim,Television,yes,yes,61.0,300.0,4.0
ID3897,2015-03-09,16:52:19,Diane,Toaster,yes,yes,81.0,275.0,2.0
ID3898,2015-03-09,16:52:19,Joe,Fridge,no,no,,,
ID3899,2015-03-09,16:59:31,Joe,Washing Machine,yes,yes,74.0,377.0,5.0
ID3900,2015-03-09,16:59:31,Stewart,Washing Machine,yes,no,32.0,258.0,4.0
ID3901,2015-03-09,17:06:43,Greg,Air Conditioner,yes,yes,99.0,264.0,3.0
ID3902,2015-03-09,17:06:43,Becky,Fridge,no,no,,,
ID3903,2015-03-10,09:12:58,Dan,Air Conditioner,yes,yes,75.0,169.0,5.0
ID3904,2015-03-10,09:12:58,Martha,Toaster,no,no,,,
ID3905,2015-03-10,09:18:43,Dan,Air Conditioner,yes,yes,114.0,272.0,5.0
ID3906,2015-03-10,09:18:43,Greg,Air Conditioner,no,no,,,
ID3907,2015-03-10,09:51:50,Jim,Fridge,yes,yes,50.0,372.0,3.0
ID3908,2015-03-10,09:51:50,Jim,Air Conditioner,no,no,,,
ID3909,2015-03-10,10:06:14,Jim,Fridge,yes,no,115.0,189.0,2.0
ID3910,2015-03-10,10:06:14,Becky,Fridge,yes,yes,48.0,90.0,4.0
ID3911,2015-03-10,10:07:41,Joe,Toaster,yes,yes,16.0,114.0,1.0
ID3912,2015-03-10,10:07:41,Stewart,Air Conditioner,yes,yes,74.0,397.0,5.0
ID3913,2015-03-10,10:22:05,Joe,Toaster,no,no,,,
ID3914,2015-03-10,10:22:05,Greg,Washing Machine,no,no,,,
ID3915,2015-03-10,10:26:24,Greg,Television,no,no,,,
ID3916,2015-03-10,10:26:24,Stewart,Television,yes,yes,37.0,305.0,5.0
ID3917,2015-03-10,12:04:19,Martha,Toaster,yes,yes,125.0,121.0,3.0
ID3918,2015-03-10,12:04:19,Diane,Fridge,yes,yes,42.0,235.0,3.0
ID3919,2015-03-10,12:48:58,Jim,Toaster,no,no,,,
ID3920,2015-03-10,12:48:58,Becky,Television,yes,yes,43.0,35.0,3.0
ID3921,2015-03-10,13:29:17,Becky,Television,yes,yes,74.0,159.0,4.0
ID3922,2015-03-10,13:29:17,Joe,Fridge,yes,yes,90.0,297.0,3.0
ID3923,2015-03-10,13:32:10,Greg,Washing Machine,no,no,,,
ID3924,2015-03-10,13:32:10,Jim,Fridge,yes,yes,84.0,381.0,5.0
ID3925,2015-03-10,13:42:14,Joe,Toaster,yes,yes,51.0,405.0,3.0
ID3926,2015-03-10,13:42:14,Diane,Washing Machine,no,no,,,
ID3927,2015-03-10,13:45:07,Diane,Television,yes,no,90.0,262.0,3.0
ID3928,2015-03-10,13:45:07,Joe,Fridge,yes,yes,82.0,48.0,3.0
ID3929,2015-03-10,13:48:00,Greg,Fridge,yes,yes,77.0,246.0,3.0
ID3930,2015-03-10,13:48:00,Martha,Air Conditioner,no,no,,,
ID3931,2015-03-10,13:56:38,Greg,Washing Machine,yes,yes,116.0,30.0,3.0
ID3932,2015-03-10,13:56:38,Stewart,Toaster,yes,yes,120.0,83.0,3.0
ID3933,2015-03-10,14:00:58,Dan,Toaster,yes,yes,13.0,265.0,1.0
ID3934,2015-03-10,14:00:58,Dan,Television,yes,yes,26.0,181.0,3.0
ID3935,2015-03-10,15:17:17,Stewart,Washing Machine,yes,yes,93.0,137.0,3.0
ID3936,2015-03-10,15:17:17,Dan,Washing Machine,yes,yes,20.0,33.0,3.0
ID3937,2015-03-10,15:24:29,Stewart,Washing Machine,no,no,,,
ID3938,2015-03-10,15:24:29,Joe,Television,yes,yes,113.0,78.0,1.0
ID3939,2015-03-10,16:00:29,Stewart,Television,no,no,,,
ID3940,2015-03-10,16:00:29,Joe,Toaster,yes,yes,113.0,375.0,2.0
ID3941,2015-03-10,16:30:43,Greg,Television,yes,yes,44.0,196.0,5.0
ID3942,2015-03-10,16:30:43,Becky,Toaster,yes,yes,103.0,82.0,3.0
ID3943,2015-03-10,16:46:34,Greg,Television,yes,yes,92.0,383.0,2.0
ID3944,2015-03-10,16:46:34,Dan,Television,yes,no,92.0,260.0,3.0
ID3945,2015-03-10,17:05:17,Dan,Television,yes,yes,33.0,314.0,5.0
ID3946,2015-03-10,17:05:17,Dan,Washing Machine,yes,yes,24.0,279.0,5.0
ID3947,2015-03-10,17:35:31,Greg,Television,yes,yes,84.0,123.0,3.0
ID3948,2015-03-10,17:35:31,Jim,Air Conditioner,yes,yes,99.0,166.0,3.0
ID3949,2015-03-11,09:10:05,Stewart,Air Conditioner,no,no,,,
ID3950,2015-03-11,09:10:05,Diane,Air Conditioner,yes,yes,58.0,136.0,5.0
ID3951,2015-03-11,09:38:53,Joe,Television,no,no,,,
ID3952,2015-03-11,09:38:53,Greg,Fridge,yes,yes,27.0,88.0,1.0
ID3953,2015-03-11,09:40:19,Greg,Toaster,yes,yes,48.0,44.0,3.0
ID3954,2015-03-11,09:40:19,Jim,Washing Machine,yes,yes,86.0,396.0,5.0
ID3955,2015-03-11,09:57:36,Dan,Television,no,no,,,
ID3956,2015-03-11,09:57:36,Greg,Air Conditioner,yes,yes,82.0,316.0,3.0
ID3957,2015-03-11,10:01:55,Jim,Air Conditioner,yes,yes,54.0,252.0,4.0
ID3958,2015-03-11,10:01:55,Dan,Air Conditioner,yes,yes,87.0,381.0,4.0
ID3959,2015-03-11,10:09:07,Diane,Fridge,yes,yes,114.0,375.0,5.0
ID3960,2015-03-11,10:09:07,Jim,Fridge,no,no,,,
ID3961,2015-03-11,10:24:58,Jim,Fridge,yes,yes,104.0,48.0,5.0
ID3962,2015-03-11,10:24:58,Stewart,Television,yes,yes,81.0,169.0,5.0
ID3963,2015-03-11,10:30:43,Greg,Toaster,yes,yes,120.0,237.0,4.0
ID3964,2015-03-11,10:30:43,Greg,Toaster,no,no,,,
ID3965,2015-03-11,10:49:26,Becky,Washing Machine,yes,yes,72.0,311.0,3.0
ID3966,2015-03-11,10:49:26,Stewart,Fridge,yes,yes,57.0,178.0,3.0
ID3967,2015-03-11,10:50:53,Greg,Fridge,yes,yes,74.0,47.0,5.0
ID3968,2015-03-11,10:50:53,Joe,Television,yes,yes,53.0,341.0,3.0
ID3969,2015-03-11,11:00:58,Greg,Toaster,yes,yes,79.0,137.0,3.0
ID3970,2015-03-11,11:00:58,Martha,Television,yes,yes,100.0,360.0,3.0
ID3971,2015-03-11,11:26:53,Dan,Television,yes,yes,116.0,271.0,3.0
ID3972,2015-03-11,11:26:53,Diane,Air Conditioner,no,no,,,
ID3973,2015-03-11,11:38:24,Martha,Television,yes,yes,14.0,104.0,5.0
ID3974,2015-03-11,11:38:24,Joe,Television,yes,yes,92.0,100.0,5.0
ID3975,2015-03-11,12:02:53,Jim,Fridge,yes,yes,92.0,150.0,1.0
ID3976,2015-03-11,12:02:53,Joe,Washing Machine,yes,yes,78.0,383.0,4.0
ID3977,2015-03-11,12:20:10,Martha,Air Conditioner,yes,yes,36.0,42.0,3.0
ID3978,2015-03-11,12:20:10,Jim,Television,no,no,,,
ID3979,2015-03-11,12:20:10,Greg,Toaster,yes,yes,20.0,272.0,2.0
ID3980,2015-03-11,12:20:10,Dan,Air Conditioner,yes,no,29.0,302.0,5.0
ID3981,2015-03-11,12:31:41,Stewart,Toaster,yes,yes,119.0,410.0,3.0
ID3982,2015-03-11,12:31:41,Martha,Toaster,yes,yes,67.0,310.0,5.0
ID3983,2015-03-11,12:38:53,Jim,Television,no,no,,,
ID3984,2015-03-11,12:38:53,Martha,Television,yes,yes,102.0,73.0,1.0
ID3985,2015-03-11,12:56:10,Martha,Television,yes,yes,72.0,324.0,4.0
ID3986,2015-03-11,12:56:10,Diane,Fridge,yes,yes,107.0,117.0,5.0
ID3987,2015-03-11,12:57:36,Greg,Television,no,no,,,
ID3988,2015-03-11,12:57:36,Becky,Fridge,no,no,,,
ID3989,2015-03-11,13:32:10,Joe,Toaster,yes,no,106.0,91.0,4.0
ID3990,2015-03-11,13:32:10,Joe,Fridge,yes,yes,68.0,255.0,2.0
ID3991,2015-03-11,13:40:48,Dan,Air Conditioner,yes,yes,44.0,398.0,3.0
ID3992,2015-03-11,13:40:48,Becky,Fridge,yes,yes,96.0,213.0,1.0
ID3993,2015-03-11,13:50:53,Diane,Toaster,no,no,,,
ID3994,2015-03-11,13:50:53,Stewart,Air Conditioner,yes,yes,53.0,33.0,4.0
ID3995,2015-03-11,13:56:38,Dan,Television,yes,yes,100.0,65.0,1.0
ID3996,2015-03-11,13:56:38,Becky,Television,yes,yes,75.0,115.0,2.0
ID3997,2015-03-11,13:59:31,Jim,Toaster,yes,yes,109.0,258.0,3.0
ID3998,2015-03-11,13:59:31,Joe,Toaster,yes,yes,95.0,133.0,4.0
ID3999,2015-03-11,14:22:34,Stewart,Washing Machine,yes,yes,69.0,59.0,4.0
ID4000,2015-03-11,14:22:34,Becky,Television,yes,yes,113.0,175.0,5.0
ID4001,2015-03-11,14:26:53,Joe,Fridge,yes,yes,108.0,92.0,2.0
ID4002,2015-03-11,14:26:53,Joe,Television,yes,yes,46.0,319.0,2.0
ID4003,2015-03-11,14:28:19,Joe,Toaster,yes,yes,71.0,107.0,1.0
ID4004,2015-03-11,14:28:19,Diane,Fridge,yes,yes,124.0,172.0,2.0
ID4005,2015-03-11,15:21:36,Martha,Air Conditioner,yes,yes,79.0,61.0,4.0
ID4006,2015-03-11,15:21:36,Diane,Toaster,yes,no,111.0,153.0,5.0
ID4007,2015-03-11,15:24:29,Dan,Toaster,yes,yes,27.0,42.0,4.0
ID4008,2015-03-11,15:24:29,Becky,Television,yes,yes,69.0,221.0,4.0
ID4009,2015-03-11,15:34:34,Joe,Toaster,yes,yes,121.0,315.0,1.0
ID4010,2015-03-11,15:34:34,Stewart,Television,yes,yes,16.0,375.0,3.0
ID4011,2015-03-11,15:59:02,Stewart,Washing Machine,no,no,,,
ID4012,2015-03-11,15:59:02,Jim,Television,yes,no,35.0,368.0,5.0
ID4013,2015-03-11,16:10:34,Becky,Television,yes,yes,85.0,224.0,3.0
ID4014,2015-03-11,16:10:34,Dan,Fridge,yes,yes,73.0,177.0,2.0
ID4015,2015-03-11,16:13:26,Martha,Toaster,yes,yes,101.0,297.0,3.0
ID4016,2015-03-11,16:13:26,Jim,Fridge,yes,yes,89.0,267.0,2.0
ID4017,2015-03-11,17:34:05,Diane,Air Conditioner,yes,yes,70.0,301.0,5.0
ID4018,2015-03-11,17:34:05,Diane,Washing Machine,yes,yes,52.0,331.0,3.0
ID4019,2015-03-11,17:39:50,Jim,Washing Machine,no,no,,,
ID4020,2015-03-11,17:39:50,Dan,Television,yes,yes,91.0,56.0,1.0
ID4021,2015-03-11,17:39:50,Joe,Toaster,no,no,,,
ID4022,2015-03-11,17:39:50,Diane,Air Conditioner,yes,yes,18.0,343.0,5.0
ID4023,2015-03-12,09:11:31,Martha,Washing Machine,yes,no,32.0,275.0,1.0
ID4024,2015-03-12,09:11:31,Greg,Toaster,yes,yes,71.0,299.0,3.0
ID4025,2015-03-12,09:36:00,Stewart,Air Conditioner,yes,yes,54.0,154.0,4.0
ID4026,2015-03-12,09:36:00,Dan,Washing Machine,yes,yes,121.0,264.0,4.0
ID4027,2015-03-12,09:57:36,Dan,Air Conditioner,yes,yes,59.0,66.0,3.0
ID4028,2015-03-12,09:57:36,Jim,Washing Machine,yes,yes,59.0,62.0,2.0
ID4029,2015-03-12,10:01:55,Jim,Toaster,yes,yes,108.0,199.0,5.0
ID4030,2015-03-12,10:01:55,Stewart,Air Conditioner,yes,yes,35.0,131.0,4.0
ID4031,2015-03-12,10:03:22,Stewart,Toaster,yes,yes,22.0,330.0,5.0
ID4032,2015-03-12,10:03:22,Diane,Air Conditioner,yes,yes,37.0,268.0,5.0
ID4033,2015-03-12,10:09:07,Martha,Toaster,yes,yes,14.0,412.0,3.0
ID4034,2015-03-12,10:09:07,Greg,Toaster,no,no,,,
ID4035,2015-03-12,10:12:00,Martha,Toaster,yes,yes,73.0,61.0,3.0
ID4036,2015-03-12,10:12:00,Joe,Television,no,no,,,
ID4037,2015-03-12,10:22:05,Diane,Fridge,no,no,,,
ID4038,2015-03-12,10:22:05,Jim,Air Conditioner,yes,yes,63.0,175.0,1.0
ID4039,2015-03-12,10:42:14,Jim,Air Conditioner,yes,yes,64.0,349.0,4.0
ID4040,2015-03-12,10:42:14,Joe,Air Conditioner,yes,yes,17.0,340.0,3.0
ID4041,2015-03-12,11:12:29,Diane,Washing Machine,yes,yes,42.0,158.0,4.0
ID4042,2015-03-12,11:12:29,Diane,Air Conditioner,yes,yes,121.0,246.0,1.0
ID4043,2015-03-12,11:13:55,Diane,Toaster,yes,yes,56.0,209.0,4.0
ID4044,2015-03-12,11:13:55,Joe,Air Conditioner,yes,yes,123.0,314.0,4.0
ID4045,2015-03-12,11:16:48,Diane,Fridge,yes,yes,27.0,49.0,5.0
ID4046,2015-03-12,11:16:48,Dan,Air Conditioner,yes,yes,46.0,229.0,4.0
ID4047,2015-03-12,12:01:26,Diane,Air Conditioner,yes,yes,117.0,126.0,2.0
ID4048,2015-03-12,12:01:26,Becky,Toaster,no,no,,,
ID4049,2015-03-12,12:57:36,Greg,Washing Machine,yes,yes,64.0,320.0,3.0
ID4050,2015-03-12,12:57:36,Jim,Washing Machine,yes,yes,20.0,167.0,4.0
ID4051,2015-03-12,13:29:17,Stewart,Washing Machine,yes,yes,21.0,393.0,5.0
ID4052,2015-03-12,13:29:17,Greg,Air Conditioner,no,no,,,
ID4053,2015-03-12,14:00:58,Dan,Television,yes,no,118.0,157.0,3.0
ID4054,2015-03-12,14:00:58,Stewart,Fridge,yes,yes,105.0,327.0,2.0
ID4055,2015-03-12,14:18:14,Joe,Air Conditioner,yes,yes,117.0,45.0,4.0
ID4056,2015-03-12,14:18:14,Martha,Toaster,yes,no,16.0,213.0,4.0
ID4057,2015-03-12,14:31:12,Joe,Fridge,yes,yes,110.0,120.0,5.0
ID4058,2015-03-12,14:31:12,Diane,Fridge,no,no,,,
ID4059,2015-03-12,14:32:38,Stewart,Fridge,yes,yes,57.0,124.0,5.0
ID4060,2015-03-12,14:32:38,Joe,Air Conditioner,yes,yes,105.0,409.0,3.0
ID4061,2015-03-12,14:57:07,Greg,Fridge,yes,yes,95.0,371.0,5.0
ID4062,2015-03-12,14:57:07,Jim,Air Conditioner,yes,yes,19.0,347.0,2.0
ID4063,2015-03-12,16:06:14,Becky,Air Conditioner,yes,yes,25.0,310.0,3.0
ID4064,2015-03-12,16:06:14,Becky,Television,yes,no,65.0,126.0,2.0
ID4065,2015-03-12,16:23:31,Jim,Air Conditioner,yes,yes,27.0,167.0,1.0
ID4066,2015-03-12,16:23:31,Jim,Washing Machine,yes,yes,107.0,142.0,1.0
ID4067,2015-03-12,17:00:58,Becky,Fridge,yes,yes,90.0,218.0,3.0
ID4068,2015-03-12,17:00:58,Becky,Toaster,yes,yes,45.0,90.0,3.0
ID4069,2015-03-12,17:11:02,Dan,Toaster,yes,yes,39.0,342.0,4.0
ID4070,2015-03-12,17:11:02,Joe,Television,yes,yes,63.0,282.0,5.0
ID4071,2015-03-12,17:52:48,Greg,Fridge,yes,no,95.0,38.0,1.0
ID4072,2015-03-12,17:52:48,Joe,Fridge,yes,yes,39.0,323.0,4.0
ID4073,2015-03-13,09:02:53,Diane,Fridge,no,no,,,
ID4074,2015-03-13,09:02:53,Martha,Fridge,no,no,,,
ID4075,2015-03-13,09:02:53,Martha,Fridge,yes,yes,125.0,60.0,3.0
ID4076,2015-03-13,09:02:53,Martha,Air Conditioner,yes,yes,73.0,89.0,4.0
ID4077,2015-03-13,09:38:53,Greg,Fridge,yes,yes,116.0,55.0,4.0
ID4078,2015-03-13,09:38:53,Joe,Air Conditioner,yes,yes,115.0,141.0,2.0
ID4079,2015-03-13,10:49:26,Joe,Fridge,no,no,,,
ID4080,2015-03-13,10:49:26,Stewart,Toaster,yes,yes,56.0,367.0,2.0
ID4081,2015-03-13,11:15:22,Dan,Air Conditioner,yes,yes,123.0,159.0,2.0
ID4082,2015-03-13,11:15:22,Becky,Fridge,yes,yes,36.0,50.0,1.0
ID4083,2015-03-13,11:28:19,Greg,Air Conditioner,yes,yes,84.0,93.0,5.0
ID4084,2015-03-13,11:28:19,Martha,Television,yes,yes,74.0,181.0,3.0
ID4085,2015-03-13,11:38:24,Jim,Television,yes,yes,20.0,256.0,5.0
ID4086,2015-03-13,11:38:24,Martha,Television,no,no,,,
ID4087,2015-03-13,11:42:43,Diane,Toaster,yes,yes,13.0,272.0,3.0
ID4088,2015-03-13,11:42:43,Greg,Washing Machine,yes,no,28.0,59.0,3.0
ID4089,2015-03-13,13:42:14,Dan,Washing Machine,yes,yes,13.0,114.0,4.0
ID4090,2015-03-13,13:42:14,Martha,Television,yes,yes,100.0,73.0,3.0
ID4091,2015-03-13,14:13:55,Jim,Washing Machine,yes,yes,119.0,174.0,3.0
ID4092,2015-03-13,14:13:55,Stewart,Air Conditioner,no,no,,,
ID4093,2015-03-13,14:18:14,Martha,Air Conditioner,yes,yes,125.0,343.0,5.0
ID4094,2015-03-13,14:18:14,Joe,Television,no,no,,,
ID4095,2015-03-13,14:38:24,Jim,Air Conditioner,yes,no,88.0,106.0,4.0
ID4096,2015-03-13,14:38:24,Becky,Air Conditioner,yes,yes,71.0,33.0,4.0
ID4097,2015-03-13,14:41:17,Dan,Washing Machine,yes,yes,99.0,34.0,4.0
ID4098,2015-03-13,14:41:17,Dan,Fridge,yes,yes,94.0,351.0,1.0
ID4099,2015-03-13,15:00:00,Becky,Fridge,yes,yes,115.0,311.0,1.0
ID4100,2015-03-13,15:00:00,Becky,Washing Machine,yes,yes,36.0,310.0,5.0
ID4101,2015-03-13,15:02:53,Stewart,Toaster,yes,yes,72.0,231.0,3.0
ID4102,2015-03-13,15:02:53,Becky,Washing Machine,yes,yes,51.0,63.0,3.0
ID4103,2015-03-13,15:36:00,Diane,Fridge,yes,yes,11.0,272.0,2.0
ID4104,2015-03-13,15:36:00,Stewart,Fridge,yes,no,101.0,345.0,5.0
ID4105,2015-03-13,15:38:53,Stewart,Fridge,yes,yes,119.0,336.0,3.0
ID4106,2015-03-13,15:38:53,Diane,Air Conditioner,yes,yes,64.0,156.0,3.0
ID4107,2015-03-13,15:44:38,Martha,Air Conditioner,yes,yes,12.0,249.0,3.0
ID4108,2015-03-13,15:44:38,Greg,Television,yes,yes,118.0,310.0,3.0
ID4109,2015-03-13,15:59:02,Greg,Toaster,yes,yes,107.0,150.0,2.0
ID4110,2015-03-13,15:59:02,Martha,Toaster,yes,yes,122.0,303.0,3.0
ID4111,2015-03-13,16:17:46,Becky,Toaster,yes,yes,41.0,221.0,4.0
ID4112,2015-03-13,16:17:46,Becky,Television,yes,yes,22.0,42.0,1.0
ID4113,2015-03-13,16:53:46,Martha,Air Conditioner,no,no,,,
ID4114,2015-03-13,16:53:46,Martha,Washing Machine,yes,yes,93.0,219.0,3.0
ID4115,2015-03-13,17:02:24,Jim,Fridge,yes,yes,20.0,260.0,5.0
ID4116,2015-03-13,17:02:24,Dan,Washing Machine,yes,yes,90.0,245.0,4.0
ID4117,2015-03-13,17:24:00,Becky,Air Conditioner,yes,yes,107.0,393.0,3.0
ID4118,2015-03-13,17:24:00,Jim,Air Conditioner,no,no,,,
ID4119,2015-03-13,17:44:10,Dan,Washing Machine,yes,yes,38.0,342.0,3.0
ID4120,2015-03-13,17:44:10,Joe,Washing Machine,no,no,,,
ID4121,2015-03-14,09:00:00,Becky,Television,yes,yes,50.0,116.0,4.0
ID4122,2015-03-14,09:00:00,Greg,Fridge,yes,yes,90.0,305.0,4.0
ID4123,2015-03-14,09:20:10,Becky,Fridge,yes,yes,22.0,260.0,4.0
ID4124,2015-03-14,09:20:10,Joe,Fridge,no,no,,,
ID4125,2015-03-14,09:57:36,Martha,Television,yes,yes,67.0,304.0,4.0
ID4126,2015-03-14,09:57:36,Dan,Washing Machine,yes,yes,89.0,380.0,3.0
ID4127,2015-03-14,10:07:41,Becky,Toaster,yes,yes,21.0,345.0,3.0
ID4128,2015-03-14,10:07:41,Diane,Washing Machine,yes,yes,34.0,64.0,4.0
ID4129,2015-03-14,10:09:07,Diane,Washing Machine,yes,yes,77.0,48.0,2.0
ID4130,2015-03-14,10:09:07,Diane,Fridge,yes,yes,72.0,164.0,1.0
ID4131,2015-03-14,10:32:10,Joe,Television,yes,yes,83.0,120.0,3.0
ID4132,2015-03-14,10:32:10,Jim,Television,yes,yes,120.0,105.0,3.0
ID4133,2015-03-14,11:09:36,Diane,Washing Machine,yes,yes,82.0,256.0,5.0
ID4134,2015-03-14,11:09:36,Martha,Television,yes,yes,61.0,398.0,5.0
ID4135,2015-03-14,11:25:26,Jim,Washing Machine,yes,yes,69.0,159.0,2.0
ID4136,2015-03-14,11:25:26,Jim,Air Conditioner,yes,no,19.0,257.0,4.0
ID4137,2015-03-14,11:36:58,Diane,Air Conditioner,yes,yes,35.0,254.0,2.0
ID4138,2015-03-14,11:36:58,Jim,Toaster,no,no,,,
ID4139,2015-03-14,11:52:48,Jim,Washing Machine,yes,yes,11.0,388.0,3.0
ID4140,2015-03-14,11:52:48,Jim,Fridge,yes,yes,110.0,49.0,3.0
ID4141,2015-03-14,13:00:29,Dan,Toaster,yes,yes,119.0,137.0,1.0
ID4142,2015-03-14,13:00:29,Jim,Washing Machine,yes,yes,38.0,87.0,4.0
ID4143,2015-03-14,13:09:07,Joe,Toaster,yes,yes,40.0,308.0,4.0
ID4144,2015-03-14,13:09:07,Dan,Television,yes,yes,19.0,265.0,5.0
ID4145,2015-03-14,13:16:19,Dan,Air Conditioner,no,no,,,
ID4146,2015-03-14,13:16:19,Martha,Toaster,yes,yes,63.0,344.0,3.0
ID4147,2015-03-14,13:24:58,Jim,Air Conditioner,yes,yes,33.0,189.0,5.0
ID4148,2015-03-14,13:24:58,Becky,Air Conditioner,no,no,,,
ID4149,2015-03-14,13:40:48,Jim,Fridge,yes,no,26.0,308.0,5.0
ID4150,2015-03-14,13:40:48,Jim,Television,no,no,,,
ID4151,2015-03-14,13:46:34,Diane,Washing Machine,no,no,,,
ID4152,2015-03-14,13:46:34,Jim,Fridge,yes,yes,81.0,210.0,5.0
ID4153,2015-03-14,14:03:50,Martha,Air Conditioner,yes,yes,65.0,388.0,3.0
ID4154,2015-03-14,14:03:50,Jim,Fridge,yes,yes,84.0,254.0,3.0
ID4155,2015-03-14,14:25:26,Jim,Fridge,yes,yes,42.0,292.0,1.0
ID4156,2015-03-14,14:25:26,Dan,Fridge,no,no,,,
ID4157,2015-03-14,14:39:50,Becky,Fridge,no,no,,,
ID4158,2015-03-14,14:39:50,Martha,Television,yes,yes,123.0,217.0,2.0
ID4159,2015-03-14,15:17:17,Greg,Washing Machine,yes,yes,65.0,397.0,4.0
ID4160,2015-03-14,15:17:17,Diane,Washing Machine,yes,yes,33.0,342.0,5.0
ID4161,2015-03-14,15:27:22,Diane,Toaster,yes,yes,117.0,244.0,3.0
ID4162,2015-03-14,15:27:22,Diane,Television,yes,yes,122.0,96.0,3.0
ID4163,2015-03-14,15:43:12,Jim,Air Conditioner,yes,yes,21.0,325.0,4.0
ID4164,2015-03-14,15:43:12,Dan,Television,yes,no,48.0,255.0,4.0
ID4165,2015-03-14,16:36:29,Greg,Washing Machine,no,no,,,
ID4166,2015-03-14,16:36:29,Diane,Air Conditioner,yes,yes,98.0,176.0,1.0
ID4167,2015-03-14,16:36:29,Dan,Television,yes,yes,95.0,150.0,4.0
ID4168,2015-03-14,16:36:29,Dan,Washing Machine,yes,yes,28.0,408.0,3.0
ID4169,2015-03-14,17:57:07,Joe,Fridge,no,no,,,
ID4170,2015-03-14,17:57:07,Dan,Television,no,no,,,
ID4171,2015-03-15,09:08:38,Dan,Fridge,no,no,,,
ID4172,2015-03-15,09:08:38,Greg,Television,yes,yes,40.0,292.0,3.0
ID4173,2015-03-15,09:30:14,Martha,Television,yes,yes,13.0,222.0,2.0
ID4174,2015-03-15,09:30:14,Becky,Television,yes,yes,71.0,79.0,5.0
ID4175,2015-03-15,09:44:38,Martha,Air Conditioner,yes,yes,106.0,45.0,4.0
ID4176,2015-03-15,09:44:38,Dan,Television,yes,no,94.0,211.0,4.0
ID4177,2015-03-15,10:00:29,Greg,Toaster,yes,yes,74.0,239.0,5.0
ID4178,2015-03-15,10:00:29,Dan,Washing Machine,yes,yes,34.0,38.0,4.0
ID4179,2015-03-15,10:09:07,Jim,Fridge,yes,yes,38.0,126.0,2.0
ID4180,2015-03-15,10:09:07,Jim,Air Conditioner,yes,yes,31.0,172.0,4.0
ID4181,2015-03-15,10:13:26,Martha,Washing Machine,yes,yes,13.0,184.0,3.0
ID4182,2015-03-15,10:13:26,Stewart,Air Conditioner,yes,yes,79.0,107.0,3.0
ID4183,2015-03-15,11:06:43,Stewart,Washing Machine,yes,yes,49.0,300.0,2.0
ID4184,2015-03-15,11:06:43,Stewart,Air Conditioner,yes,yes,89.0,239.0,1.0
ID4185,2015-03-15,11:09:36,Jim,Television,yes,yes,37.0,297.0,5.0
ID4186,2015-03-15,11:09:36,Becky,Television,no,no,,,
ID4187,2015-03-15,11:58:34,Jim,Washing Machine,no,no,,,
ID4188,2015-03-15,11:58:34,Diane,Fridge,yes,yes,51.0,142.0,3.0
ID4189,2015-03-15,12:10:05,Greg,Toaster,yes,yes,49.0,130.0,1.0
ID4190,2015-03-15,12:10:05,Jim,Toaster,no,no,,,
ID4191,2015-03-15,12:28:48,Becky,Fridge,yes,yes,14.0,343.0,4.0
ID4192,2015-03-15,12:28:48,Joe,Toaster,yes,yes,91.0,287.0,3.0
ID4193,2015-03-15,13:07:41,Becky,Washing Machine,no,no,,,
ID4194,2015-03-15,13:07:41,Greg,Fridge,yes,yes,111.0,187.0,3.0
ID4195,2015-03-15,13:33:36,Martha,Washing Machine,yes,yes,80.0,286.0,5.0
ID4196,2015-03-15,13:33:36,Dan,Fridge,yes,yes,119.0,113.0,3.0
ID4197,2015-03-15,13:52:19,Jim,Washing Machine,yes,yes,68.0,196.0,3.0
ID4198,2015-03-15,13:52:19,Stewart,Toaster,no,no,,,
ID4199,2015-03-15,14:09:36,Jim,Washing Machine,yes,yes,109.0,145.0,3.0
ID4200,2015-03-15,14:09:36,Stewart,Television,yes,yes,24.0,416.0,4.0
ID4201,2015-03-15,14:26:53,Diane,Air Conditioner,yes,yes,55.0,144.0,5.0
ID4202,2015-03-15,14:26:53,Dan,Fridge,yes,yes,92.0,254.0,5.0
ID4203,2015-03-15,15:51:50,Martha,Air Conditioner,yes,yes,106.0,202.0,3.0
ID4204,2015-03-15,15:51:50,Diane,Fridge,yes,yes,28.0,84.0,3.0
ID4205,2015-03-15,16:04:48,Becky,Toaster,yes,yes,28.0,152.0,5.0
ID4206,2015-03-15,16:04:48,Dan,Washing Machine,yes,no,40.0,356.0,2.0
ID4207,2015-03-15,16:27:50,Greg,Air Conditioner,yes,yes,12.0,404.0,5.0
ID4208,2015-03-15,16:27:50,Joe,Television,yes,yes,61.0,148.0,5.0
ID4209,2015-03-15,17:05:17,Becky,Television,yes,yes,92.0,84.0,1.0
ID4210,2015-03-15,17:05:17,Jim,Air Conditioner,no,no,,,
ID4211,2015-03-15,17:11:02,Greg,Toaster,no,no,,,
ID4212,2015-03-15,17:11:02,Greg,Fridge,yes,yes,43.0,36.0,3.0
ID4213,2015-03-15,17:18:14,Joe,Fridge,yes,yes,46.0,233.0,5.0
ID4214,2015-03-15,17:18:14,Dan,Air Conditioner,yes,yes,51.0,362.0,4.0
ID4215,2015-03-15,17:28:19,Diane,Washing Machine,yes,yes,13.0,74.0,3.0
ID4216,2015-03-15,17:28:19,Diane,Toaster,yes,no,19.0,104.0,5.0
ID4217,2015-03-15,17:32:38,Becky,Fridge,yes,yes,30.0,208.0,3.0
ID4218,2015-03-15,17:32:38,Dan,Air Conditioner,yes,yes,122.0,393.0,3.0
ID4219,2015-03-15,17:47:02,Greg,Fridge,yes,yes,83.0,221.0,2.0
ID4220,2015-03-15,17:47:02,Jim,Air Conditioner,no,no,,,
ID4221,2015-03-16,09:11:31,Joe,Air Conditioner,yes,yes,125.0,74.0,4.0
ID4222,2015-03-16,09:11:31,Joe,Fridge,yes,yes,80.0,68.0,2.0
ID4223,2015-03-16,09:46:05,Stewart,Television,yes,yes,112.0,346.0,2.0
ID4224,2015-03-16,09:46:05,Greg,Television,yes,yes,113.0,206.0,5.0
ID4225,2015-03-16,10:09:07,Dan,Fridge,yes,yes,95.0,239.0,4.0
ID4226,2015-03-16,10:09:07,Joe,Television,yes,yes,40.0,194.0,3.0
ID4227,2015-03-16,10:10:34,Dan,Television,yes,yes,106.0,412.0,3.0
ID4228,2015-03-16,10:10:34,Greg,Toaster,yes,yes,38.0,212.0,3.0
ID4229,2015-03-16,10:23:31,Martha,Washing Machine,no,no,,,
ID4230,2015-03-16,10:23:31,Greg,Television,yes,yes,61.0,240.0,3.0
ID4231,2015-03-16,10:23:31,Dan,Fridge,no,no,,,
ID4232,2015-03-16,10:23:31,Joe,Television,no,no,,,
ID4233,2015-03-16,10:35:02,Martha,Television,no,no,,,
ID4234,2015-03-16,10:35:02,Jim,Fridge,yes,yes,70.0,250.0,1.0
ID4235,2015-03-16,11:12:29,Becky,Air Conditioner,no,no,,,
ID4236,2015-03-16,11:12:29,Dan,Television,no,no,,,
ID4237,2015-03-16,11:44:10,Stewart,Air Conditioner,yes,yes,56.0,335.0,4.0
ID4238,2015-03-16,11:44:10,Stewart,Television,yes,yes,26.0,370.0,4.0
ID4239,2015-03-16,12:21:36,Diane,Air Conditioner,yes,yes,11.0,185.0,4.0
ID4240,2015-03-16,12:21:36,Greg,Toaster,yes,yes,22.0,390.0,1.0
ID4241,2015-03-16,12:43:12,Jim,Television,yes,yes,33.0,399.0,3.0
ID4242,2015-03-16,12:43:12,Stewart,Television,yes,yes,58.0,66.0,4.0
ID4243,2015-03-16,12:48:58,Greg,Washing Machine,yes,yes,72.0,346.0,3.0
ID4244,2015-03-16,12:48:58,Greg,Toaster,yes,yes,63.0,327.0,5.0
ID4245,2015-03-16,13:04:48,Diane,Television,yes,yes,52.0,211.0,4.0
ID4246,2015-03-16,13:04:48,Joe,Television,no,no,,,
ID4247,2015-03-16,13:16:19,Stewart,Air Conditioner,yes,yes,106.0,330.0,5.0
ID4248,2015-03-16,13:16:19,Diane,Fridge,yes,yes,26.0,393.0,3.0
ID4249,2015-03-16,13:29:17,Diane,Toaster,yes,yes,76.0,208.0,5.0
ID4250,2015-03-16,13:29:17,Stewart,Air Conditioner,yes,yes,45.0,389.0,5.0
ID4251,2015-03-16,13:32:10,Martha,Washing Machine,no,no,,,
ID4252,2015-03-16,13:32:10,Dan,Toaster,yes,yes,61.0,89.0,3.0
ID4253,2015-03-16,13:56:38,Greg,Air Conditioner,no,no,,,
ID4254,2015-03-16,13:56:38,Dan,Washing Machine,yes,no,38.0,295.0,2.0
ID4255,2015-03-16,14:09:36,Jim,Washing Machine,yes,yes,19.0,132.0,4.0
ID4256,2015-03-16,14:09:36,Joe,Television,yes,yes,15.0,182.0,4.0
ID4257,2015-03-16,14:13:55,Becky,Television,yes,yes,90.0,295.0,3.0
ID4258,2015-03-16,14:13:55,Stewart,Fridge,yes,yes,99.0,64.0,3.0
ID4259,2015-03-16,14:13:55,Becky,Washing Machine,yes,yes,18.0,116.0,5.0
ID4260,2015-03-16,14:13:55,Jim,Toaster,yes,yes,65.0,155.0,4.0
ID4261,2015-03-16,14:25:26,Martha,Fridge,yes,yes,91.0,336.0,4.0
ID4262,2015-03-16,14:25:26,Jim,Television,yes,yes,95.0,123.0,4.0
ID4263,2015-03-16,14:34:05,Jim,Television,yes,yes,87.0,283.0,4.0
ID4264,2015-03-16,14:34:05,Dan,Toaster,yes,yes,71.0,361.0,3.0
ID4265,2015-03-16,15:21:36,Jim,Fridge,yes,yes,74.0,183.0,5.0
ID4266,2015-03-16,15:21:36,Jim,Air Conditioner,yes,yes,28.0,304.0,4.0
ID4267,2015-03-16,15:40:19,Joe,Washing Machine,yes,yes,101.0,173.0,3.0
ID4268,2015-03-16,15:40:19,Martha,Washing Machine,no,no,,,
ID4269,2015-03-16,15:43:12,Martha,Toaster,yes,yes,90.0,288.0,3.0
ID4270,2015-03-16,15:43:12,Joe,Washing Machine,yes,yes,76.0,296.0,5.0
ID4271,2015-03-16,16:00:29,Diane,Toaster,no,no,,,
ID4272,2015-03-16,16:00:29,Joe,Washing Machine,yes,no,20.0,79.0,5.0
ID4273,2015-03-16,16:13:26,Becky,Washing Machine,yes,no,26.0,378.0,3.0
ID4274,2015-03-16,16:13:26,Stewart,Washing Machine,yes,yes,53.0,71.0,3.0
ID4275,2015-03-16,16:36:29,Greg,Washing Machine,yes,yes,26.0,177.0,4.0
ID4276,2015-03-16,16:36:29,Joe,Toaster,yes,yes,66.0,221.0,3.0
ID4277,2015-03-16,17:09:36,Dan,Toaster,yes,no,105.0,331.0,4.0
ID4278,2015-03-16,17:09:36,Diane,Fridge,yes,yes,111.0,73.0,3.0
ID4279,2015-03-16,17:49:55,Martha,Washing Machine,yes,yes,26.0,389.0,1.0
ID4280,2015-03-16,17:49:55,Jim,Washing Machine,no,no,,,
ID4281,2015-03-17,09:05:46,Stewart,Toaster,yes,no,50.0,172.0,4.0
ID4282,2015-03-17,09:05:46,Dan,Television,yes,yes,57.0,366.0,5.0
ID4283,2015-03-17,09:43:12,Jim,Air Conditioner,yes,yes,26.0,79.0,5.0
ID4284,2015-03-17,09:43:12,Greg,Fridge,yes,yes,104.0,418.0,1.0
ID4285,2015-03-17,10:59:31,Becky,Air Conditioner,yes,yes,93.0,320.0,1.0
ID4286,2015-03-17,10:59:31,Jim,Air Conditioner,yes,yes,108.0,125.0,3.0
ID4287,2015-03-17,11:25:26,Martha,Television,yes,yes,42.0,141.0,5.0
ID4288,2015-03-17,11:25:26,Martha,Air Conditioner,no,no,,,
ID4289,2015-03-17,11:44:10,Jim,Fridge,yes,yes,94.0,317.0,5.0
ID4290,2015-03-17,11:44:10,Dan,Washing Machine,yes,yes,74.0,185.0,3.0
ID4291,2015-03-17,12:43:12,Diane,Washing Machine,yes,yes,117.0,140.0,5.0
ID4292,2015-03-17,12:43:12,Dan,Fridge,no,no,,,
ID4293,2015-03-17,13:01:55,Martha,Toaster,yes,yes,49.0,54.0,1.0
ID4294,2015-03-17,13:01:55,Diane,Television,yes,yes,23.0,279.0,3.0
ID4295,2015-03-17,13:24:58,Joe,Television,no,no,,,
ID4296,2015-03-17,13:24:58,Martha,Television,yes,yes,84.0,136.0,5.0
ID4297,2015-03-17,13:58:05,Martha,Toaster,yes,yes,69.0,78.0,1.0
ID4298,2015-03-17,13:58:05,Diane,Air Conditioner,yes,yes,25.0,283.0,3.0
ID4299,2015-03-17,14:00:58,Becky,Toaster,no,no,,,
ID4300,2015-03-17,14:00:58,Martha,Air Conditioner,no,no,,,
ID4301,2015-03-17,14:19:41,Greg,Toaster,yes,yes,34.0,273.0,4.0
ID4302,2015-03-17,14:19:41,Joe,Television,yes,no,45.0,225.0,1.0
ID4303,2015-03-17,14:21:07,Martha,Television,no,no,,,
ID4304,2015-03-17,14:21:07,Dan,Toaster,yes,yes,29.0,109.0,5.0
ID4305,2015-03-17,15:17:17,Jim,Air Conditioner,yes,yes,26.0,194.0,4.0
ID4306,2015-03-17,15:17:17,Diane,Television,yes,yes,115.0,268.0,4.0
ID4307,2015-03-17,15:47:31,Martha,Toaster,yes,yes,78.0,248.0,3.0
ID4308,2015-03-17,15:47:31,Jim,Television,yes,no,41.0,251.0,3.0
ID4309,2015-03-17,16:20:38,Diane,Washing Machine,yes,yes,21.0,145.0,5.0
ID4310,2015-03-17,16:20:38,Dan,Television,no,no,,,
ID4311,2015-03-17,16:22:05,Martha,Television,yes,yes,47.0,270.0,5.0
ID4312,2015-03-17,16:22:05,Jim,Toaster,yes,no,98.0,359.0,2.0
ID4313,2015-03-17,16:42:14,Joe,Washing Machine,no,no,,,
ID4314,2015-03-17,16:42:14,Martha,Toaster,yes,yes,51.0,273.0,4.0
ID4315,2015-03-17,16:46:34,Becky,Television,yes,yes,70.0,334.0,4.0
ID4316,2015-03-17,16:46:34,Diane,Washing Machine,yes,yes,58.0,380.0,2.0
ID4317,2015-03-17,16:52:19,Jim,Air Conditioner,no,no,,,
ID4318,2015-03-17,16:52:19,Greg,Fridge,no,no,,,
ID4319,2015-03-17,17:12:29,Greg,Television,yes,yes,39.0,234.0,5.0
ID4320,2015-03-17,17:12:29,Joe,Toaster,yes,yes,55.0,205.0,1.0
ID4321,2015-03-17,17:13:55,Diane,Washing Machine,yes,yes,80.0,185.0,3.0
ID4322,2015-03-17,17:13:55,Dan,Toaster,yes,yes,68.0,209.0,4.0
ID4323,2015-03-17,17:24:00,Diane,Air Conditioner,yes,yes,96.0,133.0,3.0
ID4324,2015-03-17,17:24:00,Greg,Toaster,yes,yes,32.0,228.0,3.0
ID4325,2015-03-17,17:26:53,Stewart,Fridge,no,no,,,
ID4326,2015-03-17,17:26:53,Diane,Television,yes,yes,90.0,113.0,3.0
ID4327,2015-03-17,17:48:29,Dan,Television,yes,yes,108.0,195.0,4.0
ID4328,2015-03-17,17:48:29,Stewart,Air Conditioner,yes,no,120.0,334.0,4.0
ID4329,2015-03-17,18:00:00,Dan,Washing Machine,yes,yes,21.0,279.0,5.0
ID4330,2015-03-17,18:00:00,Greg,Washing Machine,no,no,,,
ID4331,2015-03-18,09:14:24,Martha,Toaster,yes,no,59.0,166.0,4.0
ID4332,2015-03-18,09:14:24,Stewart,Fridge,yes,yes,14.0,321.0,3.0
ID4333,2015-03-18,09:21:36,Joe,Washing Machine,no,no,,,
ID4334,2015-03-18,09:21:36,Stewart,Television,yes,yes,57.0,44.0,3.0
ID4335,2015-03-18,10:32:10,Dan,Television,yes,yes,123.0,243.0,3.0
ID4336,2015-03-18,10:32:10,Dan,Television,yes,yes,71.0,340.0,3.0
ID4337,2015-03-18,10:56:38,Stewart,Washing Machine,yes,no,71.0,256.0,3.0
ID4338,2015-03-18,10:56:38,Martha,Air Conditioner,yes,yes,41.0,381.0,3.0
ID4339,2015-03-18,11:38:24,Dan,Washing Machine,no,no,,,
ID4340,2015-03-18,11:38:24,Martha,Air Conditioner,yes,yes,80.0,343.0,4.0
ID4341,2015-03-18,12:02:53,Stewart,Toaster,no,no,,,
ID4342,2015-03-18,12:02:53,Greg,Toaster,yes,yes,57.0,71.0,2.0
ID4343,2015-03-18,12:30:14,Stewart,Television,yes,yes,17.0,159.0,3.0
ID4344,2015-03-18,12:30:14,Martha,Fridge,yes,yes,93.0,286.0,5.0
ID4345,2015-03-18,12:51:50,Greg,Toaster,yes,yes,13.0,42.0,3.0
ID4346,2015-03-18,12:51:50,Stewart,Toaster,yes,yes,64.0,102.0,4.0
ID4347,2015-03-18,13:36:29,Stewart,Air Conditioner,yes,yes,98.0,109.0,5.0
ID4348,2015-03-18,13:36:29,Greg,Air Conditioner,yes,no,83.0,147.0,2.0
ID4349,2015-03-18,13:49:26,Martha,Television,yes,no,116.0,377.0,5.0
ID4350,2015-03-18,13:49:26,Becky,Television,yes,yes,104.0,45.0,2.0
ID4351,2015-03-18,14:02:24,Martha,Television,yes,yes,83.0,333.0,5.0
ID4352,2015-03-18,14:02:24,Martha,Fridge,yes,yes,26.0,407.0,4.0
ID4353,2015-03-18,14:25:26,Diane,Fridge,yes,yes,47.0,35.0,2.0
ID4354,2015-03-18,14:25:26,Jim,Washing Machine,no,no,,,
ID4355,2015-03-18,14:41:17,Dan,Fridge,no,no,,,
ID4356,2015-03-18,14:41:17,Joe,Air Conditioner,yes,no,34.0,187.0,4.0
ID4357,2015-03-18,14:52:48,Becky,Air Conditioner,yes,yes,65.0,221.0,5.0
ID4358,2015-03-18,14:52:48,Diane,Television,yes,yes,54.0,379.0,3.0
ID4359,2015-03-18,14:52:48,Joe,Air Conditioner,yes,yes,108.0,314.0,4.0
ID4360,2015-03-18,14:52:48,Jim,Washing Machine,yes,yes,114.0,282.0,4.0
ID4361,2015-03-18,15:48:58,Jim,Fridge,yes,yes,109.0,179.0,3.0
ID4362,2015-03-18,15:48:58,Jim,Television,yes,yes,115.0,214.0,3.0
ID4363,2015-03-18,16:03:22,Joe,Television,yes,yes,125.0,246.0,3.0
ID4364,2015-03-18,16:03:22,Joe,Air Conditioner,yes,yes,116.0,199.0,4.0
ID4365,2015-03-18,16:16:19,Greg,Fridge,yes,yes,12.0,170.0,3.0
ID4366,2015-03-18,16:16:19,Becky,Television,yes,yes,96.0,134.0,5.0
ID4367,2015-03-18,16:30:43,Diane,Television,yes,yes,13.0,316.0,5.0
ID4368,2015-03-18,16:30:43,Jim,Toaster,no,no,,,
ID4369,2015-03-18,16:58:05,Jim,Washing Machine,yes,yes,96.0,381.0,3.0
ID4370,2015-03-18,16:58:05,Greg,Toaster,no,no,,,
ID4371,2015-03-18,17:08:10,Dan,Television,yes,yes,37.0,354.0,3.0
ID4372,2015-03-18,17:08:10,Stewart,Air Conditioner,yes,yes,45.0,375.0,4.0
ID4373,2015-03-18,17:22:34,Becky,Television,yes,yes,44.0,163.0,5.0
ID4374,2015-03-18,17:22:34,Greg,Washing Machine,no,no,,,
ID4375,2015-03-18,17:26:53,Martha,Washing Machine,yes,yes,65.0,198.0,3.0
ID4376,2015-03-18,17:26:53,Martha,Television,yes,yes,48.0,127.0,4.0
ID4377,2015-03-18,17:41:17,Stewart,Air Conditioner,yes,yes,119.0,154.0,1.0
ID4378,2015-03-18,17:41:17,Jim,Washing Machine,yes,no,102.0,316.0,3.0
ID4379,2015-03-19,09:15:50,Stewart,Washing Machine,yes,yes,30.0,309.0,5.0
ID4380,2015-03-19,09:15:50,Joe,Toaster,yes,yes,51.0,318.0,1.0
ID4381,2015-03-19,09:47:31,Jim,Washing Machine,no,no,,,
ID4382,2015-03-19,09:47:31,Becky,Air Conditioner,yes,yes,39.0,309.0,5.0
ID4383,2015-03-19,10:03:22,Becky,Toaster,yes,yes,102.0,327.0,2.0
ID4384,2015-03-19,10:03:22,Stewart,Toaster,yes,yes,112.0,39.0,3.0
ID4385,2015-03-19,10:14:53,Becky,Toaster,no,no,,,
ID4386,2015-03-19,10:14:53,Martha,Air Conditioner,yes,yes,42.0,276.0,5.0
ID4387,2015-03-19,11:12:29,Greg,Fridge,yes,yes,87.0,88.0,3.0
ID4388,2015-03-19,11:12:29,Becky,Toaster,no,no,,,
ID4389,2015-03-19,11:13:55,Becky,Washing Machine,yes,yes,123.0,151.0,3.0
ID4390,2015-03-19,11:13:55,Stewart,Toaster,no,no,,,
ID4391,2015-03-19,11:29:46,Dan,Washing Machine,yes,yes,98.0,85.0,3.0
ID4392,2015-03-19,11:29:46,Jim,Television,yes,yes,45.0,38.0,4.0
ID4393,2015-03-19,12:14:24,Stewart,Toaster,yes,yes,50.0,133.0,3.0
ID4394,2015-03-19,12:14:24,Joe,Toaster,yes,yes,102.0,269.0,4.0
ID4395,2015-03-19,12:27:22,Diane,Fridge,yes,yes,93.0,132.0,1.0
ID4396,2015-03-19,12:27:22,Stewart,Fridge,yes,yes,28.0,327.0,3.0
ID4397,2015-03-19,12:59:02,Jim,Toaster,no,no,,,
ID4398,2015-03-19,12:59:02,Martha,Television,no,no,,,
ID4399,2015-03-19,12:59:02,Joe,Air Conditioner,yes,no,123.0,45.0,4.0
ID4400,2015-03-19,12:59:02,Greg,Fridge,yes,yes,112.0,248.0,4.0
ID4401,2015-03-19,13:07:41,Stewart,Washing Machine,yes,yes,12.0,75.0,3.0
ID4402,2015-03-19,13:07:41,Dan,Washing Machine,yes,yes,107.0,360.0,4.0
ID4403,2015-03-19,13:55:12,Diane,Air Conditioner,yes,yes,97.0,218.0,2.0
ID4404,2015-03-19,13:55:12,Joe,Washing Machine,no,no,,,
ID4405,2015-03-19,14:18:14,Joe,Fridge,no,no,,,
ID4406,2015-03-19,14:18:14,Diane,Fridge,yes,yes,98.0,407.0,4.0
ID4407,2015-03-19,15:21:36,Jim,Television,yes,yes,96.0,348.0,2.0
ID4408,2015-03-19,15:21:36,Diane,Toaster,no,no,,,
ID4409,2015-03-19,15:24:29,Joe,Toaster,yes,yes,60.0,77.0,1.0
ID4410,2015-03-19,15:24:29,Joe,Washing Machine,yes,yes,115.0,296.0,3.0
ID4411,2015-03-19,15:28:48,Martha,Washing Machine,yes,yes,86.0,136.0,4.0
ID4412,2015-03-19,15:28:48,Martha,Toaster,yes,yes,99.0,130.0,2.0
ID4413,2015-03-19,15:34:34,Greg,Fridge,yes,no,55.0,210.0,4.0
ID4414,2015-03-19,15:34:34,Joe,Television,yes,no,100.0,91.0,2.0
ID4415,2015-03-19,16:27:50,Becky,Washing Machine,yes,yes,101.0,83.0,4.0
ID4416,2015-03-19,16:27:50,Joe,Toaster,yes,yes,105.0,379.0,5.0
ID4417,2015-03-19,16:33:36,Stewart,Toaster,no,no,,,
ID4418,2015-03-19,16:33:36,Greg,Washing Machine,yes,yes,47.0,413.0,4.0
ID4419,2015-03-19,16:43:41,Greg,Fridge,yes,yes,123.0,159.0,3.0
ID4420,2015-03-19,16:43:41,Jim,Television,yes,no,108.0,278.0,3.0
ID4421,2015-03-20,09:05:46,Stewart,Fridge,no,no,,,
ID4422,2015-03-20,09:05:46,Martha,Air Conditioner,yes,yes,35.0,67.0,5.0
ID4423,2015-03-20,09:57:36,Jim,Air Conditioner,yes,yes,80.0,187.0,5.0
ID4424,2015-03-20,09:57:36,Dan,Air Conditioner,yes,yes,16.0,175.0,5.0
ID4425,2015-03-20,10:17:46,Dan,Fridge,yes,yes,102.0,374.0,3.0
ID4426,2015-03-20,10:17:46,Stewart,Television,no,no,,,
ID4427,2015-03-20,10:19:12,Joe,Television,yes,yes,111.0,376.0,3.0
ID4428,2015-03-20,10:19:12,Becky,Toaster,yes,yes,81.0,285.0,4.0
ID4429,2015-03-20,10:42:14,Diane,Washing Machine,no,no,,,
ID4430,2015-03-20,10:42:14,Martha,Air Conditioner,yes,yes,32.0,36.0,5.0
ID4431,2015-03-20,11:12:29,Dan,Toaster,no,no,,,
ID4432,2015-03-20,11:12:29,Diane,Television,yes,yes,52.0,194.0,3.0
ID4433,2015-03-20,11:25:26,Martha,Air Conditioner,yes,yes,112.0,191.0,5.0
ID4434,2015-03-20,11:25:26,Becky,Air Conditioner,yes,yes,30.0,375.0,3.0
ID4435,2015-03-20,11:47:02,Becky,Fridge,yes,yes,91.0,118.0,1.0
ID4436,2015-03-20,11:47:02,Greg,Television,yes,yes,53.0,314.0,3.0
ID4437,2015-03-20,11:55:41,Becky,Washing Machine,no,no,,,
ID4438,2015-03-20,11:55:41,Diane,Washing Machine,no,no,,,
ID4439,2015-03-20,12:12:58,Jim,Air Conditioner,yes,yes,40.0,301.0,3.0
ID4440,2015-03-20,12:12:58,Diane,Washing Machine,yes,yes,45.0,346.0,5.0
ID4441,2015-03-20,12:24:29,Jim,Television,no,no,,,
ID4442,2015-03-20,12:24:29,Stewart,Fridge,yes,yes,89.0,217.0,2.0
ID4443,2015-03-20,13:07:41,Becky,Air Conditioner,yes,yes,24.0,110.0,5.0
ID4444,2015-03-20,13:07:41,Diane,Air Conditioner,yes,yes,76.0,304.0,3.0
ID4445,2015-03-20,13:12:00,Greg,Television,yes,yes,27.0,257.0,2.0
ID4446,2015-03-20,13:12:00,Stewart,Washing Machine,yes,no,27.0,150.0,4.0
ID4447,2015-03-20,13:42:14,Diane,Washing Machine,yes,yes,104.0,332.0,2.0
ID4448,2015-03-20,13:42:14,Diane,Fridge,yes,yes,110.0,208.0,1.0
ID4449,2015-03-20,13:46:34,Joe,Washing Machine,yes,yes,51.0,311.0,4.0
ID4450,2015-03-20,13:46:34,Dan,Washing Machine,yes,yes,65.0,349.0,2.0
ID4451,2015-03-20,14:26:53,Greg,Fridge,yes,yes,21.0,192.0,4.0
ID4452,2015-03-20,14:26:53,Becky,Television,yes,yes,29.0,72.0,3.0
ID4453,2015-03-20,15:23:02,Diane,Toaster,no,no,,,
ID4454,2015-03-20,15:23:02,Joe,Air Conditioner,no,no,,,
ID4455,2015-03-20,15:41:46,Stewart,Washing Machine,yes,yes,124.0,182.0,4.0
ID4456,2015-03-20,15:41:46,Greg,Television,yes,yes,21.0,264.0,1.0
ID4457,2015-03-20,15:43:12,Martha,Fridge,yes,yes,121.0,137.0,3.0
ID4458,2015-03-20,15:43:12,Becky,Air Conditioner,no,no,,,
ID4459,2015-03-20,15:43:12,Dan,Toaster,yes,yes,56.0,167.0,2.0
ID4460,2015-03-20,15:43:12,Greg,Washing Machine,yes,yes,10.0,372.0,3.0
ID4461,2015-03-20,15:44:38,Martha,Toaster,yes,yes,56.0,171.0,4.0
ID4462,2015-03-20,15:44:38,Joe,Toaster,no,no,,,
ID4463,2015-03-20,15:56:10,Jim,Air Conditioner,yes,yes,17.0,31.0,3.0
ID4464,2015-03-20,15:56:10,Martha,Washing Machine,yes,yes,37.0,50.0,5.0
ID4465,2015-03-20,16:06:14,Becky,Television,yes,yes,108.0,66.0,5.0
ID4466,2015-03-20,16:06:14,Diane,Air Conditioner,yes,yes,18.0,342.0,5.0
ID4467,2015-03-20,16:50:53,Martha,Television,no,no,,,
ID4468,2015-03-20,16:50:53,Martha,Television,yes,yes,77.0,282.0,4.0
ID4469,2015-03-20,17:32:38,Diane,Television,yes,yes,34.0,270.0,1.0
ID4470,2015-03-20,17:32:38,Greg,Washing Machine,yes,yes,73.0,102.0,3.0
ID4471,2015-03-20,17:44:10,Martha,Television,no,no,,,
ID4472,2015-03-20,17:44:10,Greg,Fridge,yes,yes,120.0,161.0,3.0
ID4473,2015-03-20,17:57:07,Stewart,Air Conditioner,yes,yes,100.0,316.0,1.0
ID4474,2015-03-20,17:57:07,Martha,Toaster,yes,yes,93.0,378.0,4.0
ID4475,2015-03-20,17:58:34,Diane,Television,yes,no,17.0,48.0,4.0
ID4476,2015-03-20,17:58:34,Stewart,Toaster,yes,yes,17.0,309.0,2.0
ID4477,2015-03-21,09:01:26,Jim,Washing Machine,yes,yes,56.0,264.0,2.0
ID4478,2015-03-21,09:01:26,Diane,Fridge,no,no,,,
ID4479,2015-03-21,09:04:19,Dan,Washing Machine,yes,yes,97.0,159.0,2.0
ID4480,2015-03-21,09:04:19,Stewart,Television,yes,yes,25.0,379.0,4.0
ID4481,2015-03-21,09:27:22,Diane,Air Conditioner,yes,yes,47.0,169.0,4.0
ID4482,2015-03-21,09:27:22,Jim,Toaster,yes,yes,70.0,115.0,3.0
ID4483,2015-03-21,10:01:55,Greg,Air Conditioner,yes,yes,86.0,187.0,3.0
ID4484,2015-03-21,10:01:55,Stewart,Washing Machine,yes,yes,92.0,249.0,5.0
ID4485,2015-03-21,10:35:02,Greg,Fridge,yes,yes,122.0,88.0,3.0
ID4486,2015-03-21,10:35:02,Diane,Television,yes,yes,11.0,407.0,3.0
ID4487,2015-03-21,10:43:41,Diane,Air Conditioner,yes,yes,27.0,368.0,3.0
ID4488,2015-03-21,10:43:41,Greg,Washing Machine,no,no,,,
ID4489,2015-03-21,11:09:36,Becky,Toaster,yes,yes,17.0,118.0,4.0
ID4490,2015-03-21,11:09:36,Greg,Toaster,yes,yes,113.0,193.0,3.0
ID4491,2015-03-21,11:31:12,Dan,Toaster,no,no,,,
ID4492,2015-03-21,11:31:12,Becky,Television,yes,yes,101.0,201.0,3.0
ID4493,2015-03-21,11:47:02,Becky,Washing Machine,yes,yes,69.0,153.0,1.0
ID4494,2015-03-21,11:47:02,Stewart,Air Conditioner,yes,yes,24.0,237.0,3.0
ID4495,2015-03-21,11:55:41,Becky,Air Conditioner,yes,yes,84.0,119.0,4.0
ID4496,2015-03-21,11:55:41,Greg,Air Conditioner,no,no,,,
ID4497,2015-03-21,12:00:00,Diane,Toaster,no,no,,,
ID4498,2015-03-21,12:00:00,Diane,Air Conditioner,no,no,,,
ID4499,2015-03-21,12:18:43,Martha,Television,yes,yes,92.0,249.0,3.0
ID4500,2015-03-21,12:18:43,Joe,Fridge,no,no,,,
ID4501,2015-03-21,12:53:17,Stewart,Toaster,no,no,,,
ID4502,2015-03-21,12:53:17,Diane,Television,yes,yes,114.0,235.0,2.0
ID4503,2015-03-21,12:53:17,Diane,Toaster,yes,yes,109.0,279.0,3.0
ID4504,2015-03-21,12:53:17,Diane,Air Conditioner,yes,yes,89.0,151.0,3.0
ID4505,2015-03-21,13:09:07,Dan,Toaster,yes,yes,124.0,217.0,3.0
ID4506,2015-03-21,13:09:07,Martha,Television,yes,yes,43.0,66.0,5.0
ID4507,2015-03-21,13:30:43,Dan,Washing Machine,yes,yes,110.0,319.0,5.0
ID4508,2015-03-21,13:30:43,Becky,Television,yes,yes,31.0,198.0,4.0
ID4509,2015-03-21,13:49:26,Stewart,Toaster,no,no,,,
ID4510,2015-03-21,13:49:26,Diane,Fridge,no,no,,,
ID4511,2015-03-21,14:12:29,Diane,Television,yes,yes,17.0,287.0,3.0
ID4512,2015-03-21,14:12:29,Becky,Washing Machine,yes,yes,111.0,325.0,3.0
ID4513,2015-03-21,14:16:48,Diane,Fridge,yes,yes,10.0,200.0,2.0
ID4514,2015-03-21,14:16:48,Stewart,Washing Machine,yes,yes,121.0,88.0,1.0
ID4515,2015-03-21,14:22:34,Dan,Toaster,yes,yes,114.0,117.0,4.0
ID4516,2015-03-21,14:22:34,Greg,Air Conditioner,yes,yes,49.0,32.0,4.0
ID4517,2015-03-21,14:29:46,Greg,Fridge,yes,yes,114.0,204.0,1.0
ID4518,2015-03-21,14:29:46,Jim,Television,yes,yes,75.0,161.0,3.0
ID4519,2015-03-21,14:36:58,Jim,Toaster,yes,no,42.0,204.0,5.0
ID4520,2015-03-21,14:36:58,Greg,Toaster,yes,yes,95.0,296.0,3.0
ID4521,2015-03-21,15:12:58,Stewart,Fridge,yes,yes,88.0,385.0,3.0
ID4522,2015-03-21,15:12:58,Joe,Air Conditioner,yes,yes,51.0,168.0,3.0
ID4523,2015-03-21,15:15:50,Martha,Washing Machine,yes,yes,28.0,48.0,1.0
ID4524,2015-03-21,15:15:50,Diane,Toaster,yes,no,86.0,374.0,4.0
ID4525,2015-03-21,15:24:29,Diane,Washing Machine,yes,no,60.0,198.0,4.0
ID4526,2015-03-21,15:24:29,Joe,Television,yes,yes,60.0,286.0,2.0
ID4527,2015-03-21,16:06:14,Dan,Toaster,yes,yes,63.0,111.0,4.0
ID4528,2015-03-21,16:06:14,Joe,Air Conditioner,yes,yes,23.0,381.0,4.0
ID4529,2015-03-21,16:12:00,Greg,Air Conditioner,no,no,,,
ID4530,2015-03-21,16:12:00,Becky,Television,yes,yes,100.0,108.0,4.0
ID4531,2015-03-21,16:52:19,Jim,Fridge,yes,yes,105.0,31.0,4.0
ID4532,2015-03-21,16:52:19,Greg,Air Conditioner,yes,yes,29.0,131.0,4.0
ID4533,2015-03-21,17:26:53,Becky,Fridge,no,no,,,
ID4534,2015-03-21,17:26:53,Stewart,Toaster,yes,no,98.0,248.0,2.0
ID4535,2015-03-21,17:32:38,Dan,Washing Machine,yes,yes,108.0,328.0,4.0
ID4536,2015-03-21,17:32:38,Becky,Toaster,no,no,,,
ID4537,2015-03-21,17:42:43,Stewart,Washing Machine,yes,yes,116.0,392.0,5.0
ID4538,2015-03-21,17:42:43,Stewart,Television,yes,yes,78.0,329.0,4.0
ID4539,2015-03-22,09:44:38,Diane,Toaster,no,no,,,
ID4540,2015-03-22,09:44:38,Greg,Toaster,yes,yes,81.0,231.0,3.0
ID4541,2015-03-22,09:46:05,Diane,Television,yes,yes,84.0,52.0,2.0
ID4542,2015-03-22,09:46:05,Stewart,Washing Machine,yes,yes,24.0,334.0,4.0
ID4543,2015-03-22,10:03:22,Dan,Television,yes,yes,114.0,342.0,3.0
ID4544,2015-03-22,10:03:22,Diane,Washing Machine,no,no,,,
ID4545,2015-03-22,10:07:41,Greg,Washing Machine,yes,no,32.0,191.0,5.0
ID4546,2015-03-22,10:07:41,Martha,Washing Machine,yes,yes,16.0,189.0,4.0
ID4547,2015-03-22,10:14:53,Jim,Fridge,yes,no,104.0,283.0,5.0
ID4548,2015-03-22,10:14:53,Stewart,Air Conditioner,yes,yes,40.0,52.0,3.0
ID4549,2015-03-22,11:19:41,Joe,Washing Machine,yes,yes,80.0,166.0,4.0
ID4550,2015-03-22,11:19:41,Jim,Toaster,yes,yes,88.0,309.0,4.0
ID4551,2015-03-22,12:00:00,Joe,Fridge,yes,yes,86.0,218.0,3.0
ID4552,2015-03-22,12:00:00,Martha,Television,yes,yes,57.0,398.0,4.0
ID4553,2015-03-22,12:05:46,Jim,Washing Machine,yes,yes,96.0,370.0,5.0
ID4554,2015-03-22,12:05:46,Jim,Air Conditioner,yes,yes,72.0,259.0,2.0
ID4555,2015-03-22,12:07:12,Jim,Fridge,yes,yes,37.0,76.0,5.0
ID4556,2015-03-22,12:07:12,Jim,Air Conditioner,no,no,,,
ID4557,2015-03-22,12:46:05,Martha,Air Conditioner,yes,yes,37.0,31.0,1.0
ID4558,2015-03-22,12:46:05,Becky,Television,yes,yes,10.0,108.0,5.0
ID4559,2015-03-22,13:26:24,Diane,Fridge,no,no,,,
ID4560,2015-03-22,13:26:24,Dan,Air Conditioner,yes,yes,120.0,123.0,3.0
ID4561,2015-03-22,13:27:50,Becky,Washing Machine,yes,yes,95.0,243.0,4.0
ID4562,2015-03-22,13:27:50,Jim,Air Conditioner,yes,yes,74.0,354.0,3.0
ID4563,2015-03-22,13:32:10,Diane,Washing Machine,no,no,,,
ID4564,2015-03-22,13:32:10,Diane,Television,no,no,,,
ID4565,2015-03-22,13:43:41,Stewart,Air Conditioner,yes,yes,77.0,80.0,3.0
ID4566,2015-03-22,13:43:41,Joe,Air Conditioner,yes,yes,50.0,211.0,4.0
ID4567,2015-03-22,14:13:55,Diane,Toaster,yes,yes,94.0,292.0,3.0
ID4568,2015-03-22,14:13:55,Becky,Air Conditioner,yes,yes,109.0,189.0,2.0
ID4569,2015-03-22,14:48:29,Dan,Washing Machine,yes,yes,30.0,139.0,1.0
ID4570,2015-03-22,14:48:29,Joe,Fridge,yes,yes,124.0,326.0,4.0
ID4571,2015-03-22,14:51:22,Becky,Air Conditioner,no,no,,,
ID4572,2015-03-22,14:51:22,Diane,Washing Machine,no,no,,,
ID4573,2015-03-22,15:25:55,Joe,Television,yes,yes,114.0,247.0,3.0
ID4574,2015-03-22,15:25:55,Greg,Air Conditioner,yes,yes,32.0,299.0,4.0
ID4575,2015-03-22,15:41:46,Martha,Washing Machine,yes,yes,75.0,105.0,4.0
ID4576,2015-03-22,15:41:46,Dan,Washing Machine,yes,no,109.0,365.0,2.0
ID4577,2015-03-22,16:03:22,Martha,Television,yes,yes,116.0,161.0,3.0
ID4578,2015-03-22,16:03:22,Dan,Air Conditioner,yes,yes,26.0,151.0,3.0
ID4579,2015-03-22,16:06:14,Joe,Fridge,yes,yes,67.0,363.0,4.0
ID4580,2015-03-22,16:06:14,Stewart,Fridge,yes,no,58.0,217.0,4.0
ID4581,2015-03-22,16:24:58,Stewart,Television,yes,yes,20.0,395.0,2.0
ID4582,2015-03-22,16:24:58,Jim,Air Conditioner,yes,yes,115.0,288.0,1.0
ID4583,2015-03-22,16:29:17,Stewart,Fridge,yes,no,35.0,224.0,4.0
ID4584,2015-03-22,16:29:17,Becky,Air Conditioner,yes,yes,36.0,130.0,4.0
ID4585,2015-03-22,16:49:26,Greg,Washing Machine,no,no,,,
ID4586,2015-03-22,16:49:26,Greg,Toaster,yes,yes,62.0,76.0,1.0
ID4587,2015-03-22,17:39:50,Dan,Fridge,yes,yes,37.0,259.0,3.0
ID4588,2015-03-22,17:39:50,Dan,Toaster,no,no,,,
ID4589,2015-03-22,17:48:29,Martha,Air Conditioner,yes,yes,124.0,379.0,1.0
ID4590,2015-03-22,17:48:29,Joe,Fridge,yes,yes,58.0,374.0,5.0
ID4591,2015-03-22,17:58:34,Becky,Fridge,yes,yes,77.0,131.0,5.0
ID4592,2015-03-22,17:58:34,Jim,Air Conditioner,yes,yes,80.0,67.0,4.0
ID4593,2015-03-23,09:18:43,Martha,Toaster,yes,yes,51.0,145.0,5.0
ID4594,2015-03-23,09:18:43,Martha,Television,yes,yes,110.0,258.0,3.0
ID4595,2015-03-23,09:47:31,Becky,Fridge,yes,yes,112.0,279.0,4.0
ID4596,2015-03-23,09:47:31,Dan,Air Conditioner,yes,yes,27.0,42.0,5.0
ID4597,2015-03-23,11:22:34,Dan,Air Conditioner,yes,yes,53.0,34.0,1.0
ID4598,2015-03-23,11:22:34,Joe,Air Conditioner,yes,yes,125.0,231.0,3.0
ID4599,2015-03-23,11:45:36,Joe,Television,yes,yes,13.0,174.0,1.0
ID4600,2015-03-23,11:45:36,Joe,Washing Machine,yes,yes,37.0,164.0,4.0
ID4601,2015-03-23,12:27:22,Martha,Television,yes,yes,84.0,226.0,4.0
ID4602,2015-03-23,12:27:22,Greg,Air Conditioner,no,no,,,
ID4603,2015-03-23,12:38:53,Martha,Television,no,no,,,
ID4604,2015-03-23,12:38:53,Joe,Fridge,yes,yes,123.0,185.0,3.0
ID4605,2015-03-23,13:03:22,Martha,Television,yes,no,51.0,331.0,3.0
ID4606,2015-03-23,13:03:22,Greg,Fridge,yes,yes,69.0,286.0,1.0
ID4607,2015-03-23,13:52:19,Dan,Television,yes,yes,80.0,179.0,1.0
ID4608,2015-03-23,13:52:19,Greg,Toaster,yes,yes,111.0,245.0,5.0
ID4609,2015-03-23,14:05:17,Diane,Fridge,yes,yes,26.0,358.0,4.0
ID4610,2015-03-23,14:05:17,Dan,Fridge,yes,yes,29.0,162.0,1.0
ID4611,2015-03-23,14:26:53,Martha,Television,no,no,,,
ID4612,2015-03-23,14:26:53,Becky,Air Conditioner,yes,yes,43.0,91.0,4.0
ID4613,2015-03-23,15:21:36,Diane,Air Conditioner,yes,yes,58.0,296.0,3.0
ID4614,2015-03-23,15:21:36,Jim,Fridge,yes,yes,27.0,387.0,2.0
ID4615,2015-03-23,15:27:22,Diane,Fridge,yes,yes,39.0,115.0,4.0
ID4616,2015-03-23,15:27:22,Joe,Toaster,yes,yes,83.0,123.0,4.0
ID4617,2015-03-23,15:33:07,Jim,Washing Machine,yes,yes,22.0,255.0,4.0
ID4618,2015-03-23,15:33:07,Jim,Washing Machine,yes,yes,56.0,126.0,5.0
ID4619,2015-03-23,16:20:38,Martha,Television,yes,yes,98.0,249.0,2.0
ID4620,2015-03-23,16:20:38,Diane,Television,no,no,,,
ID4621,2015-03-23,16:24:58,Greg,Television,yes,yes,101.0,75.0,5.0
ID4622,2015-03-23,16:24:58,Greg,Television,no,no,,,
ID4623,2015-03-23,16:33:36,Dan,Air Conditioner,yes,yes,93.0,35.0,4.0
ID4624,2015-03-23,16:33:36,Dan,Toaster,yes,yes,24.0,176.0,4.0
ID4625,2015-03-23,16:39:22,Diane,Fridge,yes,yes,58.0,304.0,4.0
ID4626,2015-03-23,16:39:22,Greg,Toaster,yes,yes,124.0,108.0,4.0
ID4627,2015-03-23,16:39:22,Dan,Toaster,yes,no,50.0,282.0,2.0
ID4628,2015-03-23,16:39:22,Martha,Toaster,yes,yes,74.0,320.0,3.0
ID4629,2015-03-23,16:48:00,Joe,Fridge,yes,yes,62.0,45.0,4.0
ID4630,2015-03-23,16:48:00,Joe,Toaster,no,no,,,
ID4631,2015-03-23,17:21:07,Becky,Toaster,yes,yes,19.0,228.0,3.0
ID4632,2015-03-23,17:21:07,Dan,Fridge,yes,yes,65.0,319.0,3.0
ID4633,2015-03-23,17:32:38,Dan,Washing Machine,yes,yes,30.0,179.0,3.0
ID4634,2015-03-23,17:32:38,Stewart,Fridge,yes,yes,77.0,41.0,4.0
ID4635,2015-03-23,17:39:50,Joe,Toaster,no,no,,,
ID4636,2015-03-23,17:39:50,Martha,Toaster,yes,no,98.0,164.0,5.0
ID4637,2015-03-23,17:54:14,Stewart,Fridge,yes,yes,70.0,280.0,1.0
ID4638,2015-03-23,17:54:14,Joe,Washing Machine,yes,yes,58.0,144.0,3.0
ID4639,2015-03-24,09:00:00,Dan,Air Conditioner,yes,yes,21.0,153.0,3.0
ID4640,2015-03-24,09:00:00,Dan,Toaster,yes,yes,61.0,347.0,5.0
ID4641,2015-03-24,09:12:58,Jim,Washing Machine,yes,yes,111.0,401.0,5.0
ID4642,2015-03-24,09:12:58,Dan,Television,yes,yes,75.0,338.0,4.0
ID4643,2015-03-24,09:37:26,Greg,Fridge,no,no,,,
ID4644,2015-03-24,09:37:26,Greg,Air Conditioner,no,no,,,
ID4645,2015-03-24,09:43:12,Joe,Air Conditioner,yes,yes,30.0,302.0,3.0
ID4646,2015-03-24,09:43:12,Joe,Toaster,yes,yes,78.0,276.0,5.0
ID4647,2015-03-24,09:50:24,Dan,Air Conditioner,no,no,,,
ID4648,2015-03-24,09:50:24,Becky,Air Conditioner,yes,yes,26.0,230.0,5.0
ID4649,2015-03-24,09:59:02,Dan,Toaster,no,no,,,
ID4650,2015-03-24,09:59:02,Greg,Air Conditioner,yes,yes,93.0,149.0,3.0
ID4651,2015-03-24,10:06:14,Jim,Television,yes,yes,101.0,340.0,5.0
ID4652,2015-03-24,10:06:14,Jim,Air Conditioner,yes,yes,107.0,178.0,1.0
ID4653,2015-03-24,10:10:34,Stewart,Fridge,yes,yes,123.0,354.0,4.0
ID4654,2015-03-24,10:10:34,Martha,Washing Machine,yes,yes,99.0,153.0,3.0
ID4655,2015-03-24,10:52:19,Becky,Television,yes,no,72.0,339.0,4.0
ID4656,2015-03-24,10:52:19,Joe,Washing Machine,yes,yes,113.0,138.0,5.0
ID4657,2015-03-24,11:08:10,Diane,Air Conditioner,no,no,,,
ID4658,2015-03-24,11:08:10,Joe,Fridge,no,no,,,
ID4659,2015-03-24,11:11:02,Greg,Air Conditioner,yes,yes,119.0,35.0,2.0
ID4660,2015-03-24,11:11:02,Diane,Toaster,yes,yes,80.0,33.0,5.0
ID4661,2015-03-24,11:34:05,Dan,Toaster,yes,yes,82.0,66.0,3.0
ID4662,2015-03-24,11:34:05,Martha,Toaster,yes,yes,97.0,176.0,1.0
ID4663,2015-03-24,12:18:43,Joe,Toaster,yes,yes,31.0,169.0,5.0
ID4664,2015-03-24,12:18:43,Jim,Fridge,no,no,,,
ID4665,2015-03-24,13:17:46,Dan,Air Conditioner,yes,yes,11.0,383.0,5.0
ID4666,2015-03-24,13:17:46,Becky,Television,yes,yes,91.0,113.0,3.0
ID4667,2015-03-24,13:42:14,Becky,Air Conditioner,yes,yes,15.0,116.0,5.0
ID4668,2015-03-24,13:42:14,Jim,Washing Machine,yes,yes,17.0,366.0,3.0
ID4669,2015-03-24,13:53:46,Greg,Air Conditioner,yes,yes,38.0,280.0,2.0
ID4670,2015-03-24,13:53:46,Stewart,Air Conditioner,yes,yes,47.0,269.0,4.0
ID4671,2015-03-24,14:26:53,Dan,Air Conditioner,yes,yes,52.0,67.0,3.0
ID4672,2015-03-24,14:26:53,Greg,Washing Machine,yes,yes,99.0,87.0,3.0
ID4673,2015-03-24,14:39:50,Stewart,Toaster,no,no,,,
ID4674,2015-03-24,14:39:50,Martha,Washing Machine,yes,yes,108.0,186.0,2.0
ID4675,2015-03-24,15:01:26,Diane,Television,yes,yes,54.0,129.0,3.0
ID4676,2015-03-24,15:01:26,Joe,Washing Machine,yes,yes,73.0,245.0,3.0
ID4677,2015-03-24,15:17:17,Martha,Fridge,yes,yes,123.0,47.0,1.0
ID4678,2015-03-24,15:17:17,Greg,Toaster,yes,yes,33.0,371.0,5.0
ID4679,2015-03-24,15:33:07,Stewart,Toaster,yes,yes,53.0,82.0,2.0
ID4680,2015-03-24,15:33:07,Joe,Toaster,yes,yes,35.0,176.0,1.0
ID4681,2015-03-24,15:46:05,Diane,Washing Machine,no,no,,,
ID4682,2015-03-24,15:46:05,Becky,Air Conditioner,yes,yes,45.0,349.0,3.0
ID4683,2015-03-24,16:16:19,Dan,Toaster,yes,no,113.0,234.0,1.0
ID4684,2015-03-24,16:16:19,Jim,Fridge,yes,yes,115.0,304.0,5.0
ID4685,2015-03-24,16:17:46,Diane,Washing Machine,yes,yes,81.0,117.0,5.0
ID4686,2015-03-24,16:17:46,Martha,Air Conditioner,yes,yes,21.0,287.0,5.0
ID4687,2015-03-24,16:27:50,Joe,Fridge,yes,no,89.0,69.0,5.0
ID4688,2015-03-24,16:27:50,Jim,Toaster,yes,yes,54.0,317.0,3.0
ID4689,2015-03-24,16:30:43,Jim,Air Conditioner,yes,yes,59.0,367.0,1.0
ID4690,2015-03-24,16:30:43,Becky,Television,yes,yes,61.0,251.0,1.0
ID4691,2015-03-24,17:28:19,Greg,Television,yes,yes,102.0,401.0,1.0
ID4692,2015-03-24,17:28:19,Martha,Washing Machine,yes,no,73.0,39.0,3.0
ID4693,2015-03-25,09:01:26,Greg,Toaster,no,no,,,
ID4694,2015-03-25,09:01:26,Stewart,Washing Machine,yes,yes,75.0,252.0,5.0
ID4695,2015-03-25,09:04:19,Martha,Television,yes,yes,46.0,99.0,3.0
ID4696,2015-03-25,09:04:19,Joe,Air Conditioner,yes,yes,96.0,260.0,5.0
ID4697,2015-03-25,09:18:43,Martha,Toaster,yes,yes,17.0,106.0,3.0
ID4698,2015-03-25,09:18:43,Martha,Fridge,yes,yes,97.0,126.0,4.0
ID4699,2015-03-25,10:27:50,Martha,Toaster,yes,yes,124.0,371.0,4.0
ID4700,2015-03-25,10:27:50,Joe,Television,yes,yes,94.0,208.0,5.0
ID4701,2015-03-25,10:27:50,Jim,Television,no,no,,,
ID4702,2015-03-25,10:27:50,Stewart,Washing Machine,yes,yes,91.0,361.0,5.0
ID4703,2015-03-25,10:48:00,Stewart,Air Conditioner,yes,yes,51.0,343.0,4.0
ID4704,2015-03-25,10:48:00,Jim,Washing Machine,yes,no,73.0,410.0,4.0
ID4705,2015-03-25,10:53:46,Dan,Television,yes,yes,67.0,391.0,2.0
ID4706,2015-03-25,10:53:46,Greg,Toaster,no,no,,,
ID4707,2015-03-25,11:00:58,Greg,Air Conditioner,no,no,,,
ID4708,2015-03-25,11:00:58,Martha,Toaster,no,no,,,
ID4709,2015-03-25,11:44:10,Greg,Television,yes,yes,83.0,370.0,4.0
ID4710,2015-03-25,11:44:10,Diane,Toaster,yes,yes,95.0,312.0,1.0
ID4711,2015-03-25,12:04:19,Jim,Toaster,yes,yes,43.0,135.0,1.0
ID4712,2015-03-25,12:04:19,Becky,Toaster,yes,yes,95.0,96.0,3.0
ID4713,2015-03-25,13:40:48,Joe,Fridge,no,no,,,
ID4714,2015-03-25,13:40:48,Stewart,Toaster,yes,yes,53.0,352.0,4.0
ID4715,2015-03-25,13:53:46,Stewart,Washing Machine,yes,yes,28.0,198.0,4.0
ID4716,2015-03-25,13:53:46,Martha,Television,yes,yes,99.0,287.0,4.0
ID4717,2015-03-25,14:49:55,Becky,Fridge,yes,no,70.0,37.0,1.0
ID4718,2015-03-25,14:49:55,Jim,Fridge,yes,yes,51.0,255.0,3.0
ID4719,2015-03-25,15:01:26,Greg,Fridge,no,no,,,
ID4720,2015-03-25,15:01:26,Greg,Television,yes,yes,38.0,322.0,3.0
ID4721,2015-03-25,15:18:43,Greg,Air Conditioner,yes,no,61.0,353.0,4.0
ID4722,2015-03-25,15:18:43,Martha,Air Conditioner,yes,yes,49.0,188.0,3.0
ID4723,2015-03-25,15:23:02,Jim,Toaster,yes,yes,65.0,297.0,3.0
ID4724,2015-03-25,15:23:02,Becky,Washing Machine,yes,yes,74.0,405.0,4.0
ID4725,2015-03-25,15:50:24,Greg,Fridge,yes,yes,114.0,173.0,4.0
ID4726,2015-03-25,15:50:24,Stewart,Washing Machine,no,no,,,
ID4727,2015-03-25,16:01:55,Greg,Fridge,yes,no,118.0,127.0,3.0
ID4728,2015-03-25,16:01:55,Martha,Toaster,yes,yes,119.0,351.0,4.0
ID4729,2015-03-25,16:06:14,Dan,Fridge,yes,yes,25.0,247.0,2.0
ID4730,2015-03-25,16:06:14,Dan,Washing Machine,yes,yes,106.0,221.0,4.0
ID4731,2015-03-25,16:26:24,Diane,Television,yes,yes,29.0,407.0,5.0
ID4732,2015-03-25,16:26:24,Stewart,Fridge,yes,yes,104.0,371.0,5.0
ID4733,2015-03-25,16:39:22,Greg,Fridge,yes,yes,70.0,368.0,4.0
ID4734,2015-03-25,16:39:22,Jim,Toaster,yes,yes,85.0,204.0,4.0
ID4735,2015-03-25,17:35:31,Becky,Washing Machine,no,no,,,
ID4736,2015-03-25,17:35:31,Jim,Washing Machine,yes,yes,61.0,319.0,5.0
ID4737,2015-03-25,17:44:10,Jim,Washing Machine,yes,yes,44.0,328.0,3.0
ID4738,2015-03-25,17:44:10,Stewart,Fridge,yes,yes,40.0,234.0,5.0
ID4739,2015-03-26,09:23:02,Martha,Air Conditioner,yes,yes,15.0,338.0,4.0
ID4740,2015-03-26,09:23:02,Diane,Washing Machine,yes,yes,41.0,170.0,2.0
ID4741,2015-03-26,09:24:29,Dan,Toaster,yes,no,78.0,140.0,4.0
ID4742,2015-03-26,09:24:29,Joe,Television,no,no,,,
ID4743,2015-03-26,09:34:34,Joe,Air Conditioner,yes,yes,46.0,121.0,3.0
ID4744,2015-03-26,09:34:34,Martha,Television,no,no,,,
ID4745,2015-03-26,10:00:29,Dan,Toaster,yes,yes,45.0,339.0,2.0
ID4746,2015-03-26,10:00:29,Stewart,Washing Machine,yes,yes,86.0,342.0,1.0
ID4747,2015-03-26,10:06:14,Diane,Air Conditioner,no,no,,,
ID4748,2015-03-26,10:06:14,Dan,Toaster,yes,no,59.0,140.0,2.0
ID4749,2015-03-26,10:10:34,Joe,Fridge,yes,yes,23.0,293.0,3.0
ID4750,2015-03-26,10:10:34,Jim,Fridge,yes,yes,79.0,225.0,4.0
ID4751,2015-03-26,10:14:53,Stewart,Washing Machine,yes,yes,105.0,385.0,4.0
ID4752,2015-03-26,10:14:53,Martha,Air Conditioner,yes,yes,42.0,54.0,5.0
ID4753,2015-03-26,10:56:38,Becky,Television,yes,yes,20.0,84.0,4.0
ID4754,2015-03-26,10:56:38,Greg,Air Conditioner,yes,yes,48.0,343.0,4.0
ID4755,2015-03-26,11:48:29,Becky,Fridge,yes,yes,29.0,331.0,3.0
ID4756,2015-03-26,11:48:29,Dan,Air Conditioner,yes,yes,49.0,347.0,3.0
ID4757,2015-03-26,11:55:41,Greg,Television,yes,yes,94.0,412.0,5.0
ID4758,2015-03-26,11:55:41,Stewart,Air Conditioner,yes,no,22.0,105.0,4.0
ID4759,2015-03-26,12:01:26,Stewart,Fridge,yes,yes,93.0,253.0,4.0
ID4760,2015-03-26,12:01:26,Martha,Television,yes,yes,56.0,272.0,5.0
ID4761,2015-03-26,12:24:29,Becky,Washing Machine,yes,yes,16.0,349.0,5.0
ID4762,2015-03-26,12:24:29,Diane,Fridge,no,no,,,
ID4763,2015-03-26,12:46:05,Stewart,Washing Machine,yes,yes,124.0,126.0,2.0
ID4764,2015-03-26,12:46:05,Stewart,Television,no,no,,,
ID4765,2015-03-26,12:50:24,Greg,Washing Machine,yes,yes,93.0,87.0,5.0
ID4766,2015-03-26,12:50:24,Diane,Television,yes,yes,10.0,127.0,3.0
ID4767,2015-03-26,12:51:50,Becky,Air Conditioner,yes,no,17.0,122.0,4.0
ID4768,2015-03-26,12:51:50,Dan,Air Conditioner,yes,yes,121.0,59.0,3.0
ID4769,2015-03-26,12:51:50,Martha,Air Conditioner,yes,yes,74.0,152.0,5.0
ID4770,2015-03-26,12:51:50,Greg,Toaster,yes,yes,22.0,34.0,3.0
ID4771,2015-03-26,13:45:07,Jim,Fridge,yes,yes,76.0,363.0,4.0
ID4772,2015-03-26,13:45:07,Jim,Air Conditioner,yes,no,86.0,178.0,5.0
ID4773,2015-03-26,14:38:24,Stewart,Air Conditioner,yes,yes,59.0,45.0,3.0
ID4774,2015-03-26,14:38:24,Becky,Fridge,no,no,,,
ID4775,2015-03-26,14:49:55,Diane,Fridge,yes,yes,57.0,397.0,5.0
ID4776,2015-03-26,14:49:55,Joe,Fridge,yes,yes,92.0,282.0,3.0
ID4777,2015-03-26,15:20:10,Becky,Washing Machine,yes,yes,35.0,176.0,1.0
ID4778,2015-03-26,15:20:10,Joe,Air Conditioner,no,no,,,
ID4779,2015-03-26,15:41:46,Martha,Television,yes,yes,76.0,238.0,5.0
ID4780,2015-03-26,15:41:46,Joe,Washing Machine,yes,yes,110.0,46.0,5.0
ID4781,2015-03-26,15:53:17,Becky,Fridge,yes,yes,125.0,107.0,1.0
ID4782,2015-03-26,15:53:17,Dan,Air Conditioner,yes,yes,44.0,163.0,1.0
ID4783,2015-03-26,16:27:50,Martha,Washing Machine,yes,yes,113.0,224.0,1.0
ID4784,2015-03-26,16:27:50,Becky,Toaster,yes,yes,101.0,296.0,3.0
ID4785,2015-03-26,16:52:19,Diane,Television,yes,yes,27.0,253.0,1.0
ID4786,2015-03-26,16:52:19,Diane,Washing Machine,no,no,,,
ID4787,2015-03-26,17:05:17,Diane,Toaster,yes,no,125.0,170.0,4.0
ID4788,2015-03-26,17:05:17,Becky,Fridge,yes,yes,10.0,135.0,1.0
ID4789,2015-03-26,17:13:55,Dan,Washing Machine,yes,yes,16.0,259.0,4.0
ID4790,2015-03-26,17:13:55,Joe,Washing Machine,yes,yes,85.0,360.0,1.0
ID4791,2015-03-26,17:42:43,Dan,Television,yes,yes,36.0,106.0,4.0
ID4792,2015-03-26,17:42:43,Greg,Washing Machine,yes,yes,96.0,390.0,3.0
ID4793,2015-03-27,09:36:00,Greg,Air Conditioner,yes,yes,19.0,65.0,4.0
ID4794,2015-03-27,09:36:00,Becky,Toaster,yes,no,70.0,121.0,5.0
ID4795,2015-03-27,11:03:50,Greg,Air Conditioner,no,no,,,
ID4796,2015-03-27,11:03:50,Martha,Washing Machine,no,no,,,
ID4797,2015-03-27,11:09:36,Jim,Air Conditioner,no,no,,,
ID4798,2015-03-27,11:09:36,Greg,Washing Machine,yes,yes,88.0,40.0,5.0
ID4799,2015-03-27,11:22:34,Greg,Fridge,yes,yes,23.0,114.0,1.0
ID4800,2015-03-27,11:22:34,Dan,Washing Machine,yes,yes,78.0,152.0,2.0
ID4801,2015-03-27,11:45:36,Jim,Television,yes,yes,100.0,330.0,2.0
ID4802,2015-03-27,11:45:36,Becky,Toaster,yes,yes,124.0,253.0,5.0
ID4803,2015-03-27,11:48:29,Joe,Air Conditioner,yes,yes,73.0,400.0,3.0
ID4804,2015-03-27,11:48:29,Becky,Fridge,yes,yes,94.0,79.0,4.0
ID4805,2015-03-27,12:23:02,Greg,Television,no,no,,,
ID4806,2015-03-27,12:23:02,Greg,Toaster,yes,yes,40.0,230.0,2.0
ID4807,2015-03-27,12:25:55,Martha,Toaster,yes,yes,15.0,87.0,3.0
ID4808,2015-03-27,12:25:55,Becky,Toaster,no,no,,,
ID4809,2015-03-27,12:54:43,Greg,Fridge,yes,yes,104.0,310.0,4.0
ID4810,2015-03-27,12:54:43,Dan,Television,yes,yes,92.0,198.0,3.0
ID4811,2015-03-27,13:23:31,Greg,Toaster,yes,yes,103.0,232.0,5.0
ID4812,2015-03-27,13:23:31,Becky,Toaster,yes,yes,43.0,89.0,4.0
ID4813,2015-03-27,13:30:43,Stewart,Air Conditioner,yes,yes,93.0,57.0,4.0
ID4814,2015-03-27,13:30:43,Joe,Toaster,no,no,,,
ID4815,2015-03-27,14:09:36,Jim,Television,yes,yes,107.0,205.0,3.0
ID4816,2015-03-27,14:09:36,Becky,Toaster,yes,yes,51.0,114.0,3.0
ID4817,2015-03-27,14:19:41,Greg,Toaster,no,no,,,
ID4818,2015-03-27,14:19:41,Jim,Toaster,yes,yes,50.0,293.0,3.0
ID4819,2015-03-27,14:36:58,Dan,Television,yes,yes,68.0,237.0,5.0
ID4820,2015-03-27,14:36:58,Stewart,Toaster,yes,yes,35.0,252.0,4.0
ID4821,2015-03-27,15:17:17,Stewart,Washing Machine,yes,yes,87.0,404.0,1.0
ID4822,2015-03-27,15:17:17,Martha,Television,no,no,,,
ID4823,2015-03-27,15:21:36,Becky,Washing Machine,no,no,,,
ID4824,2015-03-27,15:21:36,Dan,Toaster,yes,yes,79.0,399.0,3.0
ID4825,2015-03-27,15:23:02,Joe,Fridge,yes,yes,28.0,178.0,1.0
ID4826,2015-03-27,15:23:02,Greg,Washing Machine,yes,yes,82.0,199.0,5.0
ID4827,2015-03-27,15:36:00,Dan,Television,yes,yes,56.0,126.0,3.0
ID4828,2015-03-27,15:36:00,Becky,Toaster,yes,yes,102.0,376.0,4.0
ID4829,2015-03-27,15:43:12,Diane,Air Conditioner,no,no,,,
ID4830,2015-03-27,15:43:12,Joe,Fridge,yes,yes,11.0,351.0,5.0
ID4831,2015-03-27,15:46:05,Joe,Toaster,yes,yes,76.0,271.0,1.0
ID4832,2015-03-27,15:46:05,Dan,Toaster,yes,yes,69.0,333.0,5.0
ID4833,2015-03-27,15:51:50,Stewart,Fridge,yes,no,108.0,413.0,3.0
ID4834,2015-03-27,15:51:50,Becky,Air Conditioner,yes,yes,47.0,159.0,3.0
ID4835,2015-03-27,15:53:17,Joe,Fridge,yes,no,51.0,315.0,3.0
ID4836,2015-03-27,15:53:17,Dan,Air Conditioner,yes,yes,57.0,208.0,3.0
ID4837,2015-03-27,16:16:19,Stewart,Air Conditioner,yes,no,67.0,410.0,4.0
ID4838,2015-03-27,16:16:19,Diane,Television,yes,no,22.0,368.0,4.0
ID4839,2015-03-27,16:16:19,Martha,Toaster,yes,yes,23.0,103.0,2.0
ID4840,2015-03-27,16:16:19,Dan,Fridge,yes,yes,88.0,111.0,4.0
ID4841,2015-03-27,16:26:24,Martha,Air Conditioner,yes,yes,44.0,368.0,3.0
ID4842,2015-03-27,16:26:24,Joe,Television,yes,yes,111.0,249.0,4.0
ID4843,2015-03-27,16:50:53,Jim,Fridge,no,no,,,
ID4844,2015-03-27,16:50:53,Diane,Fridge,yes,yes,61.0,373.0,4.0
ID4845,2015-03-27,16:58:05,Martha,Toaster,yes,yes,108.0,210.0,4.0
ID4846,2015-03-27,16:58:05,Stewart,Washing Machine,no,no,,,
ID4847,2015-03-27,17:15:22,Stewart,Television,yes,yes,57.0,260.0,5.0
ID4848,2015-03-27,17:15:22,Becky,Air Conditioner,yes,yes,55.0,254.0,4.0
ID4849,2015-03-27,17:35:31,Martha,Air Conditioner,yes,no,35.0,209.0,4.0
ID4850,2015-03-27,17:35:31,Jim,Washing Machine,yes,yes,28.0,158.0,4.0
ID4851,2015-03-28,09:12:58,Dan,Television,yes,yes,13.0,124.0,3.0
ID4852,2015-03-28,09:12:58,Jim,Fridge,yes,yes,37.0,64.0,2.0
ID4853,2015-03-28,09:38:53,Dan,Air Conditioner,yes,yes,99.0,276.0,3.0
ID4854,2015-03-28,09:38:53,Joe,Air Conditioner,yes,no,89.0,243.0,1.0
ID4855,2015-03-28,10:26:24,Dan,Fridge,yes,no,22.0,177.0,5.0
ID4856,2015-03-28,10:26:24,Martha,Air Conditioner,no,no,,,
ID4857,2015-03-28,11:03:50,Diane,Toaster,yes,yes,32.0,48.0,4.0
ID4858,2015-03-28,11:03:50,Becky,Toaster,no,no,,,
ID4859,2015-03-28,11:28:19,Greg,Toaster,yes,yes,88.0,86.0,3.0
ID4860,2015-03-28,11:28:19,Stewart,Air Conditioner,no,no,,,
ID4861,2015-03-28,11:29:46,Diane,Washing Machine,yes,yes,29.0,182.0,3.0
ID4862,2015-03-28,11:29:46,Joe,Fridge,yes,yes,32.0,122.0,3.0
ID4863,2015-03-28,12:47:31,Jim,Washing Machine,yes,yes,16.0,236.0,1.0
ID4864,2015-03-28,12:47:31,Becky,Air Conditioner,yes,yes,79.0,201.0,1.0
ID4865,2015-03-28,13:04:48,Becky,Fridge,yes,yes,23.0,51.0,1.0
ID4866,2015-03-28,13:04:48,Jim,Air Conditioner,yes,no,94.0,358.0,5.0
ID4867,2015-03-28,13:06:14,Joe,Fridge,yes,yes,39.0,368.0,4.0
ID4868,2015-03-28,13:06:14,Greg,Television,yes,yes,12.0,35.0,2.0
ID4869,2015-03-28,13:37:55,Stewart,Television,yes,yes,54.0,110.0,3.0
ID4870,2015-03-28,13:37:55,Joe,Fridge,no,no,,,
ID4871,2015-03-28,15:12:58,Dan,Air Conditioner,yes,no,70.0,240.0,5.0
ID4872,2015-03-28,15:12:58,Martha,Television,yes,yes,123.0,87.0,2.0
ID4873,2015-03-28,16:01:55,Stewart,Air Conditioner,yes,yes,27.0,177.0,1.0
ID4874,2015-03-28,16:01:55,Dan,Toaster,yes,yes,112.0,220.0,5.0
ID4875,2015-03-28,16:04:48,Diane,Air Conditioner,no,no,,,
ID4876,2015-03-28,16:04:48,Dan,Toaster,no,no,,,
ID4877,2015-03-28,16:58:05,Becky,Toaster,yes,yes,119.0,303.0,1.0
ID4878,2015-03-28,16:58:05,Stewart,Washing Machine,yes,yes,18.0,266.0,4.0
ID4879,2015-03-28,17:05:17,Diane,Toaster,yes,yes,24.0,50.0,3.0
ID4880,2015-03-28,17:05:17,Joe,Washing Machine,yes,yes,70.0,198.0,3.0
ID4881,2015-03-28,17:09:36,Greg,Fridge,no,no,,,
ID4882,2015-03-28,17:09:36,Greg,Television,yes,yes,120.0,377.0,2.0
ID4883,2015-03-28,17:19:41,Jim,Air Conditioner,yes,yes,46.0,248.0,3.0
ID4884,2015-03-28,17:19:41,Greg,Toaster,yes,yes,10.0,152.0,2.0
ID4885,2015-03-28,17:52:48,Dan,Washing Machine,yes,yes,32.0,47.0,3.0
ID4886,2015-03-28,17:52:48,Stewart,Television,yes,yes,16.0,82.0,4.0
ID4887,2015-03-28,17:58:34,Joe,Toaster,yes,yes,64.0,255.0,3.0
ID4888,2015-03-28,17:58:34,Diane,Washing Machine,yes,yes,103.0,391.0,5.0
ID4889,2015-03-29,09:11:31,Martha,Fridge,yes,yes,109.0,380.0,5.0
ID4890,2015-03-29,09:11:31,Martha,Air Conditioner,yes,yes,61.0,162.0,5.0
ID4891,2015-03-29,09:50:24,Martha,Television,no,no,,,
ID4892,2015-03-29,09:50:24,Joe,Toaster,yes,yes,23.0,192.0,5.0
ID4893,2015-03-29,10:04:48,Diane,Washing Machine,yes,yes,63.0,182.0,4.0
ID4894,2015-03-29,10:04:48,Diane,Washing Machine,yes,yes,117.0,366.0,5.0
ID4895,2015-03-29,10:39:22,Stewart,Air Conditioner,yes,yes,122.0,340.0,1.0
ID4896,2015-03-29,10:39:22,Martha,Air Conditioner,no,no,,,
ID4897,2015-03-29,10:45:07,Becky,Fridge,yes,yes,77.0,90.0,4.0
ID4898,2015-03-29,10:45:07,Diane,Washing Machine,yes,yes,93.0,290.0,2.0
ID4899,2015-03-29,10:49:26,Stewart,Air Conditioner,yes,yes,53.0,333.0,2.0
ID4900,2015-03-29,10:49:26,Greg,Air Conditioner,no,no,,,
ID4901,2015-03-29,11:05:17,Martha,Air Conditioner,yes,yes,27.0,419.0,2.0
ID4902,2015-03-29,11:05:17,Martha,Toaster,yes,yes,111.0,63.0,5.0
ID4903,2015-03-29,11:12:29,Stewart,Toaster,yes,yes,87.0,230.0,3.0
ID4904,2015-03-29,11:12:29,Martha,Washing Machine,yes,yes,78.0,31.0,4.0
ID4905,2015-03-29,11:34:05,Greg,Washing Machine,yes,yes,78.0,185.0,1.0
ID4906,2015-03-29,11:34:05,Martha,Washing Machine,yes,yes,116.0,295.0,3.0
ID4907,2015-03-29,11:52:48,Stewart,Air Conditioner,yes,yes,84.0,112.0,3.0
ID4908,2015-03-29,11:52:48,Becky,Fridge,yes,yes,44.0,153.0,2.0
ID4909,2015-03-29,12:00:00,Jim,Washing Machine,yes,no,121.0,334.0,3.0
ID4910,2015-03-29,12:00:00,Jim,Toaster,yes,yes,92.0,61.0,3.0
ID4911,2015-03-29,12:59:02,Stewart,Washing Machine,yes,yes,83.0,155.0,3.0
ID4912,2015-03-29,12:59:02,Stewart,Washing Machine,yes,yes,12.0,82.0,4.0
ID4913,2015-03-29,13:01:55,Dan,Fridge,yes,no,27.0,126.0,3.0
ID4914,2015-03-29,13:01:55,Jim,Television,yes,yes,56.0,117.0,3.0
ID4915,2015-03-29,13:30:43,Stewart,Television,yes,yes,45.0,403.0,4.0
ID4916,2015-03-29,13:30:43,Becky,Television,no,no,,,
ID4917,2015-03-29,13:45:07,Becky,Air Conditioner,no,no,,,
ID4918,2015-03-29,13:45:07,Becky,Fridge,yes,yes,91.0,30.0,4.0
ID4919,2015-03-29,13:59:31,Joe,Air Conditioner,yes,yes,84.0,157.0,1.0
ID4920,2015-03-29,13:59:31,Joe,Toaster,yes,yes,15.0,166.0,1.0
ID4921,2015-03-29,14:42:43,Joe,Air Conditioner,yes,yes,31.0,346.0,5.0
ID4922,2015-03-29,14:42:43,Jim,Air Conditioner,yes,yes,100.0,327.0,4.0
ID4923,2015-03-29,14:52:48,Jim,Fridge,yes,yes,75.0,214.0,3.0
ID4924,2015-03-29,14:52:48,Becky,Washing Machine,no,no,,,
ID4925,2015-03-29,14:58:34,Becky,Fridge,yes,yes,47.0,250.0,5.0
ID4926,2015-03-29,14:58:34,Dan,Television,no,no,,,
ID4927,2015-03-29,15:04:19,Dan,Air Conditioner,yes,yes,73.0,194.0,3.0
ID4928,2015-03-29,15:04:19,Jim,Television,yes,yes,33.0,221.0,3.0
ID4929,2015-03-29,15:05:46,Joe,Fridge,no,no,,,
ID4930,2015-03-29,15:05:46,Stewart,Washing Machine,yes,yes,103.0,294.0,1.0
ID4931,2015-03-29,15:11:31,Becky,Washing Machine,yes,yes,75.0,188.0,4.0
ID4932,2015-03-29,15:11:31,Diane,Toaster,yes,yes,65.0,185.0,4.0
ID4933,2015-03-29,15:11:31,Joe,Television,yes,yes,110.0,372.0,3.0
ID4934,2015-03-29,15:11:31,Diane,Toaster,yes,yes,109.0,253.0,5.0
ID4935,2015-03-29,15:36:00,Becky,Air Conditioner,yes,yes,96.0,318.0,5.0
ID4936,2015-03-29,15:36:00,Jim,Washing Machine,yes,yes,80.0,37.0,4.0
ID4937,2015-03-29,15:40:19,Jim,Television,yes,yes,82.0,127.0,4.0
ID4938,2015-03-29,15:40:19,Stewart,Fridge,yes,no,26.0,56.0,2.0
ID4939,2015-03-29,15:43:12,Dan,Washing Machine,yes,yes,109.0,206.0,2.0
ID4940,2015-03-29,15:43:12,Joe,Air Conditioner,yes,no,27.0,407.0,1.0
ID4941,2015-03-29,15:44:38,Dan,Air Conditioner,yes,yes,63.0,195.0,5.0
ID4942,2015-03-29,15:44:38,Martha,Fridge,no,no,,,
ID4943,2015-03-29,16:10:34,Jim,Washing Machine,yes,yes,76.0,247.0,4.0
ID4944,2015-03-29,16:10:34,Dan,Fridge,yes,yes,91.0,419.0,3.0
ID4945,2015-03-29,16:48:00,Diane,Washing Machine,yes,yes,68.0,237.0,4.0
ID4946,2015-03-29,16:48:00,Joe,Television,yes,yes,123.0,182.0,4.0
ID4947,2015-03-29,17:57:07,Greg,Fridge,yes,yes,74.0,367.0,3.0
ID4948,2015-03-29,17:57:07,Joe,Washing Machine,no,no,,,
ID4949,2015-03-30,09:05:46,Jim,Toaster,yes,yes,92.0,72.0,2.0
ID4950,2015-03-30,09:21:36,Diane,Toaster,yes,yes,108.0,73.0,3.0
ID4951,2015-03-30,09:25:55,Becky,Washing Machine,yes,yes,63.0,181.0,5.0
ID4952,2015-03-30,11:24:00,Diane,Fridge,yes,yes,120.0,211.0,3.0
ID4953,2015-03-30,11:24:00,Jim,Television,yes,yes,50.0,320.0,3.0
ID4954,2015-03-30,12:01:26,Dan,Television,no,no,,,
ID4955,2015-03-30,12:04:19,Joe,Fridge,yes,yes,18.0,258.0,3.0
ID4956,2015-03-30,12:30:14,Stewart,Fridge,no,no,,,
ID4957,2015-03-30,12:36:00,Dan,Fridge,yes,yes,114.0,413.0,4.0
ID4958,2015-03-30,12:46:05,Becky,Toaster,yes,no,116.0,184.0,4.0
ID4959,2015-03-30,13:27:50,Diane,Toaster,yes,yes,124.0,260.0,4.0
ID4960,2015-03-30,13:33:36,Martha,Washing Machine,yes,yes,27.0,271.0,5.0
ID4961,2015-03-30,13:50:53,Dan,Washing Machine,no,no,,,
ID4962,2015-03-30,15:08:38,Jim,Television,no,no,,,
ID4963,2015-03-30,15:36:00,Greg,Fridge,yes,no,22.0,285.0,4.0
ID4964,2015-03-30,15:46:05,Diane,Air Conditioner,yes,yes,55.0,323.0,2.0
ID4965,2015-03-30,15:50:24,Becky,Fridge,no,no,,,
ID4966,2015-03-30,16:04:48,Jim,Television,no,no,,,
ID4967,2015-03-30,16:13:26,Joe,Washing Machine,no,no,,,
ID4968,2015-03-30,16:29:17,Jim,Air Conditioner,no,no,,,
ID4969,2015-03-30,16:32:10,Greg,Air Conditioner,yes,yes,105.0,293.0,4.0
ID4970,2015-03-30,16:46:34,Dan,Air Conditioner,yes,yes,41.0,125.0,5.0
ID4971,2015-03-30,17:13:55,Greg,Television,no,no,,,
ID4972,2015-03-30,17:25:26,Joe,Washing Machine,yes,yes,42.0,34.0,5.0
ID4973,2015-03-30,17:36:58,Joe,Fridge,yes,yes,103.0,143.0,3.0
ID4974,2015-03-31,09:01:26,Martha,Toaster,yes,yes,124.0,384.0,3.0
ID4975,2015-03-31,09:10:05,Dan,Air Conditioner,yes,yes,102.0,146.0,5.0
ID4976,2015-03-31,09:20:10,Martha,Air Conditioner,yes,yes,87.0,417.0,4.0
ID4977,2015-03-31,09:24:29,Greg,Television,yes,yes,40.0,175.0,4.0
ID4978,2015-03-31,10:13:26,Greg,Washing Machine,yes,yes,94.0,39.0,4.0
ID4979,2015-03-31,10:39:22,Greg,Air Conditioner,no,no,,,
ID4980,2015-03-31,10:49:26,Becky,Fridge,yes,yes,37.0,258.0,5.0
ID4981,2015-03-31,11:08:10,Becky,Fridge,yes,yes,23.0,287.0,4.0
ID4982,2015-03-31,11:21:07,Jim,Washing Machine,yes,yes,80.0,154.0,3.0
ID4983,2015-03-31,11:32:38,Stewart,Toaster,yes,yes,81.0,288.0,1.0
ID4984,2015-03-31,11:36:58,Joe,Washing Machine,yes,yes,53.0,186.0,4.0
ID4985,2015-03-31,12:50:24,Jim,Toaster,no,no,,,
ID4986,2015-03-31,12:50:24,Diane,Television,yes,no,55.0,120.0,1.0
ID4987,2015-03-31,13:01:55,Stewart,Toaster,yes,no,10.0,145.0,4.0
ID4988,2015-03-31,13:19:12,Stewart,Washing Machine,yes,yes,14.0,332.0,4.0
ID4989,2015-03-31,13:22:05,Martha,Washing Machine,yes,yes,62.0,348.0,5.0
ID4990,2015-03-31,13:42:14,Becky,Toaster,yes,yes,122.0,298.0,4.0
ID4991,2015-03-31,13:46:34,Stewart,Television,yes,yes,73.0,386.0,1.0
ID4992,2015-03-31,14:13:55,Joe,Television,no,no,,,
ID4993,2015-03-31,14:18:14,Joe,Fridge,no,no,,,
ID4994,2015-03-31,14:58:34,Greg,Washing Machine,no,no,,,
ID4995,2015-03-31,15:33:07,Dan,Toaster,no,no,,,
ID4996,2015-03-31,16:37:55,Jim,Toaster,yes,yes,22.0,340.0,1.0
ID4997,2015-03-31,16:45:07,Diane,Toaster,yes,yes,100.0,196.0,3.0
ID4998,2015-03-31,16:53:46,Diane,Toaster,yes,yes,84.0,108.0,4.0
ID4999,2015-03-31,17:02:24,Jim,Television,yes,yes,98.0,58.0,5.0
ID5000,2015-03-31,17:39:50,Diane,Washing Machine,no,no,,,
